Date,High,Low,Open,Close,Volume,Adj Close,Name
2012-06-18,35.65439987182617,34.83470153808594,34.99290084838867,35.61600112915039,11029627.0,35.61600112915039,TWX
2012-06-19,35.95159912109375,35.524898529052734,35.817298889160156,35.78860092163086,8620891.0,35.78860092163086,TWX
2012-06-20,36.047401428222656,35.26129913330078,35.79819869995117,35.5968017578125,6208459.0,35.5968017578125,TWX
2012-06-21,35.865299224853516,35.42430114746094,35.740699768066406,35.73109817504883,9402484.0,35.73109817504883,TWX
2012-06-22,36.018699645996094,35.60639953613281,35.8557014465332,35.94200134277344,7909233.0,35.94200134277344,TWX
2012-06-25,35.66400146484375,35.060001373291016,35.529701232910156,35.1078987121582,7171250.0,35.1078987121582,TWX
2012-06-26,35.721500396728516,35.07429885864258,35.17499923706055,35.61600112915039,5578199.0,35.61600112915039,TWX
2012-06-27,36.5172004699707,35.60639953613281,35.702301025390625,36.43090057373047,7680473.0,36.43090057373047,TWX
2012-06-28,36.402198791503906,35.91320037841797,36.114498138427734,36.30630111694336,10125703.0,36.30630111694336,TWX
2012-06-29,36.910301208496094,36.454898834228516,36.69940185546875,36.910301208496094,7086079.0,36.910301208496094,TWX
2012-07-02,37.15950012207031,36.76649856567383,36.919898986816406,37.150001525878906,4785612.0,37.150001525878906,TWX
2012-07-03,37.34170150756836,36.900699615478516,37.044498443603516,37.23619842529297,2445228.0,37.23619842529297,TWX
2012-07-05,37.16910171508789,36.69459915161133,37.0349006652832,36.708900451660156,5908314.0,36.708900451660156,TWX
2012-07-06,37.04930114746094,36.42129898071289,36.42129898071289,36.99660110473633,6085784.0,36.99660110473633,TWX
2012-07-09,36.881500244140625,36.42129898071289,36.84320068359375,36.536399841308594,5178975.0,36.536399841308594,TWX
2012-07-10,36.76649856567383,35.95159912109375,36.565101623535156,36.17210006713867,6629566.0,36.17210006713867,TWX
2012-07-11,36.65140151977539,36.114498138427734,36.200801849365234,36.526798248291016,7760078.0,36.526798248291016,TWX
2012-07-12,36.46929931640625,35.884498596191406,36.191200256347656,36.15290069580078,4792466.0,36.15290069580078,TWX
2012-07-13,36.67060089111328,36.258399963378906,36.258399963378906,36.61309814453125,4811126.0,36.61309814453125,TWX
2012-07-16,36.64179992675781,36.344600677490234,36.555599212646484,36.54600143432617,4015220.0,36.54600143432617,TWX
2012-07-17,37.27939987182617,36.57469940185547,36.57469940185547,37.13079833984375,6418045.0,37.13079833984375,TWX
2012-07-18,37.37049865722656,36.74729919433594,36.94860076904297,37.31290054321289,7019914.0,37.31290054321289,TWX
2012-07-19,37.85940170288086,37.26499938964844,37.293800354003906,37.523799896240234,8791638.0,37.523799896240234,TWX
2012-07-20,37.76350021362305,37.01570129394531,37.38959884643555,37.255401611328125,8397959.0,37.255401611328125,TWX
2012-07-23,36.81439971923828,35.55849838256836,36.776100158691406,35.94200134277344,13752473.0,35.94200134277344,TWX
2012-07-24,36.41170120239258,35.42430114746094,35.740699768066406,36.31589889526367,11499844.0,36.31589889526367,TWX
2012-07-25,37.27939987182617,36.26789855957031,36.392601013183594,36.95819854736328,9843775.0,36.95819854736328,TWX
2012-07-26,37.58140182495117,36.74729919433594,37.45669937133789,36.76649856567383,8930646.0,36.76649856567383,TWX
2012-07-27,37.61970138549805,36.934200286865234,37.044498443603516,37.37049865722656,5899077.0,37.37049865722656,TWX
2012-07-30,37.50469970703125,36.8911018371582,37.3224983215332,36.98699951171875,7477968.0,36.98699951171875,TWX
2012-07-31,37.773101806640625,36.8911018371582,37.044498443603516,37.50469970703125,10473117.0,37.50469970703125,TWX
2012-08-01,38.28120040893555,36.392601013183594,37.380001068115234,37.964900970458984,15180094.0,37.964900970458984,TWX
2012-08-02,39.268699645996094,37.24580001831055,37.3224983215332,38.990699768066406,19167788.0,38.990699768066406,TWX
2012-08-03,39.68090057373047,38.81809997558594,38.98109817504883,39.6713981628418,14352048.0,39.6713981628418,TWX
2012-08-06,40.10279846191406,39.144100189208984,39.2495002746582,39.89189910888672,10645356.0,39.89189910888672,TWX
2012-08-07,40.23699951171875,39.90140151977539,40.160301208496094,40.20819854736328,10908222.0,40.20819854736328,TWX
2012-08-08,40.5629997253418,39.805599212646484,39.97809982299805,40.5629997253418,8449457.0,40.5629997253418,TWX
2012-08-09,40.8026008605957,40.39039993286133,40.41910171508789,40.792999267578125,7883910.0,40.792999267578125,TWX
2012-08-10,41.13819885253906,40.49580001831055,40.543800354003906,41.12860107421875,8106638.0,41.12860107421875,TWX
2012-08-13,40.984798431396484,40.60129928588867,40.75469970703125,40.90810012817383,6948593.0,40.90810012817383,TWX
2012-08-14,40.95600128173828,40.51499938964844,40.95600128173828,40.65879821777344,13402114.0,40.65879821777344,TWX
2012-08-15,41.03269958496094,40.65879821777344,40.697200775146484,40.92729949951172,6277927.0,40.92729949951172,TWX
2012-08-16,41.023101806640625,40.74509811401367,41.023101806640625,40.76430130004883,6187445.0,40.76430130004883,TWX
2012-08-17,41.11899948120117,40.75469970703125,40.97520065307617,40.85060119628906,5884477.0,40.85060119628906,TWX
2012-08-20,41.27239990234375,40.7067985534668,40.792999267578125,40.97520065307617,10397982.0,40.97520065307617,TWX
2012-08-21,41.2244987487793,40.40959930419922,41.061500549316406,40.4286994934082,6691434.0,40.4286994934082,TWX
2012-08-22,40.6348991394043,40.22740173339844,40.47669982910156,40.447898864746094,5518840.0,40.447898864746094,TWX
2012-08-23,40.38079833984375,39.9109992980957,40.275299072265625,40.07400131225586,5569672.0,40.07400131225586,TWX
2012-08-24,40.63959884643555,40.04520034790039,40.19860076904297,40.35200119018555,5390775.0,40.35200119018555,TWX
2012-08-27,40.47679901123047,40.08359909057617,40.24660110473633,40.131500244140625,4915456.0,40.131500244140625,TWX
2012-08-28,40.19860076904297,39.685699462890625,40.08359909057617,39.81520080566406,7326238.0,39.81520080566406,TWX
2012-08-29,40.400001525878906,39.43170166015625,39.613800048828125,40.12189865112305,8525384.0,40.12189865112305,TWX
2012-08-30,40.09320068359375,39.55630111694336,39.89189910888672,39.7672004699707,8572287.0,39.7672004699707,TWX
2012-08-31,40.20819854736328,39.72890090942383,39.84389877319336,39.83430099487305,7264532.0,39.83430099487305,TWX
2012-09-04,39.882301330566406,39.33580017089844,39.776798248291016,39.642601013183594,6058397.0,39.642601013183594,TWX
2012-09-05,40.95600128173828,40.08359909057617,40.1411018371582,40.505401611328125,10470987.0,40.505401611328125,TWX
2012-09-06,41.52170181274414,40.649200439453125,40.65879821777344,41.43539810180664,9500345.0,41.43539810180664,TWX
2012-09-07,42.020198822021484,41.4640998840332,41.4640998840332,41.8380012512207,8361419.0,41.8380012512207,TWX
2012-09-10,42.02980041503906,41.29159927368164,41.751800537109375,41.29159927368164,5774103.0,41.29159927368164,TWX
2012-09-11,41.39699935913086,40.89849853515625,41.186100006103516,41.26279830932617,5289882.0,41.26279830932617,TWX
2012-09-12,41.53120040893555,41.205299377441406,41.53120040893555,41.29159927368164,5071490.0,41.29159927368164,TWX
2012-09-13,42.6432991027832,41.234100341796875,41.29159927368164,42.4995002746582,10199005.0,42.4995002746582,TWX
2012-09-14,43.20899963378906,42.1161003112793,42.30780029296875,42.86389923095703,8185788.0,42.86389923095703,TWX
2012-09-17,43.19940185546875,42.58580017089844,42.758399963378906,43.0172004699707,9559018.0,43.0172004699707,TWX
2012-09-18,43.16109848022461,42.720001220703125,42.80630111694336,43.0172004699707,7653695.0,43.0172004699707,TWX
2012-09-19,43.83209991455078,42.81589889526367,42.99810028076172,43.63079833984375,9483596.0,43.63079833984375,TWX
2012-09-20,43.918399810791016,43.419898986816406,43.429500579833984,43.89929962158203,6355442.0,43.89929962158203,TWX
2012-09-21,44.63750076293945,43.966400146484375,44.27320098876953,44.00469970703125,9455638.0,44.00469970703125,TWX
2012-09-24,44.20600128173828,43.717098236083984,43.87049865722656,43.928001403808594,5790084.0,43.928001403808594,TWX
2012-09-25,44.215599060058594,43.132301330566406,43.80339813232422,43.132301330566406,8225022.0,43.132301330566406,TWX
2012-09-26,43.055599212646484,42.48040008544922,43.055599212646484,42.79669952392578,7778298.0,42.79669952392578,TWX
2012-09-27,43.8129997253418,43.0172004699707,43.14189910888672,43.50619888305664,5287565.0,43.50619888305664,TWX
2012-09-28,43.80820083618164,43.10350036621094,43.37200164794922,43.4630012512207,7243241.0,43.4630012512207,TWX
2012-10-01,44.090999603271484,43.50619888305664,43.554100036621094,43.62120056152344,4927750.0,43.62120056152344,TWX
2012-10-02,43.90879821777344,43.2952995300293,43.65959930419922,43.429500579833984,6110439.0,43.429500579833984,TWX
2012-10-03,44.1869010925293,43.650001525878906,43.650001525878906,43.90879821777344,6305694.0,43.90879821777344,TWX
2012-10-04,44.13890075683594,43.38159942626953,43.3911018371582,43.937599182128906,6254480.0,43.937599182128906,TWX
2012-10-05,44.455299377441406,43.937599182128906,44.062198638916016,44.27320098876953,5672102.0,44.27320098876953,TWX
2012-10-08,44.579898834228516,44.071800231933594,44.27320098876953,44.579898834228516,5033076.0,44.579898834228516,TWX
2012-10-09,44.66619873046875,43.6692008972168,44.579898834228516,43.67879867553711,5229928.0,43.67879867553711,TWX
2012-10-10,43.80339813232422,43.42470169067383,43.6692008972168,43.46780014038086,4761398.0,43.46780014038086,TWX
2012-10-11,43.87049865722656,42.9213981628418,43.87049865722656,43.1515007019043,5640704.0,43.1515007019043,TWX
2012-10-12,43.56370162963867,42.99810028076172,43.06520080566406,43.19940185546875,4939019.0,43.19940185546875,TWX
2012-10-15,43.328800201416016,42.614601135253906,43.19940185546875,43.11309814453125,6473077.0,43.11309814453125,TWX
2012-10-16,43.592498779296875,43.20899963378906,43.22819900512695,43.419898986816406,5464438.0,43.419898986816406,TWX
2012-10-17,44.03350067138672,43.410301208496094,44.03350067138672,43.774600982666016,6457988.0,43.774600982666016,TWX
2012-10-18,44.234798431396484,43.12269973754883,43.12269973754883,43.98550033569336,3994662.0,43.98550033569336,TWX
2012-10-19,44.00469970703125,42.79669952392578,43.89929962158203,43.074798583984375,6581733.0,43.074798583984375,TWX
2012-10-22,43.448699951171875,42.85430145263672,43.08440017700195,43.132301330566406,5295104.0,43.132301330566406,TWX
2012-10-23,42.47079849243164,42.06330108642578,42.44200134277344,42.202301025390625,7901331.0,42.202301025390625,TWX
2012-10-24,42.394100189208984,42.06809997558594,42.269500732421875,42.19279861450195,5627087.0,42.19279861450195,TWX
2012-10-25,42.537899017333984,41.703800201416016,42.45159912109375,41.79010009765625,5245010.0,41.79010009765625,TWX
2012-10-26,41.93389892578125,41.40660095214844,41.54079818725586,41.8380012512207,5186405.0,41.8380012512207,TWX
2012-10-31,42.2598991394043,41.166900634765625,42.2598991394043,41.67509841918945,6556963.0,41.67509841918945,TWX
2012-11-01,42.21189880371094,41.61750030517578,41.866798400878906,41.99140167236328,6854273.0,41.99140167236328,TWX
2012-11-02,42.394100189208984,41.39699935913086,42.30780029296875,41.56959915161133,8932203.0,41.56959915161133,TWX
2012-11-05,41.502498626708984,40.85060119628906,41.234100341796875,41.26279830932617,7708275.0,41.26279830932617,TWX
2012-11-06,41.703800201416016,40.85060119628906,41.4640998840332,41.329898834228516,7015865.0,41.329898834228516,TWX
2012-11-07,43.37200164794922,41.66550064086914,41.732601165771484,43.055599212646484,13926843.0,43.055599212646484,TWX
2012-11-08,43.52539825439453,42.269500732421875,43.06520080566406,42.30780029296875,9428836.0,42.30780029296875,TWX
2012-11-09,43.132301330566406,42.04899978637695,42.202301025390625,42.82550048828125,6720526.0,42.82550048828125,TWX
2012-11-12,42.930999755859375,42.374900817871094,42.882999420166016,42.80630111694336,4809789.0,42.80630111694336,TWX
2012-11-13,43.055599212646484,42.4900016784668,42.57619857788086,42.768001556396484,5823828.0,42.768001556396484,TWX
2012-11-14,43.055599212646484,42.19279861450195,42.8734016418457,42.27899932861328,5931842.0,42.27899932861328,TWX
2012-11-15,42.758399963378906,41.9723014831543,42.33660125732422,42.221500396728516,6378573.0,42.221500396728516,TWX
2012-11-16,42.90800094604492,42.08729934692383,42.221500396728516,42.85430145263672,7695169.0,42.85430145263672,TWX
2012-11-19,43.410301208496094,42.86389923095703,42.95970153808594,43.410301208496094,6133797.0,43.410301208496094,TWX
2012-11-20,44.00469970703125,43.31439971923828,43.47740173339844,43.74589920043945,6146373.0,43.74589920043945,TWX
2012-11-21,43.73630142211914,43.09389877319336,43.72669982910156,43.11309814453125,6980281.0,43.11309814453125,TWX
2012-11-23,44.24440002441406,43.31439971923828,44.03350067138672,44.24440002441406,3996672.0,44.24440002441406,TWX
2012-11-26,44.61830139160156,43.87049865722656,43.928001403808594,44.599098205566406,4657519.0,44.599098205566406,TWX
2012-11-27,44.87710189819336,44.22520065307617,44.436100006103516,44.67580032348633,7881168.0,44.67580032348633,TWX
2012-11-28,45.05929946899414,44.11980056762695,44.234798431396484,45.04970169067383,7293519.0,45.04970169067383,TWX
2012-11-29,45.447601318359375,44.97779846191406,45.08810043334961,45.097599029541016,7575576.0,45.097599029541016,TWX
2012-11-30,45.43320083618164,44.963401794433594,45.04010009765625,45.346900939941406,7001502.0,45.346900939941406,TWX
2012-12-03,45.67290115356445,44.858001708984375,45.41400146484375,44.86759948730469,6927335.0,44.86759948730469,TWX
2012-12-04,45.04970169067383,44.484100341796875,45.001800537109375,44.77170181274414,8939230.0,44.77170181274414,TWX
2012-12-05,44.87710189819336,44.10060119628906,44.87710189819336,44.14849853515625,12487959.0,44.14849853515625,TWX
2012-12-06,44.65660095214844,43.98550033569336,44.20600128173828,44.647098541259766,10034714.0,44.647098541259766,TWX
2012-12-07,44.91550064086914,44.484100341796875,44.484100341796875,44.881900787353516,6244236.0,44.881900787353516,TWX
2012-12-10,45.107200622558594,44.65660095214844,44.71419906616211,44.7046012878418,6244323.0,44.7046012878418,TWX
2012-12-11,45.21269989013672,44.71419906616211,44.86759948730469,45.18389892578125,5446245.0,45.18389892578125,TWX
2012-12-12,45.92210006713867,45.23189926147461,45.31809997558594,45.30860137939453,7650067.0,45.30860137939453,TWX
2012-12-13,45.40919876098633,44.56079864501953,45.097599029541016,44.76210021972656,5542572.0,44.76210021972656,TWX
2012-12-14,45.18389892578125,44.56079864501953,44.7046012878418,44.83879852294922,6366360.0,44.83879852294922,TWX
2012-12-17,45.97010040283203,44.972999572753906,44.972999572753906,45.96049880981445,6418612.0,45.96049880981445,TWX
2012-12-18,46.535701751708984,45.73040008544922,45.90299987792969,46.161800384521484,8389633.0,46.161800384521484,TWX
2012-12-19,46.27690124511719,45.67290115356445,46.23849868774414,45.67290115356445,5979100.0,45.67290115356445,TWX
2012-12-20,46.29600143432617,45.56740188598633,45.74959945678711,46.26729965209961,6814279.0,46.26729965209961,TWX
2012-12-21,46.132999420166016,45.394798278808594,45.96049880981445,45.60580062866211,8531060.0,45.60580062866211,TWX
2012-12-24,45.77830123901367,45.394798278808594,45.538700103759766,45.490699768066406,1962220.0,45.490699768066406,TWX
2012-12-26,45.83580017089844,45.2223014831543,45.55780029296875,45.519500732421875,3951818.0,45.519500732421875,TWX
2012-12-27,45.615299224853516,44.77170181274414,45.490699768066406,45.46200180053711,4319243.0,45.46200180053711,TWX
2012-12-28,45.538700103759766,44.982601165771484,45.08810043334961,44.9921989440918,3912580.0,44.9921989440918,TWX
2012-12-31,45.89820098876953,44.80039978027344,44.8484001159668,45.85499954223633,6564020.0,45.85499954223633,TWX
2013-01-02,47.705299377441406,46.6890983581543,46.698699951171875,47.705299377441406,8520662.0,47.705299377441406,TWX
2013-01-03,47.897098541259766,47.417701721191406,47.5806999206543,47.7244987487793,6020480.0,47.7244987487793,TWX
2013-01-04,47.877899169921875,47.22600173950195,47.74369812011719,47.33140182495117,6235241.0,47.33140182495117,TWX
2013-01-07,47.178001403808594,46.5452995300293,47.05339813232422,47.091800689697266,5159763.0,47.091800689697266,TWX
2013-01-08,48.079200744628906,46.83290100097656,47.043800354003906,48.079200744628906,9364757.0,48.079200744628906,TWX
2013-01-09,48.20389938354492,47.35060119628906,48.04090118408203,47.5806999206543,5508849.0,47.5806999206543,TWX
2013-01-10,47.92580032348633,47.393699645996094,47.88750076293945,47.753299713134766,4861475.0,47.753299713134766,TWX
2013-01-11,47.81079864501953,47.388999938964844,47.63819885253906,47.561500549316406,2843453.0,47.561500549316406,TWX
2013-01-14,47.7244987487793,46.895198822021484,47.59989929199219,47.26430130004883,5375734.0,47.26430130004883,TWX
2013-01-15,47.187599182128906,46.900001525878906,46.99589920043945,47.10129928588867,4783580.0,47.10129928588867,TWX
2013-01-16,47.27389907836914,46.823299407958984,47.05339813232422,47.13970184326172,3515591.0,47.13970184326172,TWX
2013-01-17,48.108001708984375,47.19729995727539,47.4656982421875,47.360198974609375,7040449.0,47.360198974609375,TWX
2013-01-18,47.86830139160156,47.36980056762695,47.532798767089844,47.86830139160156,4200512.0,47.86830139160156,TWX
2013-01-22,48.251800537109375,47.45610046386719,47.753299713134766,48.251800537109375,5424556.0,48.251800537109375,TWX
2013-01-23,48.86539840698242,47.9833984375,48.01210021972656,48.72159957885742,4893140.0,48.72159957885742,TWX
2013-01-24,49.17219924926758,48.520198822021484,48.63529968261719,48.70240020751953,4931295.0,48.70240020751953,TWX
2013-01-25,48.884498596191406,48.11280059814453,48.77909851074219,48.31890106201172,5324804.0,48.31890106201172,TWX
2013-01-28,48.539398193359375,47.93539810180664,48.48189926147461,48.02170181274414,5339689.0,48.02170181274414,TWX
2013-01-29,48.14630126953125,47.45610046386719,47.83000183105469,47.99290084838867,5274455.0,47.99290084838867,TWX
2013-01-30,48.26139831542969,47.64780044555664,47.9546012878418,48.06959915161133,4467367.0,48.06959915161133,TWX
2013-01-31,48.63529968261719,47.839599609375,47.9833984375,48.43389892578125,4523400.0,48.43389892578125,TWX
2013-02-01,49.06669998168945,48.46269989013672,48.67359924316406,48.77909851074219,7891161.0,48.77909851074219,TWX
2013-02-04,48.73109817504883,48.04090118408203,48.3572998046875,48.3572998046875,4675624.0,48.3572998046875,TWX
2013-02-05,48.6161003112793,47.839599609375,48.48189926147461,47.897098541259766,7771216.0,47.897098541259766,TWX
2013-02-06,50.54309844970703,48.60649871826172,48.90370178222656,49.86240005493164,13775811.0,49.86240005493164,TWX
2013-02-07,50.217098236083984,49.2489013671875,49.85279846191406,50.198001861572266,7944407.0,50.198001861572266,TWX
2013-02-08,50.667701721191406,50.00619888305664,50.00619888305664,50.39929962158203,6439690.0,50.39929962158203,TWX
2013-02-11,50.14039993286133,49.680301666259766,50.121299743652344,49.977500915527344,5476297.0,49.977500915527344,TWX
2013-02-12,50.51430130004883,49.88159942626953,49.88159942626953,50.33219909667969,6093456.0,50.33219909667969,TWX
2013-02-13,51.43470001220703,50.10210037231445,50.437599182128906,50.667701721191406,9934252.0,50.667701721191406,TWX
2013-02-14,51.664798736572266,50.37049865722656,50.466400146484375,51.41550064086914,8844326.0,51.41550064086914,TWX
2013-02-15,51.65520095825195,51.089599609375,51.501800537109375,51.31010055541992,9254707.0,51.31010055541992,TWX
2013-02-19,51.674400329589844,51.23820114135742,51.396400451660156,51.56890106201172,5100853.0,51.56890106201172,TWX
2013-02-20,51.65039825439453,50.93619918823242,51.31010055541992,51.03200149536133,4356872.0,51.03200149536133,TWX
2013-02-21,50.88819885253906,50.1692008972168,50.782798767089844,50.437599182128906,6286027.0,50.437599182128906,TWX
2013-02-22,50.811500549316406,50.35139846801758,50.495201110839844,50.801998138427734,4580008.0,50.801998138427734,TWX
2013-02-25,51.147098541259766,49.48849868774414,50.811500549316406,49.5077018737793,6710092.0,49.5077018737793,TWX
2013-02-26,50.20759963989258,49.555599212646484,49.555599212646484,50.121299743652344,5496980.0,50.121299743652344,TWX
2013-02-27,51.21419906616211,49.89120101928711,50.15959930419922,51.108699798583984,6488419.0,51.108699798583984,TWX
2013-02-28,51.410701751708984,50.94580078125,51.156700134277344,50.9744987487793,4203236.0,50.9744987487793,TWX
2013-03-01,51.765499114990234,50.485599517822266,50.84989929199219,51.40589904785156,7072734.0,51.40589904785156,TWX
2013-03-04,51.92359924316406,50.93619918823242,51.16630172729492,51.92359924316406,6233470.0,51.92359924316406,TWX
2013-03-05,53.25630187988281,52.09619903564453,52.144100189208984,52.77690124511719,7120490.0,52.77690124511719,TWX
2013-03-06,53.754798889160156,52.729000091552734,53.02619934082031,53.16999816894531,8631532.0,53.16999816894531,TWX
2013-03-07,54.54090118408203,53.40010070800781,54.406700134277344,54.43550109863281,14976107.0,54.43550109863281,TWX
2013-03-08,55.461299896240234,54.33000183105469,54.377899169921875,55.087398529052734,10716798.0,55.087398529052734,TWX
2013-03-11,55.09700012207031,54.43550109863281,55.068199157714844,54.895599365234375,8867254.0,54.895599365234375,TWX
2013-03-12,54.84769821166992,54.032798767089844,54.790199279785156,54.090301513671875,9746034.0,54.090301513671875,TWX
2013-03-13,54.43550109863281,53.9369010925293,54.11909866333008,54.29169845581055,5820450.0,54.29169845581055,TWX
2013-03-14,54.986698150634766,54.49300003051758,54.569698333740234,54.95320129394531,5439539.0,54.95320129394531,TWX
2013-03-15,54.65599822998047,53.86980056762695,54.5984001159668,54.31079864501953,14496716.0,54.31079864501953,TWX
2013-03-18,54.26190185546875,53.5629997253418,53.764400482177734,53.89860153198242,4694232.0,53.89860153198242,TWX
2013-03-19,54.090301513671875,52.89189910888672,54.032798767089844,53.1890983581543,7485957.0,53.1890983581543,TWX
2013-03-20,54.15739822387695,53.60139846801758,53.63970184326172,54.032798767089844,5463704.0,54.032798767089844,TWX
2013-03-21,54.02320098876953,53.515098571777344,53.764400482177734,53.79309844970703,3593933.0,53.79309844970703,TWX
2013-03-22,54.70389938354492,53.764400482177734,54.109500885009766,54.44499969482422,4437615.0,54.44499969482422,TWX
2013-03-25,55.03950119018555,53.72600173950195,54.58890151977539,54.20539855957031,5355820.0,54.20539855957031,TWX
2013-03-26,54.86690139770508,54.11909866333008,54.47380065917969,54.56010055541992,7133626.0,54.56010055541992,TWX
2013-03-27,54.406700134277344,53.63970184326172,54.109500885009766,54.29169845581055,4828962.0,54.29169845581055,TWX
2013-03-28,55.62229919433594,54.377899169921875,54.377899169921875,55.24079895019531,10901908.0,55.24079895019531,TWX
2013-04-01,55.39419937133789,54.80459976196289,55.269500732421875,55.24079895019531,5719401.0,55.24079895019531,TWX
2013-04-02,55.69139862060547,54.962799072265625,55.413299560546875,55.20240020751953,5126126.0,55.20240020751953,TWX
2013-04-03,56.09400177001953,55.38460159301758,55.39419937133789,55.70100021362305,16732514.0,55.70100021362305,TWX
2013-04-04,56.25699996948242,55.585899353027344,55.70100021362305,55.86389923095703,15337053.0,55.86389923095703,TWX
2013-04-05,55.585899353027344,55.05860137939453,55.27909851074219,55.4900016784668,12669238.0,55.4900016784668,TWX
2013-04-08,55.94060134887695,55.09700012207031,55.442100524902344,55.94060134887695,7899412.0,55.94060134887695,TWX
2013-04-09,56.65010070800781,55.84479904174805,55.88309860229492,56.372100830078125,7210207.0,56.372100830078125,TWX
2013-04-10,57.27320098876953,56.27619934082031,56.444000244140625,57.105499267578125,6429034.0,57.105499267578125,TWX
2013-04-11,57.34989929199219,56.97600173950195,57.138999938964844,57.19649887084961,5400137.0,57.19649887084961,TWX
2013-04-12,57.15340042114258,56.659698486328125,56.889801025390625,57.004798889160156,6120085.0,57.004798889160156,TWX
2013-04-15,57.522499084472656,56.0364990234375,56.822601318359375,56.05569839477539,7005115.0,56.05569839477539,TWX
2013-04-16,57.52730178833008,56.33369827270508,56.352901458740234,57.26369857788086,5068350.0,57.26369857788086,TWX
2013-04-17,57.234901428222656,56.6693000793457,56.870601654052734,57.06230163574219,6232243.0,57.06230163574219,TWX
2013-04-18,57.19649887084961,55.93149948120117,57.138999938964844,56.05569839477539,6449658.0,56.05569839477539,TWX
2013-04-19,57.47460174560547,55.61470031738281,56.324100494384766,57.282798767089844,7319761.0,57.282798767089844,TWX
2013-04-22,57.81010055541992,56.91849899291992,57.42660140991211,57.7047004699707,4313941.0,57.7047004699707,TWX
2013-04-23,58.21269989013672,57.388301849365234,57.877201080322266,57.90599822998047,4555176.0,57.90599822998047,TWX
2013-04-24,58.12649917602539,57.06230163574219,57.95389938354492,57.129398345947266,4836296.0,57.129398345947266,TWX
2013-04-25,57.31159973144531,56.496700286865234,57.11029815673828,56.93769836425781,8346379.0,56.93769836425781,TWX
2013-04-26,57.58000183105469,56.841800689697266,56.9281005859375,57.20610046386719,5271067.0,57.20610046386719,TWX
2013-04-29,57.78139877319336,57.08150100708008,57.46500015258789,57.647098541259766,4407794.0,57.647098541259766,TWX
2013-04-30,57.9922981262207,57.1870002746582,57.551300048828125,57.31159973144531,7174727.0,57.31159973144531,TWX
2013-05-01,57.49369812011719,55.825599670410156,57.0432014465332,57.02399826049805,12916171.0,57.02399826049805,TWX
2013-05-02,57.675899505615234,56.94729995727539,57.10070037841797,57.282798767089844,6348301.0,57.282798767089844,TWX
2013-05-03,58.212799072265625,57.503299713134766,57.647098541259766,57.93470001220703,4837142.0,57.93470001220703,TWX
2013-05-06,58.442901611328125,57.62799835205078,57.78139877319336,58.13610076904297,4679463.0,58.13610076904297,TWX
2013-05-07,58.98929977416992,58.15530014038086,58.38529968261719,58.979698181152344,4502694.0,58.979698181152344,TWX
2013-05-08,59.18109893798828,58.183998107910156,58.855098724365234,58.60580062866211,6097170.0,58.60580062866211,TWX
2013-05-09,58.931800842285156,58.2510986328125,58.625,58.57709884643555,4663233.0,58.57709884643555,TWX
2013-05-10,58.90299987792969,58.174400329589844,58.59629821777344,58.42369842529297,4283829.0,58.42369842529297,TWX
2013-05-13,58.47159957885742,58.1072998046875,58.212799072265625,58.394901275634766,3356590.0,58.394901275634766,TWX
2013-05-14,58.94139862060547,58.43330001831055,58.52909851074219,58.7401008605957,3852073.0,58.7401008605957,TWX
2013-05-15,58.682498931884766,58.24150085449219,58.49079895019531,58.60580062866211,5327633.0,58.60580062866211,TWX
2013-05-16,58.538700103759766,58.15530014038086,58.23189926147461,58.212799072265625,5397487.0,58.212799072265625,TWX
2013-05-17,58.63460159301758,57.91559982299805,58.337398529052734,58.20320129394531,5961037.0,58.20320129394531,TWX
2013-05-20,58.481201171875,57.29240036010742,58.212799072265625,57.589599609375,5107170.0,57.589599609375,TWX
2013-05-21,58.318199157714844,57.6952018737793,57.83890151977539,57.97309875488281,5709222.0,57.97309875488281,TWX
2013-05-22,58.538700103759766,57.14860153198242,57.97309875488281,57.48419952392578,6036367.0,57.48419952392578,TWX
2013-05-23,58.05939865112305,56.698001861572266,56.75550079345703,57.675899505615234,5300121.0,57.675899505615234,TWX
2013-05-24,57.36429977416992,56.72679901123047,57.29240036010742,56.83219909667969,4609193.0,56.83219909667969,TWX
2013-05-28,57.93470001220703,57.301998138427734,57.407501220703125,57.800498962402344,6166896.0,57.800498962402344,TWX
2013-05-29,57.407501220703125,56.56380081176758,57.378700256347656,56.75550079345703,4328052.0,56.75550079345703,TWX
2013-05-30,57.44580078125,56.861000061035156,56.89929962158203,57.11980056762695,4876199.0,57.11980056762695,TWX
2013-05-31,57.522499084472656,55.959800720214844,57.11980056762695,55.959800720214844,7028115.0,55.959800720214844,TWX
2013-06-03,56.180301666259766,55.05860137939453,55.91189956665039,56.180301666259766,5529716.0,56.180301666259766,TWX
2013-06-04,56.659698486328125,55.53799819946289,56.16109848022461,55.930999755859375,3803636.0,55.930999755859375,TWX
2013-06-05,55.67219924926758,54.272499084472656,55.61470031738281,54.550498962402344,7469644.0,54.550498962402344,TWX
2013-06-06,55.13529968261719,53.97529983520508,54.44499969482422,55.10660171508789,4890256.0,55.10660171508789,TWX
2013-06-07,56.38159942626953,55.24079895019531,55.605098724365234,56.343299865722656,3515062.0,56.343299865722656,TWX
2013-06-10,56.352901458740234,55.1161003112793,56.352901458740234,55.317501068115234,5092337.0,55.317501068115234,TWX
2013-06-11,55.15449905395508,54.46419906616211,54.790199279785156,54.54090118408203,5769907.0,54.54090118408203,TWX
2013-06-12,55.05860137939453,53.55350112915039,54.95320129394531,53.84109878540039,5619336.0,53.84109878540039,TWX
2013-06-13,55.605098724365234,53.55350112915039,53.888999938964844,55.518798828125,6401426.0,55.518798828125,TWX
2013-06-14,55.76810073852539,55.068199157714844,55.288700103759766,55.09700012207031,5023149.0,55.09700012207031,TWX
2013-06-17,56.0364990234375,55.17369842529297,55.432498931884766,55.54759979248047,5297067.0,55.54759979248047,TWX
2013-06-18,56.68840026855469,55.38460159301758,55.461299896240234,56.45830154418945,3666764.0,56.45830154418945,TWX
2013-06-19,56.73640060424805,55.461299896240234,56.53499984741211,55.47090148925781,3722383.0,55.47090148925781,TWX
2013-06-20,55.19279861450195,53.77399826049805,55.05860137939453,53.99449920654297,4796998.0,53.99449920654297,TWX
2013-06-21,54.72309875488281,53.515201568603516,54.502601623535156,54.46419906616211,7097094.0,54.46419906616211,TWX
2013-06-24,54.449798583984375,53.40489959716797,53.91780090332031,53.95610046386719,5146004.0,53.95610046386719,TWX
2013-06-25,54.842899322509766,54.18619918823242,54.4546012878418,54.33000183105469,4089041.0,54.33000183105469,TWX
2013-06-26,55.50830078125,54.780601501464844,54.780601501464844,55.020301818847656,5547212.0,55.020301818847656,TWX
2013-06-27,55.72010040283203,55.02989959716797,55.317501068115234,55.432498931884766,3993879.0,55.432498931884766,TWX
2013-06-28,55.84479904174805,55.1161003112793,55.269500732421875,55.432498931884766,7131411.0,55.432498931884766,TWX
2013-07-01,56.50630187988281,55.715301513671875,55.715301513671875,55.8927001953125,5028271.0,55.8927001953125,TWX
2013-07-02,57.25410079956055,55.75849914550781,55.835201263427734,57.06230163574219,6805704.0,57.06230163574219,TWX
2013-07-03,57.62799835205078,56.247398376464844,56.515899658203125,57.589599609375,4392359.0,57.589599609375,TWX
2013-07-05,58.912601470947266,57.81489944458008,57.819698333740234,58.874298095703125,5444068.0,58.874298095703125,TWX
2013-07-08,59.085201263427734,58.212799072265625,59.0276985168457,58.414100646972656,5967866.0,58.414100646972656,TWX
2013-07-09,58.92219924926758,58.42369842529297,58.61539840698242,58.749698638916016,5474035.0,58.749698638916016,TWX
2013-07-10,58.77840042114258,58.337398529052734,58.701698303222656,58.49079895019531,3789929.0,58.49079895019531,TWX
2013-07-11,59.53580093383789,59.066001892089844,59.353599548339844,59.12350082397461,5290233.0,59.12350082397461,TWX
2013-07-12,59.34410095214844,58.59629821777344,59.200199127197266,59.15230178833008,6060002.0,59.15230178833008,TWX
2013-07-15,59.23860168457031,58.768798828125,59.066001892089844,58.8838996887207,4427048.0,58.8838996887207,TWX
2013-07-16,59.32490158081055,58.2510986328125,58.835899353027344,58.75920104980469,3725297.0,58.75920104980469,TWX
2013-07-17,59.23860168457031,58.67770004272461,58.95100021362305,59.085201263427734,2815303.0,59.085201263427734,TWX
2013-07-18,59.85219955444336,59.219398498535156,59.29610061645508,59.67959976196289,4421702.0,59.67959976196289,TWX
2013-07-19,59.84260177612305,58.98929977416992,59.353599548339844,59.219398498535156,3801857.0,59.219398498535156,TWX
2013-07-22,59.890499114990234,59.267398834228516,59.353599548339844,59.65079879760742,2643134.0,59.65079879760742,TWX
2013-07-23,60.3218994140625,59.497398376464844,59.497398376464844,60.245201110839844,3746375.0,60.245201110839844,TWX
2013-07-24,60.35070037841797,59.430301666259766,60.254798889160156,59.727500915527344,3182567.0,59.727500915527344,TWX
2013-07-25,60.182899475097656,59.52859878540039,59.68920135498047,60.120601654052734,3308394.0,60.120601654052734,TWX
2013-07-26,60.44660186767578,59.82099914550781,59.95759963989258,60.41780090332031,2751328.0,60.41780090332031,TWX
2013-07-29,60.264400482177734,59.746700286865234,60.245201110839844,59.9193000793457,2966469.0,59.9193000793457,TWX
2013-07-30,60.245201110839844,59.3583984375,60.21649932861328,59.50699996948242,3391931.0,59.50699996948242,TWX
2013-07-31,60.283599853515625,59.33449935913086,59.602901458740234,59.68920135498047,4156620.0,59.68920135498047,TWX
2013-08-01,60.91630172729492,60.264400482177734,60.4370002746582,60.456199645996094,3839783.0,60.456199645996094,TWX
2013-08-02,61.836700439453125,60.4656982421875,60.52330017089844,61.635398864746094,5568484.0,61.635398864746094,TWX
2013-08-05,62.04280090332031,61.443599700927734,61.491600036621094,61.807899475097656,3538434.0,61.807899475097656,TWX
2013-08-06,61.93259811401367,60.839599609375,61.7599983215332,61.433998107910156,5193736.0,61.433998107910156,TWX
2013-08-07,63.2843017578125,61.13679885864258,62.900901794433594,61.20389938354492,9929315.0,61.20389938354492,TWX
2013-08-08,61.836700439453125,60.49449920654297,61.587398529052734,61.299800872802734,6767529.0,61.299800872802734,TWX
2013-08-09,61.82709884643555,60.700599670410156,61.069698333740234,60.782100677490234,4183306.0,60.782100677490234,TWX
2013-08-12,61.16080093383789,60.37950134277344,60.52330017089844,60.71500015258789,3004710.0,60.71500015258789,TWX
2013-08-13,60.945098876953125,60.07270050048828,60.91630172729492,60.49449920654297,2806963.0,60.49449920654297,TWX
2013-08-14,60.50410079956055,59.68439865112305,60.50410079956055,59.746700286865234,4243318.0,59.746700286865234,TWX
2013-08-15,59.55500030517578,58.069000244140625,59.4015998840332,58.682498931884766,5290957.0,58.682498931884766,TWX
2013-08-16,58.98929977416992,58.270301818847656,58.40449905395508,58.34700012207031,4113726.0,58.34700012207031,TWX
2013-08-19,58.73040008544922,57.589599609375,58.212799072265625,58.337398529052734,3553349.0,58.337398529052734,TWX
2013-08-20,59.42070007324219,58.0786018371582,58.414100646972656,59.32490158081055,4137560.0,59.32490158081055,TWX
2013-08-21,59.372798919677734,58.60580062866211,59.075599670410156,58.730499267578125,4055884.0,58.730499267578125,TWX
2013-08-22,59.97679901123047,58.66339874267578,58.84550094604492,59.79460144042969,3356565.0,59.79460144042969,TWX
2013-08-23,60.20690155029297,59.602901458740234,59.765899658203125,59.785099029541016,2681534.0,59.785099029541016,TWX
2013-08-26,60.2932014465332,59.5166015625,59.79460144042969,59.52619934082031,2616428.0,59.52619934082031,TWX
2013-08-27,59.48789978027344,58.557899475097656,58.79759979248047,58.97019958496094,3896976.0,58.97019958496094,TWX
2013-08-28,58.835899353027344,58.28950119018555,58.75920104980469,58.46200180053711,3947957.0,58.46200180053711,TWX
2013-08-29,59.066001892089844,58.01139831542969,58.24150085449219,58.481201171875,2362949.0,58.481201171875,TWX
2013-08-30,58.595298767089844,57.77180099487305,58.57709884643555,58.030601501464844,3242414.0,58.030601501464844,TWX
2013-09-03,59.4015998840332,58.481201171875,58.84550094604492,58.82630157470703,4050742.0,58.82630157470703,TWX
2013-09-04,59.72740173339844,58.835899353027344,58.97019958496094,59.430301666259766,3555646.0,59.430301666259766,TWX
2013-09-05,59.68920135498047,58.94139862060547,59.32490158081055,59.03730010986328,2507126.0,59.03730010986328,TWX
2013-09-06,59.41699981689453,58.3661994934082,59.31529998779297,58.912601470947266,2621153.0,58.912601470947266,TWX
2013-09-09,59.83300018310547,58.89350128173828,58.89350128173828,59.66999816894531,3103739.0,59.66999816894531,TWX
2013-09-10,60.39860153198242,59.86180114746094,59.86180114746094,60.34109878540039,2844123.0,60.34109878540039,TWX
2013-09-11,60.99300003051758,60.254798889160156,60.254798889160156,60.70539855957031,3056437.0,60.70539855957031,TWX
2013-09-12,61.05059814453125,60.139801025390625,60.70539855957031,60.20690155029297,4028710.0,60.20690155029297,TWX
2013-09-13,60.4370002746582,59.88090133666992,60.31230163574219,59.97679901123047,5831981.0,59.97679901123047,TWX
2013-09-16,60.99300003051758,59.9193000793457,60.676700592041016,60.13019943237305,4112577.0,60.13019943237305,TWX
2013-09-17,60.820499420166016,60.04869842529297,60.31230163574219,60.302799224853516,3537451.0,60.302799224853516,TWX
2013-09-18,60.9833984375,60.0630989074707,60.35070037841797,60.72460174560547,4223744.0,60.72460174560547,TWX
2013-09-19,62.105098724365234,61.280601501464844,61.72159957885742,61.74079895019531,8225674.0,61.74079895019531,TWX
2013-09-20,62.153099060058594,61.5443000793457,61.64500045776367,61.64500045776367,9321121.0,61.64500045776367,TWX
2013-09-23,61.3572998046875,60.801300048828125,61.3286018371582,60.839599609375,3939961.0,60.839599609375,TWX
2013-09-24,61.0984992980957,60.5088996887207,60.820499420166016,60.73419952392578,4112108.0,60.73419952392578,TWX
2013-09-25,61.520301818847656,60.599998474121094,60.75339889526367,61.3286018371582,4682866.0,61.3286018371582,TWX
2013-09-26,62.229801177978516,61.175201416015625,61.27109909057617,62.19139862060547,3495997.0,62.19139862060547,TWX
2013-09-27,63.60070037841797,61.82709884643555,61.94219970703125,63.46649932861328,7186252.0,63.46649932861328,TWX
2013-09-30,63.63909912109375,62.95840072631836,63.06380081176758,63.09260177612305,4879938.0,63.09260177612305,TWX
2013-10-01,63.926700592041016,62.93920135498047,63.11180114746094,63.926700592041016,3814751.0,63.926700592041016,TWX
2013-10-02,63.62950134277344,62.80500030517578,63.504798889160156,63.61989974975586,5052014.0,63.61989974975586,TWX
2013-10-03,63.58150100708008,62.229801177978516,63.504798889160156,62.59410095214844,3093721.0,62.59410095214844,TWX
2013-10-04,63.888301849365234,62.63240051269531,62.63240051269531,63.71580123901367,3094131.0,63.71580123901367,TWX
2013-10-07,63.75410079956055,62.61320114135742,62.641998291015625,62.987098693847656,3289287.0,62.987098693847656,TWX
2013-10-08,62.93920135498047,62.28730010986328,62.910400390625,62.335201263427734,4429753.0,62.335201263427734,TWX
2013-10-09,62.891300201416016,61.54909896850586,62.61320114135742,61.94219970703125,4877230.0,61.94219970703125,TWX
2013-10-10,64.5978012084961,62.498199462890625,62.5364990234375,64.54029846191406,7056160.0,64.54029846191406,TWX
2013-10-11,65.59480285644531,64.19509887695312,64.3197021484375,65.1155014038086,5367396.0,65.1155014038086,TWX
2013-10-14,65.47019958496094,64.6073989868164,64.62650299072266,65.23049926757812,5655241.0,65.23049926757812,TWX
2013-10-15,65.44139862060547,64.4636001586914,65.24970245361328,64.68409729003906,4009648.0,64.68409729003906,TWX
2013-10-16,65.9303970336914,64.90460205078125,65.06749725341797,65.19219970703125,4092691.0,65.19219970703125,TWX
2013-10-17,65.20659637451172,64.70320129394531,65.13469696044922,65.14420318603516,4171122.0,65.14420318603516,TWX
2013-10-18,66.0790023803711,65.20179748535156,65.42230224609375,65.89199829101562,4614917.0,65.89199829101562,TWX
2013-10-21,66.38099670410156,65.9303970336914,65.99749755859375,66.0645980834961,2876266.0,66.0645980834961,TWX
2013-10-22,67.16709899902344,66.09339904785156,66.33300018310547,66.85070037841797,4548763.0,66.85070037841797,TWX
2013-10-23,67.16230010986328,66.59190368652344,66.77400207519531,66.9561996459961,3145245.0,66.9561996459961,TWX
2013-10-24,67.60810089111328,67.22460174560547,67.40679931640625,67.40679931640625,3637601.0,67.40679931640625,TWX
2013-10-25,67.66560363769531,66.99449920654297,67.38760375976562,67.35890197753906,3182694.0,67.35890197753906,TWX
2013-10-28,67.77110290527344,67.1095962524414,67.23419952392578,67.26300048828125,3566861.0,67.26300048828125,TWX
2013-10-29,67.57939910888672,66.97540283203125,67.53140258789062,67.17669677734375,2477320.0,67.17669677734375,TWX
2013-10-30,67.44029998779297,65.05799865722656,67.22460174560547,65.70989990234375,5846839.0,65.70989990234375,TWX
2013-10-31,66.61109924316406,65.4126968383789,65.82489776611328,65.90160369873047,5601919.0,65.90160369873047,TWX
2013-11-01,66.48639678955078,65.4894027709961,66.09339904785156,65.96869659423828,3971839.0,65.96869659423828,TWX
2013-11-04,66.1509017944336,65.43180084228516,66.13169860839844,65.83450317382812,2771362.0,65.83450317382812,TWX
2013-11-05,65.62359619140625,64.84700012207031,65.56610107421875,65.4126968383789,6296589.0,65.4126968383789,TWX
2013-11-06,67.8478012084961,64.56900024414062,64.67449951171875,64.8949966430664,9841333.0,64.8949966430664,TWX
2013-11-07,65.20179748535156,62.527000427246094,64.84700012207031,62.68040084838867,8223625.0,62.68040084838867,TWX
2013-11-08,65.0531997680664,62.335201263427734,62.93920135498047,64.85659790039062,7127527.0,64.85659790039062,TWX
2013-11-11,65.24970245361328,64.45880126953125,64.73200225830078,64.71279907226562,3343516.0,64.71279907226562,TWX
2013-11-12,64.72239685058594,63.84040069580078,64.67449951171875,64.03209686279297,3461635.0,64.03209686279297,TWX
2013-11-13,64.8949966430664,63.41859817504883,63.69660186767578,64.8949966430664,3952795.0,64.8949966430664,TWX
2013-11-14,65.75779724121094,64.85659790039062,65.09629821777344,65.57569885253906,3968438.0,65.57569885253906,TWX
2013-11-15,65.88240051269531,64.66490173339844,65.44139862060547,64.84700012207031,4502174.0,64.84700012207031,TWX
2013-11-18,64.9813003540039,63.926700592041016,64.53070068359375,64.0896987915039,3054135.0,64.0896987915039,TWX
2013-11-19,64.56900024414062,63.46649932861328,64.18550109863281,63.5432014465332,3940582.0,63.5432014465332,TWX
2013-11-20,63.81159973144531,62.91999816894531,63.81159973144531,63.00630187988281,4637984.0,63.00630187988281,TWX
2013-11-21,64.43479919433594,63.044700622558594,63.5432014465332,64.18550109863281,4815588.0,64.18550109863281,TWX
2013-11-22,64.50189971923828,63.888301849365234,64.35810089111328,64.2238998413086,3927465.0,64.2238998413086,TWX
2013-11-25,64.55940246582031,63.71580123901367,64.34850311279297,63.878700256347656,2981515.0,63.878700256347656,TWX
2013-11-26,64.00340270996094,62.469398498535156,63.96500015258789,63.0255012512207,7385739.0,63.0255012512207,TWX
2013-11-27,63.69409942626953,62.65639877319336,63.45690155029297,62.92959976196289,3399700.0,62.92959976196289,TWX
2013-11-29,63.71580123901367,62.92959976196289,63.00630187988281,62.996700286865234,2488246.0,62.996700286865234,TWX
2013-12-02,63.2843017578125,62.19139862060547,62.94879913330078,62.900901794433594,5756211.0,62.900901794433594,TWX
2013-12-03,62.94879913330078,62.20100021362305,62.91999816894531,62.75709915161133,4949140.0,62.75709915161133,TWX
2013-12-04,63.217201232910156,62.05720138549805,62.20100021362305,62.73789978027344,4432198.0,62.73789978027344,TWX
2013-12-05,63.17890167236328,62.5078010559082,62.72829818725586,62.88169860839844,3658108.0,62.88169860839844,TWX
2013-12-06,63.96500015258789,62.82419967651367,63.217201232910156,63.82120132446289,3556860.0,63.82120132446289,TWX
2013-12-09,63.86920166015625,62.68989944458008,63.75410079956055,62.78580093383789,6742194.0,62.78580093383789,TWX
2013-12-10,64.1759033203125,62.77619934082031,62.7953987121582,63.85960006713867,5982104.0,63.85960006713867,TWX
2013-12-11,64.20469665527344,63.46649932861328,63.99380111694336,63.677398681640625,5311905.0,63.677398681640625,TWX
2013-12-12,63.734901428222656,62.95840072631836,63.504798889160156,63.10219955444336,3855928.0,63.10219955444336,TWX
2013-12-13,63.35150146484375,62.77619934082031,63.20759963989258,62.843299865722656,3770620.0,62.843299865722656,TWX
2013-12-16,63.74449920654297,63.08300018310547,63.35150146484375,63.58150100708008,2862416.0,63.58150100708008,TWX
2013-12-17,63.64870071411133,62.699501037597656,63.48569869995117,63.08300018310547,4080515.0,63.08300018310547,TWX
2013-12-18,64.84700012207031,62.75740051269531,63.3130989074707,64.80870056152344,4378456.0,64.80870056152344,TWX
2013-12-19,65.18260192871094,64.3102035522461,64.56900024414062,65.09629821777344,4206843.0,65.09629821777344,TWX
2013-12-20,66.05500030517578,65.19219970703125,65.19219970703125,65.51809692382812,7736306.0,65.51809692382812,TWX
2013-12-23,66.09339904785156,65.43180084228516,65.70989990234375,65.85369873046875,3632167.0,65.85369873046875,TWX
2013-12-24,66.61109924316406,65.82879638671875,65.85369873046875,66.5344009399414,1345380.0,66.5344009399414,TWX
2013-12-26,67.1863021850586,66.60150146484375,66.63020324707031,67.1095962524414,2292507.0,67.1095962524414,TWX
2013-12-27,67.20549774169922,66.34259796142578,67.1095962524414,66.7645034790039,2261699.0,66.7645034790039,TWX
2013-12-30,67.11920166015625,66.56310272216797,66.97540283203125,66.79319763183594,2655134.0,66.79319763183594,TWX
2013-12-31,67.16709899902344,66.64939880371094,66.79319763183594,66.84110260009766,3275663.0,66.84110260009766,TWX
2014-01-02,66.68779754638672,65.58519744873047,66.60150146484375,65.89199829101562,4938075.0,65.89199829101562,TWX
2014-01-03,66.41929626464844,65.70989990234375,65.94960021972656,65.83450317382812,2615348.0,65.83450317382812,TWX
2014-01-06,66.13169860839844,64.91410064697266,66.0645980834961,65.34559631347656,3733476.0,65.34559631347656,TWX
2014-01-07,65.51809692382812,64.49230194091797,65.47979736328125,64.71279907226562,5257822.0,64.71279907226562,TWX
2014-01-08,64.643798828125,63.08300018310547,64.48269653320312,64.00340270996094,8785742.0,64.00340270996094,TWX
2014-01-09,64.09919738769531,63.3130989074707,63.945899963378906,63.552799224853516,4954760.0,63.552799224853516,TWX
2014-01-10,63.730098724365234,63.27479934692383,63.66780090332031,63.45690155029297,7185380.0,63.45690155029297,TWX
2014-01-13,63.52399826049805,62.57490158081055,63.25559997558594,62.7666015625,5874779.0,62.7666015625,TWX
2014-01-14,63.044700622558594,62.469398498535156,62.81460189819336,62.63240051269531,5560849.0,62.63240051269531,TWX
2014-01-15,62.68040084838867,62.09550094604492,62.55569839477539,62.45029830932617,7732355.0,62.45029830932617,TWX
2014-01-16,62.48860168457031,61.92300033569336,62.1338996887207,62.26810073852539,5158329.0,62.26810073852539,TWX
2014-01-17,62.56529998779297,61.53950119018555,62.48860168457031,61.74079895019531,6084945.0,61.74079895019531,TWX
2014-01-21,62.16270065307617,61.18479919433594,61.836700439453125,61.88460159301758,6322017.0,61.88460159301758,TWX
2014-01-22,63.25559997558594,61.90380096435547,61.93259811401367,63.044700622558594,6382861.0,63.044700622558594,TWX
2014-01-23,63.015899658203125,61.807899475097656,62.335201263427734,61.97090148925781,6945335.0,61.97090148925781,TWX
2014-01-24,61.72159957885742,60.44660186767578,61.56829833984375,60.70539855957031,7765596.0,60.70539855957031,TWX
2014-01-27,61.05059814453125,59.80419921875,60.906700134277344,60.283599853515625,6675094.0,60.283599853515625,TWX
2014-01-28,60.81850051879883,60.015098571777344,60.638301849365234,60.532798767089844,4872007.0,60.532798767089844,TWX
2014-01-29,60.427398681640625,59.5166015625,59.967201232910156,59.746700286865234,7902551.0,59.746700286865234,TWX
2014-01-30,61.60660171508789,60.26449966430664,60.36029815673828,60.782100677490234,8509835.0,60.782100677490234,TWX
2014-01-31,60.906700134277344,59.909698486328125,60.235599517822266,60.235599517822266,10001502.0,60.235599517822266,TWX
2014-02-03,60.2932014465332,58.855098724365234,60.235599517822266,58.979698181152344,9255364.0,58.979698181152344,TWX
2014-02-04,60.21649932861328,59.09479904174805,59.42070007324219,59.82339859008789,7516060.0,59.82339859008789,TWX
2014-02-05,61.08890151977539,58.212799072265625,59.63169860839844,60.484901428222656,10326456.0,60.484901428222656,TWX
2014-02-06,60.93069839477539,59.79460144042969,60.820499420166016,60.676700592041016,8015080.0,60.676700592041016,TWX
2014-02-07,61.951698303222656,60.81570053100586,61.069698333740234,61.27109909057617,5762181.0,61.27109909057617,TWX
2014-02-10,61.60179901123047,60.69580078125,60.782100677490234,61.02180099487305,6385716.0,61.02180099487305,TWX
2014-02-11,62.40230178833008,60.83000183105469,60.89720153808594,62.16270065307617,6903577.0,62.16270065307617,TWX
2014-02-12,62.527000427246094,61.961299896240234,61.961299896240234,62.373600006103516,4739138.0,62.373600006103516,TWX
2014-02-13,62.66120147705078,61.798301696777344,62.22019958496094,61.93259811401367,5536457.0,61.93259811401367,TWX
2014-02-14,63.15010070800781,61.63629913330078,61.7599983215332,62.60369873046875,4374453.0,62.60369873046875,TWX
2014-02-18,63.13090133666992,62.373600006103516,62.54610061645508,62.60369873046875,3631463.0,62.60369873046875,TWX
2014-02-19,62.88169860839844,61.855899810791016,62.77619934082031,61.951698303222656,5421204.0,61.951698303222656,TWX
2014-02-20,62.5078010559082,61.77920150756836,62.06679916381836,62.29690170288086,5416904.0,62.29690170288086,TWX
2014-02-21,62.2776985168457,61.9901008605957,62.22019958496094,62.05720138549805,5846242.0,62.05720138549805,TWX
2014-02-24,62.58449935913086,62.124298095703125,62.2776985168457,62.325599670410156,5599776.0,62.325599670410156,TWX
2014-02-25,62.55569839477539,61.865501403808594,62.22019958496094,62.105098724365234,4047699.0,62.105098724365234,TWX
2014-02-26,62.07640075683594,61.491600036621094,62.02840042114258,62.018798828125,8127157.0,62.018798828125,TWX
2014-02-27,63.15010070800781,61.39569854736328,61.72159957885742,63.054298400878906,6688119.0,63.054298400878906,TWX
2014-02-28,64.83740234375,62.95840072631836,63.552799224853516,64.35810089111328,7818222.0,64.35810089111328,TWX
2014-03-03,64.3676986694336,63.370601654052734,63.96500015258789,63.72529983520508,4849663.0,63.72529983520508,TWX
2014-03-04,64.90460205078125,64.21430206298828,64.3772964477539,64.21430206298828,6077114.0,64.21430206298828,TWX
2014-03-05,65.95909881591797,64.21430206298828,64.43479919433594,65.65239715576172,6989680.0,65.65239715576172,TWX
2014-03-06,66.17009735107422,65.71949768066406,65.73860168457031,66.08380126953125,6134201.0,66.08380126953125,TWX
2014-03-07,66.46730041503906,65.29759979248047,66.37139892578125,65.47979736328125,6767729.0,65.47979736328125,TWX
2014-03-10,65.85369873046875,64.86620330810547,65.37429809570312,65.70030212402344,5705691.0,65.70030212402344,TWX
2014-03-11,66.1604995727539,64.72239685058594,66.1604995727539,64.8853988647461,5861408.0,64.8853988647461,TWX
2014-03-12,64.8949966430664,63.99380111694336,64.5114974975586,64.48269653320312,5422819.0,64.48269653320312,TWX
2014-03-13,64.95249938964844,63.552799224853516,64.68409729003906,63.93629837036133,6563959.0,63.93629837036133,TWX
2014-03-14,64.3197021484375,63.75410079956055,63.907501220703125,63.8307991027832,3510381.0,63.8307991027832,TWX
2014-03-17,64.3197021484375,63.79249954223633,64.0801010131836,63.91709899902344,3479794.0,63.91709899902344,TWX
2014-03-18,65.0291976928711,63.98419952392578,64.06089782714844,64.42520141601562,3067379.0,64.42520141601562,TWX
2014-03-19,64.85659790039062,64.03209686279297,64.57859802246094,64.3102035522461,3608271.0,64.3102035522461,TWX
2014-03-20,64.32929992675781,63.60070037841797,64.07050323486328,63.75410079956055,4114811.0,63.75410079956055,TWX
2014-03-21,64.62650299072266,63.504798889160156,64.41560363769531,63.60070037841797,6394189.0,63.60070037841797,TWX
2014-03-24,63.849998474121094,62.2776985168457,63.734901428222656,62.63240051269531,3973095.0,62.63240051269531,TWX
2014-03-25,63.188499450683594,61.95650100708008,62.85279846191406,62.843299865722656,6695705.0,62.843299865722656,TWX
2014-03-26,63.27479934692383,61.961299896240234,63.054298400878906,61.980499267578125,4995781.0,61.980499267578125,TWX
2014-03-27,61.59700012207031,60.657501220703125,61.59700012207031,60.84920120239258,7620322.0,60.84920120239258,TWX
2014-03-28,62.325599670410156,60.9833984375,61.194400787353516,61.980499267578125,4870986.0,61.980499267578125,TWX
2014-03-31,62.80500030517578,61.951698303222656,62.181800842285156,62.63240051269531,5624777.0,62.63240051269531,TWX
2014-04-01,63.41859817504883,62.910400390625,62.996700286865234,63.30350112915039,4855922.0,63.30350112915039,TWX
2014-04-02,64.3916015625,63.29389953613281,63.49530029296875,64.29100036621094,5626461.0,64.29100036621094,TWX
2014-04-03,64.81829833984375,63.96500015258789,64.44439697265625,63.99380111694336,4917259.0,63.99380111694336,TWX
2014-04-04,64.8949966430664,63.677398681640625,64.5114974975586,63.76369857788086,4057422.0,63.76369857788086,TWX
2014-04-07,63.514400482177734,61.45320129394531,63.48569869995117,62.11470031738281,8202513.0,62.11470031738281,TWX
2014-04-08,62.6515998840332,61.319000244140625,62.02840042114258,62.56529998779297,6894944.0,62.56529998779297,TWX
2014-04-09,63.389801025390625,62.373600006103516,62.852901458740234,63.27479934692383,4840217.0,63.27479934692383,TWX
2014-04-10,63.20759963989258,60.87799835205078,63.159698486328125,60.945098876953125,9173500.0,60.945098876953125,TWX
2014-04-11,61.16559982299805,60.14939880371094,60.64789962768555,60.16849899291992,9956419.0,60.16849899291992,TWX
2014-04-14,60.86840057373047,60.0630989074707,60.79169845581055,60.41780090332031,5452290.0,60.41780090332031,TWX
2014-04-15,60.88759994506836,59.856998443603516,60.609500885009766,60.66709899902344,5970022.0,60.66709899902344,TWX
2014-04-16,61.82709884643555,60.945098876953125,61.3572998046875,61.82709884643555,7815893.0,61.82709884643555,TWX
2014-04-17,62.71390151977539,61.62580108642578,61.635398864746094,62.45989990234375,6004174.0,62.45989990234375,TWX
2014-04-21,62.92959976196289,61.875,62.43109893798828,62.36399841308594,4153720.0,62.36399841308594,TWX
2014-04-22,62.5364990234375,62.16270065307617,62.34479904174805,62.23929977416992,3836793.0,62.23929977416992,TWX
2014-04-23,64.41560363769531,62.68040084838867,62.68040084838867,63.27479934692383,7202948.0,63.27479934692383,TWX
2014-04-24,63.6151008605957,62.699501037597656,63.38019943237305,62.92959976196289,4325807.0,62.92959976196289,TWX
2014-04-25,63.265201568603516,61.89419937133789,62.987098693847656,62.5078010559082,4169607.0,62.5078010559082,TWX
2014-04-28,63.13090133666992,61.70249938964844,62.96799850463867,62.3927001953125,5757469.0,62.3927001953125,TWX
2014-04-29,62.80500030517578,61.88460159301758,62.55569839477539,62.06679916381836,6210074.0,62.06679916381836,TWX
2014-04-30,66.04540252685547,60.801300048828125,61.39569854736328,63.71580123901367,15159607.0,63.71580123901367,TWX
2014-05-01,64.83740234375,63.74449920654297,64.38690185546875,64.10880279541016,5760312.0,64.10880279541016,TWX
2014-05-02,64.12799835205078,63.38990020751953,64.10880279541016,63.46649932861328,4230378.0,63.46649932861328,TWX
2014-05-05,64.96209716796875,62.92959976196289,63.22679901123047,64.68409729003906,4783248.0,64.68409729003906,TWX
2014-05-06,65.27850341796875,64.3102035522461,64.6073989868164,64.70320129394531,6889993.0,64.70320129394531,TWX
2014-05-07,65.14900207519531,64.39640045166016,65.0291976928711,65.01959991455078,6257637.0,65.01959991455078,TWX
2014-05-08,65.83930206298828,64.79910278320312,64.79910278320312,65.23049926757812,5302929.0,65.23049926757812,TWX
2014-05-09,65.7770004272461,64.66490173339844,65.33599853515625,65.5468978881836,5003527.0,65.5468978881836,TWX
2014-05-12,66.75489807128906,65.9303970336914,66.05500030517578,66.57270050048828,5273659.0,66.57270050048828,TWX
2014-05-13,67.32050323486328,66.17960357666016,67.07119750976562,66.31390380859375,7025666.0,66.31390380859375,TWX
2014-05-14,66.66380310058594,65.90160369873047,66.38099670410156,66.10289764404297,4864914.0,66.10289764404297,TWX
2014-05-15,65.94960021972656,64.7416000366211,65.8729019165039,65.67150115966797,5643469.0,65.67150115966797,TWX
2014-05-16,66.13169860839844,65.01959991455078,65.65239715576172,66.04540252685547,6305547.0,66.04540252685547,TWX
2014-05-19,67.63690185546875,65.68109893798828,65.79620361328125,67.21499633789062,7957830.0,67.21499633789062,TWX
2014-05-20,67.27259826660156,65.58619689941406,67.00409698486328,66.35220336914062,8420543.0,66.35220336914062,TWX
2014-05-21,67.1958999633789,66.28510284423828,66.70690155029297,67.16709899902344,6247722.0,67.16709899902344,TWX
2014-05-22,67.33489990234375,66.89869689941406,67.1863021850586,67.08080291748047,3039323.0,67.08080291748047,TWX
2014-05-23,67.89569854736328,66.9561996459961,67.30130004882812,67.7614974975586,2532835.0,67.7614974975586,TWX
2014-05-27,68.45179748535156,67.54100036621094,67.86699676513672,67.67520141601562,3671065.0,67.67520141601562,TWX
2014-05-28,68.02040100097656,67.22460174560547,67.72319793701172,67.75189971923828,3386611.0,67.75189971923828,TWX
2014-05-29,68.35590362548828,67.01370239257812,68.19290161132812,67.40679931640625,5612603.0,67.40679931640625,TWX
2014-05-30,67.69439697265625,65.86329650878906,67.35890197753906,66.94660186767578,5566368.0,66.94660186767578,TWX
2014-06-02,68.26959991455078,67.15750122070312,67.15750122070312,67.82859802246094,3606140.0,67.82859802246094,TWX
2014-06-03,67.88610076904297,67.34929656982422,67.50270080566406,67.82859802246094,3319596.0,67.82859802246094,TWX
2014-06-04,67.74710083007812,67.3301010131836,67.64649963378906,67.59850311279297,2998386.0,67.59850311279297,TWX
2014-06-05,68.59559631347656,67.46430206298828,67.74230194091797,67.95330047607422,6150685.0,67.95330047607422,TWX
2014-06-06,68.6626968383789,65.20179748535156,68.47100067138672,68.1449966430664,4718152.0,68.1449966430664,TWX
2014-06-09,69.38999938964844,68.1500015258789,68.26000213623047,68.98999786376953,6082234.0,68.98999786376953,TWX
2014-06-10,69.29000091552734,68.55000305175781,68.9000015258789,69.08999633789062,5191108.0,69.08999633789062,TWX
2014-06-11,69.20999908447266,68.52999877929688,68.73999786376953,68.91999816894531,5000838.0,68.91999816894531,TWX
2014-06-12,69.11000061035156,67.97000122070312,68.93000030517578,68.37000274658203,6296360.0,68.37000274658203,TWX
2014-06-13,68.76000213623047,67.77999877929688,68.58000183105469,67.83999633789062,5697839.0,67.83999633789062,TWX
2014-06-16,68.58499908447266,67.5999984741211,67.7699966430664,68.5199966430664,3671725.0,68.5199966430664,TWX
2014-06-17,68.45999908447266,67.69000244140625,67.94000244140625,68.22000122070312,5164459.0,68.22000122070312,TWX
2014-06-18,69.38999938964844,68.19000244140625,68.19000244140625,69.2699966430664,5455941.0,69.2699966430664,TWX
2014-06-19,69.70999908447266,68.12000274658203,69.43000030517578,69.3499984741211,5213322.0,69.3499984741211,TWX
2014-06-20,69.04000091552734,67.93000030517578,68.41000366210938,68.30000305175781,10372126.0,68.30000305175781,TWX
2014-06-23,68.4000015258789,67.69999694824219,68.27999877929688,68.19000244140625,6208736.0,68.19000244140625,TWX
2014-06-24,68.70999908447266,67.94999694824219,68.31999969482422,68.23999786376953,7315842.0,68.23999786376953,TWX
2014-06-25,69.33999633789062,67.8499984741211,68.01000213623047,69.06999969482422,7755962.0,69.06999969482422,TWX
2014-06-26,69.52999877929688,68.75,69.33000183105469,69.4000015258789,4046554.0,69.4000015258789,TWX
2014-06-27,70.0,69.29000091552734,69.4000015258789,69.73999786376953,7530671.0,69.73999786376953,TWX
2014-06-30,70.2699966430664,69.55999755859375,69.8499984741211,70.25,5375957.0,70.25,TWX
2014-07-01,71.0999984741211,68.80000305175781,68.87999725341797,70.56999969482422,7349561.0,70.56999969482422,TWX
2014-07-02,71.19000244140625,70.3740005493164,70.4000015258789,70.93000030517578,4537264.0,70.93000030517578,TWX
2014-07-03,71.62000274658203,70.70999908447266,71.0,71.38999938964844,2392602.0,71.38999938964844,TWX
2014-07-07,71.38999938964844,70.87999725341797,70.87999725341797,71.16999816894531,3193898.0,71.16999816894531,TWX
2014-07-08,71.22000122070312,70.44999694824219,71.02999877929688,70.75,3661296.0,70.75,TWX
2014-07-09,73.06999969482422,70.70999908447266,70.75,72.41000366210938,14340136.0,72.41000366210938,TWX
2014-07-10,72.44499969482422,71.37000274658203,71.83000183105469,72.22000122070312,4149366.0,72.22000122070312,TWX
2014-07-11,72.33000183105469,71.88999938964844,72.2300033569336,72.29000091552734,3560361.0,72.29000091552734,TWX
2014-07-14,72.61000061035156,71.54000091552734,72.44000244140625,71.68000030517578,4561635.0,71.68000030517578,TWX
2014-07-15,71.45999908447266,70.5199966430664,70.66000366210938,71.01000213623047,5725183.0,71.01000213623047,TWX
2014-07-16,84.4000015258789,81.41999816894531,82.25,83.12999725341797,69744146.0,83.12999725341797,TWX
2014-07-17,87.13999938964844,83.75,84.0,86.12000274658203,28072048.0,86.12000274658203,TWX
2014-07-18,87.2300033569336,85.41000366210938,86.98999786376953,87.2300033569336,17546788.0,87.2300033569336,TWX
2014-07-21,88.12999725341797,86.5999984741211,87.41999816894531,87.36000061035156,9169073.0,87.36000061035156,TWX
2014-07-22,87.31999969482422,85.83000183105469,86.8499984741211,86.77999877929688,8017329.0,86.77999877929688,TWX
2014-07-23,86.22000122070312,83.91999816894531,85.6500015258789,84.26000213623047,13571077.0,84.26000213623047,TWX
2014-07-24,84.62000274658203,83.22000122070312,84.51000213623047,84.01000213623047,9203558.0,84.01000213623047,TWX
2014-07-25,85.29000091552734,83.7699966430664,84.8499984741211,84.98999786376953,5752057.0,84.98999786376953,TWX
2014-07-28,85.58000183105469,84.5199966430664,84.52999877929688,85.23999786376953,4425073.0,85.23999786376953,TWX
2014-07-29,85.38999938964844,83.79000091552734,85.02999877929688,83.8499984741211,6399682.0,83.8499984741211,TWX
2014-07-30,85.0199966430664,83.94000244140625,84.06999969482422,84.48999786376953,8252274.0,84.48999786376953,TWX
2014-07-31,84.74500274658203,83.01000213623047,84.33000183105469,83.0199966430664,5023971.0,83.0199966430664,TWX
2014-08-01,84.41000366210938,82.51000213623047,83.0,83.80000305175781,5074941.0,83.80000305175781,TWX
2014-08-04,87.2699966430664,83.62999725341797,83.8499984741211,85.52999877929688,7922668.0,85.52999877929688,TWX
2014-08-05,85.33000183105469,84.41999816894531,85.27999877929688,85.19000244140625,12086744.0,85.19000244140625,TWX
2014-08-06,76.55000305175781,74.05999755859375,74.9000015258789,74.23999786376953,34569607.0,74.23999786376953,TWX
2014-08-07,73.91999816894531,71.58000183105469,73.69999694824219,72.05999755859375,19323998.0,72.05999755859375,TWX
2014-08-08,73.322998046875,72.0199966430664,72.0199966430664,73.2300033569336,7892440.0,73.2300033569336,TWX
2014-08-11,74.70999908447266,73.44999694824219,73.58000183105469,74.04000091552734,7344250.0,74.04000091552734,TWX
2014-08-12,74.1449966430664,73.04000091552734,73.97000122070312,73.04000091552734,6401617.0,73.04000091552734,TWX
2014-08-13,74.30000305175781,73.29000091552734,73.37000274658203,74.16000366210938,4546405.0,74.16000366210938,TWX
2014-08-14,76.73999786376953,74.4800033569336,74.68000030517578,76.5199966430664,7127856.0,76.5199966430664,TWX
2014-08-15,76.98999786376953,75.94999694824219,76.63999938964844,76.5,7645144.0,76.5,TWX
2014-08-18,77.25,76.55000305175781,76.94000244140625,76.86000061035156,4290896.0,76.86000061035156,TWX
2014-08-19,77.19000244140625,76.7300033569336,77.16000366210938,76.98999786376953,4107035.0,76.98999786376953,TWX
2014-08-20,77.46990203857422,76.56999969482422,77.05999755859375,77.0199966430664,4567927.0,77.0199966430664,TWX
2014-08-21,77.18000030517578,76.58999633789062,77.0999984741211,76.76000213623047,3667939.0,76.76000213623047,TWX
2014-08-22,77.62000274658203,76.36000061035156,76.75,77.2300033569336,3121413.0,77.2300033569336,TWX
2014-08-25,77.87999725341797,76.94000244140625,77.37999725341797,76.94999694824219,3334448.0,76.94999694824219,TWX
2014-08-26,77.36000061035156,76.8499984741211,76.95999908447266,76.9800033569336,3051656.0,76.9800033569336,TWX
2014-08-27,77.26000213623047,76.7300033569336,76.87999725341797,76.8499984741211,3537714.0,76.8499984741211,TWX
2014-08-28,77.19999694824219,76.5999984741211,76.80999755859375,76.94999694824219,3049735.0,76.94999694824219,TWX
2014-08-29,77.13999938964844,76.77999877929688,77.0,77.02999877929688,2815895.0,77.02999877929688,TWX
2014-09-02,77.55000305175781,76.80999755859375,76.83000183105469,77.31999969482422,2925592.0,77.31999969482422,TWX
2014-09-03,78.30999755859375,77.31999969482422,77.69000244140625,77.33000183105469,3777066.0,77.33000183105469,TWX
2014-09-04,77.79000091552734,76.98999786376953,77.55000305175781,77.2300033569336,6681068.0,77.2300033569336,TWX
2014-09-05,77.25,76.23999786376953,77.0,76.95999908447266,6915000.0,76.95999908447266,TWX
2014-09-08,77.47000122070312,76.38999938964844,76.95999908447266,77.19999694824219,3998974.0,77.19999694824219,TWX
2014-09-09,77.30000305175781,76.26000213623047,77.25,76.38999938964844,3582446.0,76.38999938964844,TWX
2014-09-10,76.62000274658203,74.98049926757812,76.51000213623047,75.93000030517578,3521959.0,75.93000030517578,TWX
2014-09-11,77.0199966430664,75.31999969482422,75.4000015258789,76.76000213623047,4417585.0,76.76000213623047,TWX
2014-09-12,77.08999633789062,76.2699966430664,76.7300033569336,76.80999755859375,3873453.0,76.80999755859375,TWX
2014-09-15,76.69000244140625,75.97000122070312,76.62999725341797,76.19999694824219,3024719.0,76.19999694824219,TWX
2014-09-16,77.54499816894531,75.7699966430664,76.22000122070312,76.76000213623047,4681116.0,76.76000213623047,TWX
2014-09-17,77.33999633789062,76.38999938964844,76.5199966430664,76.86000061035156,3655866.0,76.86000061035156,TWX
2014-09-18,78.11000061035156,76.6500015258789,77.18000030517578,77.37999725341797,5470019.0,77.37999725341797,TWX
2014-09-19,78.22000122070312,77.45999908447266,77.79000091552734,77.80000305175781,10714100.0,77.80000305175781,TWX
2014-09-22,77.77999877929688,75.61000061035156,77.69999694824219,75.66999816894531,5557986.0,75.66999816894531,TWX
2014-09-23,75.88999938964844,75.12000274658203,75.5199966430664,75.2699966430664,4432962.0,75.2699966430664,TWX
2014-09-24,76.34500122070312,75.12999725341797,75.22000122070312,76.19999694824219,5436317.0,76.19999694824219,TWX
2014-09-25,76.3499984741211,75.08999633789062,75.9800033569336,75.3499984741211,4609894.0,75.3499984741211,TWX
2014-09-26,75.88999938964844,74.83000183105469,75.37000274658203,75.66000366210938,3891670.0,75.66000366210938,TWX
2014-09-29,76.25,75.01000213623047,75.19000244140625,75.63999938964844,3205180.0,75.63999938964844,TWX
2014-09-30,75.87999725341797,75.16999816894531,75.43000030517578,75.20999908447266,4113986.0,75.20999908447266,TWX
2014-10-01,75.19000244140625,73.51000213623047,75.1500015258789,73.70999908447266,6232046.0,73.70999908447266,TWX
2014-10-02,74.2699966430664,70.91999816894531,74.20999908447266,73.19999694824219,12448838.0,73.19999694824219,TWX
2014-10-03,75.0999984741211,72.80000305175781,73.3499984741211,74.72000122070312,5386527.0,74.72000122070312,TWX
2014-10-06,75.13999938964844,73.54000091552734,74.95999908447266,73.81999969482422,4175040.0,73.81999969482422,TWX
2014-10-07,74.52999877929688,73.01000213623047,73.5,73.37000274658203,5356633.0,73.37000274658203,TWX
2014-10-08,74.02999877929688,72.7300033569336,73.3499984741211,73.98999786376953,5262920.0,73.98999786376953,TWX
2014-10-09,74.04000091552734,72.04000091552734,73.76000213623047,72.06999969482422,5320327.0,72.06999969482422,TWX
2014-10-10,73.08000183105469,71.7300033569336,72.33999633789062,71.81999969482422,4094430.0,71.81999969482422,TWX
2014-10-13,72.70999908447266,70.56999969482422,71.68000030517578,70.63999938964844,5204818.0,70.63999938964844,TWX
2014-10-14,72.47000122070312,70.45999908447266,70.87999725341797,70.63999938964844,7019872.0,70.63999938964844,TWX
2014-10-15,73.69999694824219,67.77999877929688,69.01000213623047,72.20999908447266,20529311.0,72.20999908447266,TWX
2014-10-16,76.38999938964844,72.41999816894531,73.88999938964844,75.41000366210938,16548307.0,75.41000366210938,TWX
2014-10-17,77.51000213623047,75.73999786376953,76.30000305175781,75.8499984741211,8189951.0,75.8499984741211,TWX
2014-10-20,78.08000183105469,75.91999816894531,75.93000030517578,77.69000244140625,5057425.0,77.69000244140625,TWX
2014-10-21,78.6500015258789,76.67500305175781,78.5199966430664,77.22000122070312,6130384.0,77.22000122070312,TWX
2014-10-22,78.47000122070312,76.51499938964844,77.97000122070312,76.56999969482422,4194114.0,76.56999969482422,TWX
2014-10-23,79.3499984741211,77.26000213623047,77.29000091552734,78.19000244140625,5008621.0,78.19000244140625,TWX
2014-10-24,78.88999938964844,77.91000366210938,78.12999725341797,78.7699966430664,2224418.0,78.7699966430664,TWX
2014-10-27,80.0,78.46920013427734,78.62000274658203,79.2699966430664,3384894.0,79.2699966430664,TWX
2014-10-28,80.05999755859375,77.95999908447266,77.95999908447266,79.5999984741211,3250735.0,79.5999984741211,TWX
2014-10-29,79.69999694824219,78.0199966430664,79.31999969482422,78.61000061035156,3816775.0,78.61000061035156,TWX
2014-10-30,80.30999755859375,78.13999938964844,78.7300033569336,79.6500015258789,3472246.0,79.6500015258789,TWX
2014-10-31,80.83000183105469,79.22000122070312,80.70999908447266,79.47000122070312,5084554.0,79.47000122070312,TWX
2014-11-03,79.72000122070312,78.05000305175781,79.56999969482422,78.76000213623047,7809663.0,78.76000213623047,TWX
2014-11-04,77.86000061035156,74.97000122070312,77.70999908447266,74.97000122070312,10118980.0,74.97000122070312,TWX
2014-11-05,78.29000091552734,75.62000274658203,78.29000091552734,77.98999786376953,9594735.0,77.98999786376953,TWX
2014-11-06,78.6500015258789,76.8499984741211,78.37999725341797,77.36000061035156,4885827.0,77.36000061035156,TWX
2014-11-07,77.83999633789062,76.69999694824219,77.27999877929688,77.0,5223379.0,77.0,TWX
2014-11-10,77.66999816894531,76.5999984741211,76.87000274658203,77.33000183105469,3564767.0,77.33000183105469,TWX
2014-11-11,78.97000122070312,77.61000061035156,78.69999694824219,78.04000091552734,4941873.0,78.04000091552734,TWX
2014-11-12,78.04000091552734,77.4000015258789,77.62999725341797,77.68000030517578,4850147.0,77.68000030517578,TWX
2014-11-13,79.52999877929688,77.80000305175781,78.05000305175781,78.9800033569336,4966768.0,78.9800033569336,TWX
2014-11-14,79.94000244140625,78.9000015258789,79.25,79.75,3525137.0,79.75,TWX
2014-11-17,80.8550033569336,79.33999633789062,79.69000244140625,80.4000015258789,4074941.0,80.4000015258789,TWX
2014-11-18,80.91000366210938,79.77999877929688,80.19000244140625,80.5,3668773.0,80.5,TWX
2014-11-19,81.38999938964844,80.03500366210938,80.58000183105469,80.93000030517578,3952361.0,80.93000030517578,TWX
2014-11-20,81.79000091552734,80.33000183105469,80.55999755859375,80.58999633789062,3420855.0,80.58999633789062,TWX
2014-11-21,81.37000274658203,79.7699966430664,81.33000183105469,80.05000305175781,4034907.0,80.05000305175781,TWX
2014-11-24,81.4800033569336,80.19999694824219,80.45999908447266,81.43000030517578,3160096.0,81.43000030517578,TWX
2014-11-25,82.8499984741211,81.37000274658203,81.69999694824219,82.44000244140625,5406106.0,82.44000244140625,TWX
2014-11-26,84.15499877929688,82.73999786376953,82.73999786376953,83.79000091552734,4759820.0,83.79000091552734,TWX
2014-11-28,85.44000244140625,84.05000305175781,84.08999633789062,85.12000274658203,3951956.0,85.12000274658203,TWX
2014-12-01,84.93000030517578,82.8499984741211,84.08999633789062,83.95999908447266,4144819.0,83.95999908447266,TWX
2014-12-02,84.94999694824219,83.98999786376953,84.22000122070312,84.4800033569336,3010805.0,84.4800033569336,TWX
2014-12-03,84.3499984741211,83.62000274658203,84.12999725341797,83.87000274658203,3574872.0,83.87000274658203,TWX
2014-12-04,84.9000015258789,83.91999816894531,84.23999786376953,84.66000366210938,4686401.0,84.66000366210938,TWX
2014-12-05,84.87999725341797,84.0,84.54000091552734,84.26000213623047,2526346.0,84.26000213623047,TWX
2014-12-08,84.31999969482422,83.0999984741211,84.31999969482422,83.33000183105469,3386371.0,83.33000183105469,TWX
2014-12-09,85.16000366210938,82.05799865722656,83.0,83.91999816894531,4198746.0,83.91999816894531,TWX
2014-12-10,84.30000305175781,83.19000244140625,83.55000305175781,83.20999908447266,4791476.0,83.20999908447266,TWX
2014-12-11,84.30000305175781,83.16000366210938,83.3499984741211,83.30999755859375,2527406.0,83.30999755859375,TWX
2014-12-12,83.66999816894531,82.06999969482422,82.73999786376953,82.12000274658203,3846836.0,82.12000274658203,TWX
2014-12-15,83.11000061035156,81.23999786376953,82.73999786376953,81.56999969482422,3909539.0,81.56999969482422,TWX
2014-12-16,82.16999816894531,80.48999786376953,81.41000366210938,80.55999755859375,6657211.0,80.55999755859375,TWX
2014-12-17,82.56999969482422,80.70999908447266,80.70999908447266,82.27999877929688,3934279.0,82.27999877929688,TWX
2014-12-18,84.43000030517578,82.51000213623047,83.22000122070312,84.37999725341797,3812450.0,84.37999725341797,TWX
2014-12-19,85.48999786376953,83.91999816894531,84.12000274658203,84.93000030517578,8163846.0,84.93000030517578,TWX
2014-12-22,85.91000366210938,84.80999755859375,85.0,85.56999969482422,2732971.0,85.56999969482422,TWX
2014-12-23,86.30000305175781,85.4000015258789,85.69999694824219,85.77999877929688,3139421.0,85.77999877929688,TWX
2014-12-24,86.08000183105469,85.30000305175781,85.72000122070312,85.58000183105469,1136337.0,85.58000183105469,TWX
2014-12-26,86.98999786376953,85.70999908447266,85.70999908447266,86.70999908447266,1539414.0,86.70999908447266,TWX
2014-12-29,87.44000244140625,85.8499984741211,86.38999938964844,86.31999969482422,2528811.0,86.31999969482422,TWX
2014-12-30,86.63999938964844,85.62000274658203,86.13999938964844,85.95999908447266,1955753.0,85.95999908447266,TWX
2014-12-31,86.70999908447266,85.36000061035156,86.19999694824219,85.41999816894531,2532111.0,85.41999816894531,TWX
