Date,High,Low,Open,Close,Volume,Adj Close,Name
1994-01-03,4.798902988433838,4.541819095611572,4.798902988433838,4.598948955535889,384200.0,1.4021406173706055,VLO
1994-01-04,4.5703840255737305,4.513254165649414,4.5703840255737305,4.541819095611572,401700.0,1.3847222328186035,VLO
1994-01-05,4.656078815460205,4.456124305725098,4.513254165649414,4.656078815460205,621300.0,1.4195576906204224,VLO
1994-01-06,4.656078815460205,4.598948955535889,4.598948955535889,4.598948955535889,184600.0,1.4021406173706055,VLO
1994-01-07,4.656078815460205,4.598948955535889,4.598948955535889,4.598948955535889,294000.0,1.4021406173706055,VLO
1994-01-10,4.627513885498047,4.513254165649414,4.627513885498047,4.5703840255737305,260800.0,1.393431305885315,VLO
1994-01-11,4.627513885498047,4.541819095611572,4.598948955535889,4.5703840255737305,347400.0,1.393431305885315,VLO
1994-01-12,4.598948955535889,4.541819095611572,4.5703840255737305,4.541819095611572,395500.0,1.3847222328186035,VLO
1994-01-13,4.5703840255737305,4.513254165649414,4.5703840255737305,4.513254165649414,529900.0,1.3760136365890503,VLO
1994-01-14,4.5703840255737305,4.513254165649414,4.513254165649414,4.541819095611572,339100.0,1.3847222328186035,VLO
1994-01-17,4.798902988433838,4.7417731285095215,4.7417731285095215,4.77033805847168,554000.0,1.4543941020965576,VLO
1994-01-18,4.798902988433838,4.7417731285095215,4.77033805847168,4.798902988433838,525900.0,1.4631026983261108,VLO
1994-01-19,4.913162708282471,4.77033805847168,4.798902988433838,4.913162708282471,1119800.0,1.4979387521743774,VLO
1994-01-20,4.8845977783203125,4.7417731285095215,4.8845977783203125,4.827467918395996,424900.0,1.4718114137649536,VLO
1994-01-21,4.8845977783203125,4.77033805847168,4.798902988433838,4.798902988433838,522400.0,1.4631026983261108,VLO
1994-01-24,4.856032848358154,4.713208198547363,4.856032848358154,4.7417731285095215,393400.0,1.4456849098205566,VLO
1994-01-25,4.713208198547363,4.656078815460205,4.684643745422363,4.656078815460205,1025700.0,1.4285084009170532,VLO
1994-01-26,4.798902988433838,4.656078815460205,4.656078815460205,4.798902988433838,809500.0,1.4723279476165771,VLO
1994-01-27,5.08455228805542,4.798902988433838,4.798902988433838,5.055987358093262,625300.0,1.5512031316757202,VLO
1994-01-28,5.113117218017578,5.055987358093262,5.113117218017578,5.113117218017578,677400.0,1.5687307119369507,VLO
1994-01-31,5.170246601104736,5.055987358093262,5.08455228805542,5.170246601104736,619600.0,1.5862576961517334,VLO
1994-02-01,5.284506320953369,5.170246601104736,5.170246601104736,5.255941390991211,773600.0,1.6125493049621582,VLO
1994-02-02,5.513025760650635,5.284506320953369,5.284506320953369,5.484460830688477,1024400.0,1.6826599836349487,VLO
1994-02-03,5.455895900726318,5.3416361808776855,5.42733097076416,5.398766040802002,808200.0,1.6563687324523926,VLO
1994-02-04,5.455895900726318,5.1988115310668945,5.398766040802002,5.227376461029053,651100.0,1.6037856340408325,VLO
1994-02-07,5.227376461029053,5.113117218017578,5.1988115310668945,5.113117218017578,263400.0,1.5687307119369507,VLO
1994-02-08,5.170246601104736,4.998857498168945,5.113117218017578,5.170246601104736,860700.0,1.5862576961517334,VLO
1994-02-09,5.284506320953369,5.141681671142578,5.170246601104736,5.170246601104736,621800.0,1.5862576961517334,VLO
1994-02-10,5.1988115310668945,5.141681671142578,5.170246601104736,5.170246601104736,254200.0,1.5862576961517334,VLO
1994-02-11,5.170246601104736,5.141681671142578,5.170246601104736,5.141681671142578,70000.0,1.5774937868118286,VLO
1994-02-14,5.255941390991211,5.141681671142578,5.170246601104736,5.1988115310668945,531200.0,1.5950216054916382,VLO
1994-02-15,5.255941390991211,5.1988115310668945,5.227376461029053,5.1988115310668945,227100.0,1.5950216054916382,VLO
1994-02-16,5.227376461029053,5.170246601104736,5.1988115310668945,5.1988115310668945,459900.0,1.5950216054916382,VLO
1994-02-17,5.255941390991211,5.170246601104736,5.1988115310668945,5.255941390991211,293600.0,1.6125493049621582,VLO
1994-02-18,5.284506320953369,5.227376461029053,5.255941390991211,5.284506320953369,170600.0,1.6213139295578003,VLO
1994-02-22,5.284506320953369,5.1988115310668945,5.284506320953369,5.1988115310668945,168400.0,1.5950216054916382,VLO
1994-02-23,5.1988115310668945,5.141681671142578,5.1988115310668945,5.1988115310668945,248900.0,1.5950216054916382,VLO
1994-02-24,5.113117218017578,5.0274224281311035,5.113117218017578,5.055987358093262,350000.0,1.5512031316757202,VLO
1994-02-25,5.055987358093262,4.998857498168945,5.055987358093262,4.998857498168945,153100.0,1.5336744785308838,VLO
1994-02-28,5.08455228805542,4.970292568206787,4.998857498168945,5.055987358093262,378000.0,1.5512031316757202,VLO
1994-03-01,5.0274224281311035,4.970292568206787,4.998857498168945,4.998857498168945,207400.0,1.5336744785308838,VLO
1994-03-02,4.913162708282471,4.798902988433838,4.856032848358154,4.8845977783203125,374100.0,1.4986194372177124,VLO
1994-03-03,5.0274224281311035,4.8845977783203125,4.913162708282471,5.0274224281311035,183700.0,1.5424386262893677,VLO
1994-03-04,4.970292568206787,4.913162708282471,4.941727638244629,4.941727638244629,158400.0,1.5161476135253906,VLO
1994-03-07,5.055987358093262,4.913162708282471,4.913162708282471,5.055987358093262,173200.0,1.5512031316757202,VLO
1994-03-08,5.08455228805542,4.941727638244629,5.0274224281311035,4.970292568206787,319000.0,1.5249112844467163,VLO
1994-03-09,4.941727638244629,4.856032848358154,4.941727638244629,4.856032848358154,210000.0,1.4898552894592285,VLO
1994-03-10,4.998857498168945,4.856032848358154,4.8845977783203125,4.941727638244629,233200.0,1.5161476135253906,VLO
1994-03-11,5.055987358093262,4.913162708282471,4.913162708282471,5.055987358093262,312000.0,1.5512031316757202,VLO
1994-03-14,5.113117218017578,5.0274224281311035,5.055987358093262,5.0274224281311035,408700.0,1.5424386262893677,VLO
1994-03-15,4.998857498168945,4.941727638244629,4.998857498168945,4.941727638244629,620900.0,1.5161476135253906,VLO
1994-03-16,4.998857498168945,4.913162708282471,4.970292568206787,4.941727638244629,1255900.0,1.5161476135253906,VLO
1994-03-17,5.0274224281311035,4.913162708282471,4.913162708282471,5.0274224281311035,3065800.0,1.5424386262893677,VLO
1994-03-18,5.08455228805542,4.998857498168945,5.08455228805542,5.055987358093262,781100.0,1.5512031316757202,VLO
1994-03-21,5.113117218017578,5.055987358093262,5.08455228805542,5.113117218017578,837500.0,1.5687307119369507,VLO
1994-03-22,5.113117218017578,5.055987358093262,5.08455228805542,5.113117218017578,528100.0,1.5687307119369507,VLO
1994-03-23,5.170246601104736,5.08455228805542,5.08455228805542,5.113117218017578,721600.0,1.5687307119369507,VLO
1994-03-24,5.141681671142578,5.08455228805542,5.08455228805542,5.113117218017578,1311400.0,1.5687307119369507,VLO
1994-03-25,5.284506320953369,5.141681671142578,5.141681671142578,5.284506320953369,1573600.0,1.6213139295578003,VLO
1994-03-28,5.255941390991211,5.170246601104736,5.227376461029053,5.1988115310668945,663400.0,1.5950216054916382,VLO
1994-03-29,5.227376461029053,5.170246601104736,5.170246601104736,5.170246601104736,340000.0,1.5862576961517334,VLO
1994-03-30,5.0274224281311035,4.941727638244629,5.0274224281311035,4.941727638244629,1416900.0,1.5161476135253906,VLO
1994-03-31,4.913162708282471,4.656078815460205,4.913162708282471,4.77033805847168,510600.0,1.4635640382766724,VLO
1994-04-04,4.713208198547363,4.598948955535889,4.713208198547363,4.627513885498047,511100.0,1.4197443723678589,VLO
1994-04-05,4.7417731285095215,4.684643745422363,4.684643745422363,4.7417731285095215,354000.0,1.4548002481460571,VLO
1994-04-06,4.856032848358154,4.7417731285095215,4.7417731285095215,4.77033805847168,283100.0,1.4635640382766724,VLO
1994-04-07,4.77033805847168,4.684643745422363,4.713208198547363,4.713208198547363,370200.0,1.446035385131836,VLO
1994-04-08,4.656078815460205,4.541819095611572,4.656078815460205,4.627513885498047,755200.0,1.4197443723678589,VLO
1994-04-11,4.713208198547363,4.627513885498047,4.627513885498047,4.656078815460205,499700.0,1.4285084009170532,VLO
1994-04-12,4.713208198547363,4.656078815460205,4.656078815460205,4.656078815460205,367100.0,1.4285084009170532,VLO
1994-04-13,4.684643745422363,4.598948955535889,4.627513885498047,4.656078815460205,311500.0,1.4285084009170532,VLO
1994-04-14,4.7417731285095215,4.627513885498047,4.627513885498047,4.7417731285095215,402500.0,1.4548002481460571,VLO
1994-04-15,4.827467918395996,4.656078815460205,4.684643745422363,4.827467918395996,688700.0,1.4810917377471924,VLO
1994-04-18,4.8845977783203125,4.798902988433838,4.798902988433838,4.8845977783203125,436200.0,1.4986194372177124,VLO
1994-04-19,4.913162708282471,4.856032848358154,4.856032848358154,4.913162708282471,444600.0,1.5073834657669067,VLO
1994-04-20,4.941727638244629,4.8845977783203125,4.8845977783203125,4.913162708282471,673000.0,1.5073834657669067,VLO
1994-04-21,5.055987358093262,4.913162708282471,4.941727638244629,4.941727638244629,406900.0,1.5161476135253906,VLO
1994-04-22,4.998857498168945,4.941727638244629,4.941727638244629,4.941727638244629,152700.0,1.5161476135253906,VLO
1994-04-25,4.998857498168945,4.941727638244629,4.941727638244629,4.998857498168945,64700.0,1.5336744785308838,VLO
1994-04-26,5.0274224281311035,4.970292568206787,4.970292568206787,4.998857498168945,662500.0,1.5336744785308838,VLO
1994-04-28,5.0274224281311035,4.941727638244629,4.970292568206787,4.998857498168945,203000.0,1.5336744785308838,VLO
1994-04-29,5.0274224281311035,4.998857498168945,5.0274224281311035,4.998857498168945,163600.0,1.5336744785308838,VLO
1994-05-02,5.0274224281311035,4.970292568206787,4.998857498168945,5.0274224281311035,122000.0,1.5424386262893677,VLO
1994-05-03,4.998857498168945,4.827467918395996,4.998857498168945,4.827467918395996,192100.0,1.4898964166641235,VLO
1994-05-04,4.77033805847168,4.598948955535889,4.77033805847168,4.627513885498047,757400.0,1.428184151649475,VLO
1994-05-05,4.656078815460205,4.456124305725098,4.656078815460205,4.541819095611572,1041000.0,1.4017361402511597,VLO
1994-05-06,4.5703840255737305,4.484689235687256,4.541819095611572,4.5703840255737305,499300.0,1.4105530977249146,VLO
1994-05-09,4.7417731285095215,4.598948955535889,4.598948955535889,4.684643745422363,460300.0,1.4458168745040894,VLO
1994-05-10,4.798902988433838,4.627513885498047,4.627513885498047,4.77033805847168,592500.0,1.4722644090652466,VLO
1994-05-11,4.77033805847168,4.684643745422363,4.77033805847168,4.713208198547363,226200.0,1.4546318054199219,VLO
1994-05-12,4.7417731285095215,4.656078815460205,4.7417731285095215,4.656078815460205,511900.0,1.4370006322860718,VLO
1994-05-13,4.684643745422363,4.656078815460205,4.684643745422363,4.684643745422363,52500.0,1.4458168745040894,VLO
1994-05-16,4.684643745422363,4.598948955535889,4.656078815460205,4.598948955535889,159200.0,1.4193693399429321,VLO
1994-05-17,4.627513885498047,4.598948955535889,4.598948955535889,4.627513885498047,370200.0,1.428184151649475,VLO
1994-05-18,4.627513885498047,4.5703840255737305,4.627513885498047,4.598948955535889,301000.0,1.4193693399429321,VLO
1994-05-19,4.598948955535889,4.5703840255737305,4.598948955535889,4.598948955535889,274300.0,1.4193693399429321,VLO
1994-05-20,4.598948955535889,4.5703840255737305,4.5703840255737305,4.5703840255737305,202600.0,1.4105530977249146,VLO
1994-05-23,4.598948955535889,4.513254165649414,4.598948955535889,4.513254165649414,741700.0,1.3929208517074585,VLO
1994-05-24,4.541819095611572,4.456124305725098,4.541819095611572,4.484689235687256,266900.0,1.3841053247451782,VLO
1994-05-25,4.484689235687256,4.398994445800781,4.484689235687256,4.456124305725098,227500.0,1.3752888441085815,VLO
1994-05-26,4.513254165649414,4.4275593757629395,4.456124305725098,4.513254165649414,134300.0,1.3929208517074585,VLO
1994-05-27,4.513254165649414,4.484689235687256,4.484689235687256,4.513254165649414,153100.0,1.3929208517074585,VLO
1994-05-31,4.513254165649414,4.456124305725098,4.513254165649414,4.456124305725098,204700.0,1.3752888441085815,VLO
1994-06-01,4.513254165649414,4.456124305725098,4.456124305725098,4.513254165649414,127300.0,1.3929208517074585,VLO
1994-06-02,4.5703840255737305,4.456124305725098,4.541819095611572,4.513254165649414,1311000.0,1.3929208517074585,VLO
1994-06-03,4.513254165649414,4.484689235687256,4.484689235687256,4.513254165649414,110700.0,1.3929208517074585,VLO
1994-06-06,4.484689235687256,4.398994445800781,4.484689235687256,4.4275593757629395,336000.0,1.366472601890564,VLO
1994-06-07,4.398994445800781,4.284734725952148,4.398994445800781,4.313299655914307,302800.0,1.3312087059020996,VLO
1994-06-08,4.313299655914307,4.25616979598999,4.313299655914307,4.313299655914307,227100.0,1.3312087059020996,VLO
1994-06-09,4.284734725952148,4.141910552978516,4.25616979598999,4.141910552978516,485700.0,1.278313159942627,VLO
1994-06-10,4.199040412902832,4.141910552978516,4.141910552978516,4.141910552978516,455500.0,1.278313159942627,VLO
1994-06-13,4.199040412902832,4.141910552978516,4.141910552978516,4.170475482940674,297100.0,1.287129521369934,VLO
1994-06-14,4.22760534286499,4.170475482940674,4.199040412902832,4.199040412902832,148700.0,1.295945405960083,VLO
1994-06-15,4.22760534286499,4.170475482940674,4.199040412902832,4.199040412902832,369700.0,1.295945405960083,VLO
1994-06-16,4.284734725952148,4.199040412902832,4.22760534286499,4.25616979598999,233600.0,1.3135772943496704,VLO
1994-06-17,4.25616979598999,4.199040412902832,4.25616979598999,4.199040412902832,373700.0,1.295945405960083,VLO
1994-06-20,4.199040412902832,4.056215763092041,4.170475482940674,4.113345623016357,324600.0,1.2694971561431885,VLO
1994-06-21,4.113345623016357,3.9990859031677246,4.113345623016357,4.027650833129883,258600.0,1.2430497407913208,VLO
1994-06-22,4.027650833129883,3.941956043243408,3.9990859031677246,3.9705209732055664,385900.0,1.2254176139831543,VLO
1994-06-23,4.027650833129883,3.941956043243408,3.9705209732055664,3.941956043243408,646300.0,1.216601848602295,VLO
1994-06-24,3.91339111328125,3.8276965618133545,3.91339111328125,3.8276965618133545,269900.0,1.1813385486602783,VLO
1994-06-27,3.91339111328125,3.8562614917755127,3.8562614917755127,3.91339111328125,245000.0,1.2077858448028564,VLO
1994-06-28,3.941956043243408,3.884826421737671,3.91339111328125,3.91339111328125,104500.0,1.2077858448028564,VLO
1994-06-29,3.9705209732055664,3.91339111328125,3.941956043243408,3.9705209732055664,458600.0,1.2254176139831543,VLO
1994-06-30,3.9990859031677246,3.9705209732055664,3.9705209732055664,3.9990859031677246,527700.0,1.2342334985733032,VLO
1994-07-01,3.9990859031677246,3.941956043243408,3.9990859031677246,3.9705209732055664,97100.0,1.2254176139831543,VLO
1994-07-05,4.084780693054199,3.941956043243408,3.941956043243408,4.056215763092041,422200.0,1.251865029335022,VLO
1994-07-06,4.113345623016357,4.056215763092041,4.056215763092041,4.113345623016357,283500.0,1.2694971561431885,VLO
1994-07-07,4.170475482940674,4.113345623016357,4.113345623016357,4.170475482940674,489600.0,1.287129521369934,VLO
1994-07-08,4.22760534286499,4.170475482940674,4.170475482940674,4.199040412902832,335200.0,1.295945405960083,VLO
1994-07-11,4.284734725952148,4.22760534286499,4.25616979598999,4.25616979598999,595500.0,1.3135772943496704,VLO
1994-07-12,4.341864585876465,4.284734725952148,4.284734725952148,4.341864585876465,597300.0,1.3400253057479858,VLO
1994-07-13,4.341864585876465,4.313299655914307,4.313299655914307,4.313299655914307,130800.0,1.3312087059020996,VLO
1994-07-14,4.313299655914307,4.25616979598999,4.284734725952148,4.284734725952148,669900.0,1.3223927021026611,VLO
1994-07-15,4.398994445800781,4.284734725952148,4.284734725952148,4.398994445800781,333000.0,1.3576570749282837,VLO
1994-07-18,4.513254165649414,4.398994445800781,4.398994445800781,4.484689235687256,377600.0,1.3841053247451782,VLO
1994-07-19,4.484689235687256,4.456124305725098,4.484689235687256,4.456124305725098,84800.0,1.3752888441085815,VLO
1994-07-20,4.456124305725098,4.370429515838623,4.456124305725098,4.398994445800781,189400.0,1.3576570749282837,VLO
1994-07-21,4.398994445800781,4.284734725952148,4.398994445800781,4.370429515838623,220900.0,1.3488413095474243,VLO
1994-07-22,4.4275593757629395,4.370429515838623,4.398994445800781,4.4275593757629395,1002100.0,1.366472601890564,VLO
1994-07-25,4.4275593757629395,4.370429515838623,4.398994445800781,4.398994445800781,100600.0,1.3576570749282837,VLO
1994-07-26,4.398994445800781,4.341864585876465,4.398994445800781,4.370429515838623,153500.0,1.3488413095474243,VLO
1994-07-27,4.370429515838623,4.341864585876465,4.370429515838623,4.370429515838623,143000.0,1.3488413095474243,VLO
1994-07-28,4.370429515838623,4.341864585876465,4.370429515838623,4.370429515838623,891800.0,1.3488413095474243,VLO
1994-07-29,4.370429515838623,4.313299655914307,4.370429515838623,4.341864585876465,239300.0,1.3400253057479858,VLO
1994-08-01,4.370429515838623,4.313299655914307,4.341864585876465,4.341864585876465,340000.0,1.3400253057479858,VLO
1994-08-02,4.313299655914307,4.25616979598999,4.284734725952148,4.25616979598999,164100.0,1.3226276636123657,VLO
1994-08-03,4.370429515838623,4.25616979598999,4.284734725952148,4.341864585876465,169700.0,1.3492578268051147,VLO
1994-08-04,4.398994445800781,4.341864585876465,4.341864585876465,4.370429515838623,154000.0,1.3581345081329346,VLO
1994-08-05,4.398994445800781,4.341864585876465,4.341864585876465,4.370429515838623,129500.0,1.3581345081329346,VLO
1994-08-08,4.456124305725098,4.370429515838623,4.370429515838623,4.456124305725098,84400.0,1.384764313697815,VLO
1994-08-09,4.541819095611572,4.4275593757629395,4.4275593757629395,4.541819095611572,261600.0,1.411393642425537,VLO
1994-08-10,4.541819095611572,4.456124305725098,4.541819095611572,4.513254165649414,227500.0,1.4025176763534546,VLO
1994-08-11,4.513254165649414,4.370429515838623,4.484689235687256,4.398994445800781,169300.0,1.3670111894607544,VLO
1994-08-12,4.398994445800781,4.341864585876465,4.398994445800781,4.398994445800781,110700.0,1.3670111894607544,VLO
1994-08-15,4.398994445800781,4.341864585876465,4.398994445800781,4.398994445800781,259400.0,1.3670111894607544,VLO
1994-08-16,4.398994445800781,4.370429515838623,4.398994445800781,4.398994445800781,173700.0,1.3670111894607544,VLO
1994-08-17,4.370429515838623,4.284734725952148,4.370429515838623,4.313299655914307,1178400.0,1.3403806686401367,VLO
1994-08-18,4.313299655914307,4.284734725952148,4.284734725952148,4.313299655914307,527700.0,1.3403806686401367,VLO
1994-08-19,4.341864585876465,4.284734725952148,4.313299655914307,4.341864585876465,652800.0,1.3492578268051147,VLO
1994-08-22,4.341864585876465,4.284734725952148,4.284734725952148,4.341864585876465,101900.0,1.3492578268051147,VLO
1994-08-23,4.370429515838623,4.25616979598999,4.370429515838623,4.25616979598999,244100.0,1.3226276636123657,VLO
1994-08-24,4.313299655914307,4.25616979598999,4.25616979598999,4.284734725952148,317200.0,1.3315038681030273,VLO
1994-08-25,4.313299655914307,4.25616979598999,4.284734725952148,4.284734725952148,347000.0,1.3315038681030273,VLO
1994-08-26,4.341864585876465,4.284734725952148,4.284734725952148,4.313299655914307,332500.0,1.3403806686401367,VLO
1994-08-29,4.370429515838623,4.284734725952148,4.313299655914307,4.341864585876465,509300.0,1.3492578268051147,VLO
1994-08-30,4.541819095611572,4.341864585876465,4.370429515838623,4.541819095611572,574500.0,1.411393642425537,VLO
1994-08-31,4.627513885498047,4.513254165649414,4.513254165649414,4.598948955535889,292700.0,1.42914879322052,VLO
1994-09-01,4.598948955535889,4.541819095611572,4.5703840255737305,4.598948955535889,446300.0,1.42914879322052,VLO
1994-09-02,4.656078815460205,4.5703840255737305,4.598948955535889,4.627513885498047,344300.0,1.4380241632461548,VLO
1994-09-06,4.656078815460205,4.5703840255737305,4.5703840255737305,4.627513885498047,437100.0,1.4380241632461548,VLO
1994-09-07,4.627513885498047,4.5703840255737305,4.627513885498047,4.627513885498047,462900.0,1.4380241632461548,VLO
1994-09-08,4.656078815460205,4.598948955535889,4.598948955535889,4.627513885498047,384600.0,1.4380241632461548,VLO
1994-09-09,4.656078815460205,4.5703840255737305,4.656078815460205,4.627513885498047,246800.0,1.4380241632461548,VLO
1994-09-12,4.598948955535889,4.5703840255737305,4.598948955535889,4.598948955535889,139500.0,1.42914879322052,VLO
1994-09-13,4.598948955535889,4.5703840255737305,4.5703840255737305,4.598948955535889,289600.0,1.42914879322052,VLO
1994-09-14,4.627513885498047,4.5703840255737305,4.598948955535889,4.5703840255737305,293100.0,1.4202712774276733,VLO
1994-09-15,4.684643745422363,4.5703840255737305,4.5703840255737305,4.627513885498047,243700.0,1.4380241632461548,VLO
1994-09-16,4.656078815460205,4.627513885498047,4.656078815460205,4.656078815460205,233200.0,1.4469010829925537,VLO
1994-09-19,4.684643745422363,4.627513885498047,4.656078815460205,4.684643745422363,482200.0,1.4557783603668213,VLO
1994-09-20,4.7417731285095215,4.627513885498047,4.627513885498047,4.7417731285095215,213900.0,1.473531723022461,VLO
1994-09-21,4.827467918395996,4.713208198547363,4.7417731285095215,4.7417731285095215,427900.0,1.473531723022461,VLO
1994-09-22,4.77033805847168,4.713208198547363,4.77033805847168,4.7417731285095215,427900.0,1.473531723022461,VLO
1994-09-23,4.7417731285095215,4.684643745422363,4.7417731285095215,4.684643745422363,334700.0,1.4557783603668213,VLO
1994-09-26,4.684643745422363,4.656078815460205,4.684643745422363,4.684643745422363,153100.0,1.4557783603668213,VLO
1994-09-27,4.713208198547363,4.656078815460205,4.656078815460205,4.684643745422363,326400.0,1.4557783603668213,VLO
1994-09-28,4.713208198547363,4.656078815460205,4.713208198547363,4.684643745422363,166700.0,1.4557783603668213,VLO
1994-09-29,4.684643745422363,4.598948955535889,4.684643745422363,4.598948955535889,473400.0,1.42914879322052,VLO
1994-09-30,4.656078815460205,4.5703840255737305,4.598948955535889,4.627513885498047,588500.0,1.4380241632461548,VLO
1994-10-03,4.656078815460205,4.598948955535889,4.627513885498047,4.627513885498047,431400.0,1.4380241632461548,VLO
1994-10-04,4.713208198547363,4.627513885498047,4.627513885498047,4.656078815460205,340800.0,1.4469010829925537,VLO
1994-10-05,4.684643745422363,4.627513885498047,4.656078815460205,4.627513885498047,389400.0,1.4380241632461548,VLO
1994-10-06,4.7417731285095215,4.627513885498047,4.627513885498047,4.713208198547363,345200.0,1.4646540880203247,VLO
1994-10-07,4.970292568206787,4.713208198547363,4.713208198547363,4.8845977783203125,548700.0,1.5179146528244019,VLO
1994-10-10,4.941727638244629,4.8845977783203125,4.913162708282471,4.913162708282471,157000.0,1.5267918109893799,VLO
1994-10-11,4.913162708282471,4.856032848358154,4.913162708282471,4.913162708282471,137800.0,1.5267918109893799,VLO
1994-10-12,4.941727638244629,4.8845977783203125,4.913162708282471,4.913162708282471,165400.0,1.5267918109893799,VLO
1994-10-13,4.941727638244629,4.8845977783203125,4.913162708282471,4.8845977783203125,98000.0,1.5179146528244019,VLO
1994-10-14,4.8845977783203125,4.713208198547363,4.856032848358154,4.713208198547363,487400.0,1.4646540880203247,VLO
1994-10-17,4.827467918395996,4.77033805847168,4.77033805847168,4.798902988433838,126900.0,1.4912846088409424,VLO
1994-10-18,4.798902988433838,4.7417731285095215,4.798902988433838,4.7417731285095215,106700.0,1.473531723022461,VLO
1994-10-19,4.941727638244629,4.713208198547363,4.7417731285095215,4.941727638244629,412600.0,1.5356687307357788,VLO
1994-10-20,4.998857498168945,4.856032848358154,4.913162708282471,4.970292568206787,792400.0,1.544545292854309,VLO
1994-10-21,5.0274224281311035,4.970292568206787,4.998857498168945,4.998857498168945,355700.0,1.5534212589263916,VLO
1994-10-24,4.970292568206787,4.913162708282471,4.970292568206787,4.941727638244629,631800.0,1.5356687307357788,VLO
1994-10-25,4.913162708282471,4.8845977783203125,4.913162708282471,4.913162708282471,238400.0,1.5360265970230103,VLO
1994-10-26,4.913162708282471,4.8845977783203125,4.913162708282471,4.913162708282471,107600.0,1.5360265970230103,VLO
1994-10-27,4.913162708282471,4.8845977783203125,4.913162708282471,4.913162708282471,160500.0,1.5360265970230103,VLO
1994-10-28,4.998857498168945,4.913162708282471,4.913162708282471,4.941727638244629,426200.0,1.5449572801589966,VLO
1994-10-31,4.998857498168945,4.913162708282471,4.941727638244629,4.941727638244629,290500.0,1.5449572801589966,VLO
1994-11-01,4.970292568206787,4.8845977783203125,4.913162708282471,4.970292568206787,300600.0,1.5538873672485352,VLO
1994-11-02,4.998857498168945,4.941727638244629,4.970292568206787,4.970292568206787,115500.0,1.5538873672485352,VLO
1994-11-03,4.998857498168945,4.970292568206787,4.970292568206787,4.970292568206787,83500.0,1.5538873672485352,VLO
1994-11-04,4.970292568206787,4.941727638244629,4.970292568206787,4.970292568206787,353500.0,1.5538873672485352,VLO
1994-11-07,4.970292568206787,4.827467918395996,4.970292568206787,4.827467918395996,84400.0,1.5092352628707886,VLO
1994-11-08,4.827467918395996,4.77033805847168,4.827467918395996,4.827467918395996,322500.0,1.5092352628707886,VLO
1994-11-09,4.798902988433838,4.7417731285095215,4.77033805847168,4.7417731285095215,314100.0,1.4824429750442505,VLO
1994-11-10,4.713208198547363,4.656078815460205,4.713208198547363,4.656078815460205,203900.0,1.4556525945663452,VLO
1994-11-11,4.656078815460205,4.598948955535889,4.656078815460205,4.627513885498047,166700.0,1.446722149848938,VLO
1994-11-14,4.856032848358154,4.598948955535889,4.598948955535889,4.7417731285095215,341300.0,1.4824429750442505,VLO
1994-11-15,4.7417731285095215,4.656078815460205,4.7417731285095215,4.713208198547363,232300.0,1.4735133647918701,VLO
1994-11-16,4.7417731285095215,4.713208198547363,4.713208198547363,4.7417731285095215,103700.0,1.4824429750442505,VLO
1994-11-17,4.798902988433838,4.7417731285095215,4.7417731285095215,4.77033805847168,447600.0,1.4913747310638428,VLO
1994-11-18,4.77033805847168,4.656078815460205,4.77033805847168,4.684643745422363,413900.0,1.4645832777023315,VLO
1994-11-21,4.684643745422363,4.5703840255737305,4.684643745422363,4.5703840255737305,111100.0,1.4288616180419922,VLO
1994-11-22,4.598948955535889,4.541819095611572,4.5703840255737305,4.541819095611572,236700.0,1.4199305772781372,VLO
1994-11-23,4.541819095611572,4.4275593757629395,4.541819095611572,4.4275593757629395,460300.0,1.3842095136642456,VLO
1994-11-25,4.484689235687256,4.4275593757629395,4.4275593757629395,4.484689235687256,43300.0,1.4020715951919556,VLO
1994-11-28,4.484689235687256,4.398994445800781,4.456124305725098,4.4275593757629395,117700.0,1.3842095136642456,VLO
1994-11-29,4.456124305725098,4.398994445800781,4.4275593757629395,4.4275593757629395,75700.0,1.3842095136642456,VLO
1994-11-30,4.398994445800781,4.313299655914307,4.398994445800781,4.341864585876465,145700.0,1.3574186563491821,VLO
1994-12-01,4.398994445800781,4.284734725952148,4.313299655914307,4.341864585876465,229300.0,1.3574186563491821,VLO
1994-12-02,4.341864585876465,4.284734725952148,4.341864585876465,4.284734725952148,445000.0,1.3395572900772095,VLO
1994-12-05,4.284734725952148,4.22760534286499,4.25616979598999,4.284734725952148,277400.0,1.3395572900772095,VLO
1994-12-06,4.25616979598999,4.141910552978516,4.25616979598999,4.141910552978516,466900.0,1.2949059009552002,VLO
1994-12-07,4.199040412902832,4.113345623016357,4.141910552978516,4.170475482940674,198600.0,1.3038362264633179,VLO
1994-12-08,4.199040412902832,4.141910552978516,4.170475482940674,4.141910552978516,401200.0,1.2949059009552002,VLO
1994-12-09,4.22760534286499,4.141910552978516,4.141910552978516,4.22760534286499,130800.0,1.3216966390609741,VLO
1994-12-12,4.25616979598999,4.199040412902832,4.199040412902832,4.25616979598999,453700.0,1.3306273221969604,VLO
1994-12-13,4.25616979598999,4.199040412902832,4.22760534286499,4.22760534286499,213100.0,1.3216966390609741,VLO
1994-12-14,4.22760534286499,4.199040412902832,4.22760534286499,4.199040412902832,191200.0,1.3127670288085938,VLO
1994-12-15,4.22760534286499,4.141910552978516,4.22760534286499,4.199040412902832,265100.0,1.3127670288085938,VLO
1994-12-16,4.170475482940674,4.027650833129883,4.141910552978516,4.056215763092041,451600.0,1.268114686012268,VLO
1994-12-19,4.056215763092041,3.9705209732055664,4.027650833129883,3.9990859031677246,343900.0,1.250253677368164,VLO
1994-12-20,3.9990859031677246,3.941956043243408,3.9705209732055664,3.941956043243408,239300.0,1.2323938608169556,VLO
1994-12-21,3.9990859031677246,3.8562614917755127,3.91339111328125,3.8562614917755127,448900.0,1.2056018114089966,VLO
1994-12-22,3.884826421737671,3.7991316318511963,3.884826421737671,3.8562614917755127,1046300.0,1.2056018114089966,VLO
1994-12-23,3.884826421737671,3.8562614917755127,3.8562614917755127,3.8562614917755127,214800.0,1.2056018114089966,VLO
1994-12-27,3.884826421737671,3.8276965618133545,3.8562614917755127,3.8276965618133545,245400.0,1.196671724319458,VLO
1994-12-28,3.8562614917755127,3.770566701889038,3.8276965618133545,3.7991316318511963,321600.0,1.1877413988113403,VLO
1994-12-29,3.8562614917755127,3.7991316318511963,3.8276965618133545,3.8562614917755127,440600.0,1.2056018114089966,VLO
1994-12-30,3.884826421737671,3.8276965618133545,3.8276965618133545,3.8562614917755127,623100.0,1.2056018114089966,VLO
1995-01-03,3.884826421737671,3.8276965618133545,3.884826421737671,3.8562614917755127,525500.0,1.2056018114089966,VLO
1995-01-04,3.91339111328125,3.8562614917755127,3.8562614917755127,3.91339111328125,164100.0,1.223462700843811,VLO
1995-01-05,3.91339111328125,3.8562614917755127,3.91339111328125,3.884826421737671,207800.0,1.2145323753356934,VLO
1995-01-06,3.884826421737671,3.8562614917755127,3.884826421737671,3.8562614917755127,317600.0,1.2056018114089966,VLO
1995-01-09,3.884826421737671,3.8562614917755127,3.884826421737671,3.8562614917755127,193800.0,1.2056018114089966,VLO
1995-01-10,3.91339111328125,3.8562614917755127,3.884826421737671,3.884826421737671,198600.0,1.2145323753356934,VLO
1995-01-11,3.8562614917755127,3.7991316318511963,3.8562614917755127,3.7991316318511963,277800.0,1.1877413988113403,VLO
1995-01-12,3.8276965618133545,3.74200177192688,3.7991316318511963,3.770566701889038,139500.0,1.1788105964660645,VLO
1995-01-13,3.770566701889038,3.7134368419647217,3.770566701889038,3.74200177192688,111500.0,1.1698805093765259,VLO
1995-01-16,3.884826421737671,3.7991316318511963,3.7991316318511963,3.8562614917755127,552600.0,1.2056018114089966,VLO
1995-01-17,3.884826421737671,3.8562614917755127,3.8562614917755127,3.884826421737671,770600.0,1.2145323753356934,VLO
1995-01-18,3.91339111328125,3.8562614917755127,3.884826421737671,3.884826421737671,873800.0,1.2145323753356934,VLO
1995-01-19,3.941956043243408,3.884826421737671,3.91339111328125,3.941956043243408,245900.0,1.2323938608169556,VLO
1995-01-20,3.9705209732055664,3.884826421737671,3.941956043243408,3.91339111328125,295300.0,1.223462700843811,VLO
1995-01-23,4.056215763092041,3.91339111328125,3.941956043243408,4.056215763092041,462900.0,1.268114686012268,VLO
1995-01-24,4.056215763092041,3.9990859031677246,3.9990859031677246,4.027650833129883,365800.0,1.2591840028762817,VLO
1995-01-25,4.027650833129883,3.941956043243408,4.027650833129883,3.9705209732055664,151800.0,1.2413233518600464,VLO
1995-01-26,4.027650833129883,3.9990859031677246,3.9990859031677246,3.9990859031677246,120700.0,1.250253677368164,VLO
1995-01-27,4.084780693054199,4.027650833129883,4.027650833129883,4.027650833129883,130400.0,1.2591840028762817,VLO
1995-01-30,4.056215763092041,4.027650833129883,4.027650833129883,4.027650833129883,96700.0,1.2591840028762817,VLO
1995-01-31,4.027650833129883,3.9990859031677246,4.027650833129883,3.9990859031677246,472100.0,1.250253677368164,VLO
1995-02-01,4.027650833129883,3.9990859031677246,4.027650833129883,3.9990859031677246,209100.0,1.250253677368164,VLO
1995-02-02,4.027650833129883,3.9705209732055664,3.9990859031677246,3.9705209732055664,308500.0,1.2413233518600464,VLO
1995-02-03,4.027650833129883,3.9705209732055664,3.9990859031677246,4.027650833129883,177600.0,1.2591840028762817,VLO
1995-02-06,4.084780693054199,3.9705209732055664,3.9705209732055664,4.084780693054199,809500.0,1.286535382270813,VLO
1995-02-07,4.084780693054199,3.9990859031677246,4.056215763092041,3.9990859031677246,575400.0,1.2595447301864624,VLO
1995-02-08,4.027650833129883,3.9705209732055664,3.9990859031677246,3.9990859031677246,939500.0,1.2595447301864624,VLO
1995-02-09,4.027650833129883,3.9705209732055664,3.9990859031677246,3.9705209732055664,400800.0,1.250548243522644,VLO
1995-02-10,3.9990859031677246,3.9705209732055664,3.9705209732055664,3.9990859031677246,122500.0,1.2595447301864624,VLO
1995-02-13,3.9990859031677246,3.9705209732055664,3.9705209732055664,3.9705209732055664,154400.0,1.250548243522644,VLO
1995-02-14,3.9990859031677246,3.941956043243408,3.9705209732055664,3.941956043243408,212600.0,1.2415517568588257,VLO
1995-02-15,3.9705209732055664,3.941956043243408,3.941956043243408,3.9705209732055664,334700.0,1.250548243522644,VLO
1995-02-16,3.9990859031677246,3.941956043243408,3.9990859031677246,3.9705209732055664,1204700.0,1.250548243522644,VLO
1995-02-17,4.027650833129883,3.9705209732055664,3.9705209732055664,4.027650833129883,372800.0,1.2685412168502808,VLO
1995-02-21,4.027650833129883,3.91339111328125,3.9990859031677246,3.941956043243408,511900.0,1.2415517568588257,VLO
1995-02-22,4.027650833129883,3.9705209732055664,3.9990859031677246,4.027650833129883,239800.0,1.2685412168502808,VLO
1995-02-23,4.113345623016357,4.027650833129883,4.027650833129883,4.084780693054199,361000.0,1.286535382270813,VLO
1995-02-24,4.141910552978516,4.084780693054199,4.084780693054199,4.113345623016357,336000.0,1.295531988143921,VLO
1995-02-27,4.113345623016357,4.027650833129883,4.113345623016357,4.027650833129883,317600.0,1.2685412168502808,VLO
1995-02-28,4.084780693054199,4.027650833129883,4.056215763092041,4.084780693054199,389000.0,1.286535382270813,VLO
1995-03-01,4.084780693054199,4.056215763092041,4.084780693054199,4.084780693054199,113700.0,1.286535382270813,VLO
1995-03-02,4.084780693054199,4.027650833129883,4.084780693054199,4.056215763092041,76500.0,1.2775384187698364,VLO
1995-03-03,4.056215763092041,4.027650833129883,4.056215763092041,4.056215763092041,147400.0,1.2775384187698364,VLO
1995-03-06,4.027650833129883,3.9705209732055664,4.027650833129883,4.027650833129883,173700.0,1.2685412168502808,VLO
1995-03-07,4.027650833129883,3.9705209732055664,4.027650833129883,3.9705209732055664,176300.0,1.250548243522644,VLO
1995-03-08,3.9705209732055664,3.884826421737671,3.9705209732055664,3.91339111328125,650200.0,1.2325544357299805,VLO
1995-03-09,3.941956043243408,3.884826421737671,3.91339111328125,3.884826421737671,407800.0,1.2235583066940308,VLO
1995-03-10,3.91339111328125,3.8562614917755127,3.91339111328125,3.884826421737671,309800.0,1.2235583066940308,VLO
1995-03-13,3.8562614917755127,3.8276965618133545,3.8276965618133545,3.8562614917755127,335600.0,1.2145609855651855,VLO
1995-03-14,3.884826421737671,3.8562614917755127,3.884826421737671,3.8562614917755127,389000.0,1.2145609855651855,VLO
1995-03-15,3.8562614917755127,3.770566701889038,3.8276965618133545,3.770566701889038,198600.0,1.1875708103179932,VLO
1995-03-16,3.91339111328125,3.7991316318511963,3.7991316318511963,3.91339111328125,202600.0,1.2325544357299805,VLO
1995-03-17,3.8562614917755127,3.8276965618133545,3.8562614917755127,3.8276965618133545,163200.0,1.2055646181106567,VLO
1995-03-20,3.884826421737671,3.7991316318511963,3.7991316318511963,3.8276965618133545,1620400.0,1.2055646181106567,VLO
1995-03-21,3.8562614917755127,3.7134368419647217,3.8276965618133545,3.770566701889038,829200.0,1.1875708103179932,VLO
1995-03-22,3.770566701889038,3.6848719120025635,3.770566701889038,3.7134368419647217,315900.0,1.1695767641067505,VLO
1995-03-23,3.74200177192688,3.6563072204589844,3.6848719120025635,3.7134368419647217,248100.0,1.1695767641067505,VLO
1995-03-24,3.74200177192688,3.6848719120025635,3.7134368419647217,3.74200177192688,150900.0,1.1785742044448853,VLO
1995-03-27,3.884826421737671,3.74200177192688,3.74200177192688,3.8562614917755127,477400.0,1.2145609855651855,VLO
1995-03-28,3.8562614917755127,3.8276965618133545,3.8562614917755127,3.8562614917755127,136500.0,1.2145609855651855,VLO
1995-03-29,3.941956043243408,3.8562614917755127,3.8562614917755127,3.91339111328125,512400.0,1.2325544357299805,VLO
1995-03-30,4.25616979598999,3.941956043243408,3.941956043243408,4.25616979598999,5750500.0,1.3405158519744873,VLO
1995-03-31,4.25616979598999,4.170475482940674,4.25616979598999,4.199040412902832,588100.0,1.322522521018982,VLO
1995-04-03,4.25616979598999,4.170475482940674,4.199040412902832,4.25616979598999,267800.0,1.3405158519744873,VLO
1995-04-04,4.284734725952148,4.22760534286499,4.25616979598999,4.25616979598999,278700.0,1.3405158519744873,VLO
1995-04-05,4.341864585876465,4.25616979598999,4.25616979598999,4.313299655914307,3278400.0,1.3585093021392822,VLO
1995-04-06,4.341864585876465,4.284734725952148,4.341864585876465,4.284734725952148,1069900.0,1.349511981010437,VLO
1995-04-07,4.313299655914307,4.25616979598999,4.284734725952148,4.313299655914307,605200.0,1.3585093021392822,VLO
1995-04-10,4.313299655914307,4.25616979598999,4.284734725952148,4.25616979598999,193400.0,1.3405158519744873,VLO
1995-04-11,4.284734725952148,4.22760534286499,4.25616979598999,4.22760534286499,366700.0,1.3315191268920898,VLO
1995-04-12,4.25616979598999,4.199040412902832,4.25616979598999,4.199040412902832,337800.0,1.322522521018982,VLO
1995-04-13,4.199040412902832,4.141910552978516,4.170475482940674,4.141910552978516,218800.0,1.304528832435608,VLO
1995-04-17,4.141910552978516,4.056215763092041,4.113345623016357,4.141910552978516,272100.0,1.304528832435608,VLO
1995-04-18,4.113345623016357,4.084780693054199,4.113345623016357,4.084780693054199,40600.0,1.286535382270813,VLO
1995-04-19,4.170475482940674,4.113345623016357,4.113345623016357,4.141910552978516,875600.0,1.304528832435608,VLO
1995-04-20,4.199040412902832,4.113345623016357,4.141910552978516,4.170475482940674,665100.0,1.3135250806808472,VLO
1995-04-21,4.684643745422363,4.25616979598999,4.284734725952148,4.656078815460205,2657100.0,1.4664700031280518,VLO
1995-04-24,4.856032848358154,4.627513885498047,4.627513885498047,4.7417731285095215,751300.0,1.4934598207473755,VLO
1995-04-25,4.7417731285095215,4.684643745422363,4.7417731285095215,4.684643745422363,228400.0,1.4754670858383179,VLO
1995-04-26,4.8845977783203125,4.627513885498047,4.713208198547363,4.8845977783203125,590300.0,1.5384443998336792,VLO
1995-04-27,4.8845977783203125,4.77033805847168,4.8845977783203125,4.798902988433838,136000.0,1.5114541053771973,VLO
1995-04-28,4.956009864807129,4.798902988433838,4.798902988433838,4.941727638244629,661600.0,1.556437611579895,VLO
1995-05-01,5.227376461029053,4.941727638244629,4.941727638244629,5.227376461029053,1139500.0,1.64640474319458,VLO
1995-05-02,5.227376461029053,5.08455228805542,5.227376461029053,5.08455228805542,2189700.0,1.601420521736145,VLO
1995-05-03,5.113117218017578,4.970292568206787,5.0274224281311035,5.055987358093262,859000.0,1.6017839908599854,VLO
1995-05-04,5.08455228805542,4.8845977783203125,5.08455228805542,4.913162708282471,302300.0,1.5565364360809326,VLO
1995-05-05,4.941727638244629,4.827467918395996,4.941727638244629,4.8845977783203125,529400.0,1.547485589981079,VLO
1995-05-08,4.827467918395996,4.713208198547363,4.798902988433838,4.77033805847168,556600.0,1.5112876892089844,VLO
1995-05-09,4.827467918395996,4.713208198547363,4.827467918395996,4.7417731285095215,207800.0,1.5022376775741577,VLO
1995-05-10,4.856032848358154,4.656078815460205,4.713208198547363,4.856032848358154,396000.0,1.5384361743927002,VLO
1995-05-11,4.998857498168945,4.8845977783203125,4.8845977783203125,4.8845977783203125,560100.0,1.547485589981079,VLO
1995-05-12,4.970292568206787,4.798902988433838,4.798902988433838,4.913162708282471,235400.0,1.5565364360809326,VLO
1995-05-15,4.998857498168945,4.8845977783203125,4.913162708282471,4.998857498168945,308900.0,1.5836843252182007,VLO
1995-05-16,5.055987358093262,4.970292568206787,4.998857498168945,5.055987358093262,446300.0,1.6017839908599854,VLO
1995-05-17,5.055987358093262,4.913162708282471,5.055987358093262,4.913162708282471,389900.0,1.5565364360809326,VLO
1995-05-18,4.941727638244629,4.8845977783203125,4.941727638244629,4.8845977783203125,232300.0,1.547485589981079,VLO
1995-05-19,4.8845977783203125,4.798902988433838,4.8845977783203125,4.798902988433838,116800.0,1.5203369855880737,VLO
1995-05-22,4.827467918395996,4.77033805847168,4.827467918395996,4.798902988433838,247600.0,1.5203369855880737,VLO
1995-05-23,4.913162708282471,4.798902988433838,4.798902988433838,4.8845977783203125,117700.0,1.547485589981079,VLO
1995-05-24,4.913162708282471,4.856032848358154,4.856032848358154,4.913162708282471,229300.0,1.5565364360809326,VLO
1995-05-25,4.8845977783203125,4.856032848358154,4.8845977783203125,4.856032848358154,136000.0,1.5384361743927002,VLO
1995-05-26,4.8845977783203125,4.856032848358154,4.856032848358154,4.8845977783203125,172800.0,1.547485589981079,VLO
1995-05-30,4.8845977783203125,4.856032848358154,4.856032848358154,4.856032848358154,186400.0,1.5384361743927002,VLO
1995-05-31,4.8845977783203125,4.827467918395996,4.856032848358154,4.856032848358154,121200.0,1.5384361743927002,VLO
1995-06-01,4.8845977783203125,4.827467918395996,4.827467918395996,4.856032848358154,143000.0,1.5384361743927002,VLO
1995-06-02,4.941727638244629,4.8845977783203125,4.913162708282471,4.941727638244629,449400.0,1.5655862092971802,VLO
1995-06-05,4.970292568206787,4.913162708282471,4.941727638244629,4.970292568206787,78700.0,1.57463538646698,VLO
1995-06-06,4.970292568206787,4.913162708282471,4.941727638244629,4.941727638244629,225800.0,1.5655862092971802,VLO
1995-06-07,4.941727638244629,4.8845977783203125,4.913162708282471,4.913162708282471,136900.0,1.5565364360809326,VLO
1995-06-08,4.8845977783203125,4.77033805847168,4.8845977783203125,4.77033805847168,98000.0,1.5112876892089844,VLO
1995-06-09,4.798902988433838,4.7417731285095215,4.77033805847168,4.77033805847168,243700.0,1.5112876892089844,VLO
1995-06-12,4.77033805847168,4.7417731285095215,4.77033805847168,4.77033805847168,74800.0,1.5112876892089844,VLO
1995-06-13,4.77033805847168,4.7417731285095215,4.7417731285095215,4.7417731285095215,103200.0,1.5022376775741577,VLO
1995-06-14,4.7417731285095215,4.684643745422363,4.713208198547363,4.684643745422363,203900.0,1.4841396808624268,VLO
1995-06-15,4.713208198547363,4.684643745422363,4.684643745422363,4.684643745422363,298400.0,1.4841396808624268,VLO
1995-06-16,4.713208198547363,4.598948955535889,4.684643745422363,4.627513885498047,665100.0,1.4660392999649048,VLO
1995-06-19,4.713208198547363,4.598948955535889,4.627513885498047,4.713208198547363,197700.0,1.4931882619857788,VLO
1995-06-20,4.827467918395996,4.684643745422363,4.684643745422363,4.827467918395996,257700.0,1.529387354850769,VLO
1995-06-21,4.8845977783203125,4.827467918395996,4.827467918395996,4.8845977783203125,478200.0,1.547485589981079,VLO
1995-06-22,4.8845977783203125,4.856032848358154,4.8845977783203125,4.856032848358154,348700.0,1.5384361743927002,VLO
1995-06-23,4.8845977783203125,4.798902988433838,4.856032848358154,4.798902988433838,508400.0,1.5203369855880737,VLO
1995-06-26,4.856032848358154,4.5703840255737305,4.798902988433838,4.5703840255737305,233600.0,1.4479398727416992,VLO
1995-06-27,4.713208198547363,4.5703840255737305,4.598948955535889,4.684643745422363,340000.0,1.4841396808624268,VLO
1995-06-28,4.656078815460205,4.598948955535889,4.656078815460205,4.656078815460205,230100.0,1.4750893115997314,VLO
1995-06-29,4.598948955535889,4.513254165649414,4.598948955535889,4.5703840255737305,655900.0,1.4479398727416992,VLO
1995-06-30,4.627513885498047,4.541819095611572,4.5703840255737305,4.627513885498047,452900.0,1.4660392999649048,VLO
1995-07-03,4.627513885498047,4.598948955535889,4.598948955535889,4.598948955535889,57300.0,1.456990122795105,VLO
1995-07-05,4.598948955535889,4.513254165649414,4.598948955535889,4.513254165649414,247200.0,1.42984139919281,VLO
1995-07-06,4.5703840255737305,4.484689235687256,4.513254165649414,4.541819095611572,145200.0,1.4388903379440308,VLO
1995-07-07,4.5703840255737305,4.513254165649414,4.513254165649414,4.513254165649414,449400.0,1.42984139919281,VLO
1995-07-10,4.656078815460205,4.484689235687256,4.541819095611572,4.627513885498047,525900.0,1.4660392999649048,VLO
1995-07-11,4.856032848358154,4.656078815460205,4.656078815460205,4.856032848358154,1966100.0,1.5384361743927002,VLO
1995-07-12,4.856032848358154,4.798902988433838,4.827467918395996,4.856032848358154,480000.0,1.5384361743927002,VLO
1995-07-13,4.8845977783203125,4.798902988433838,4.827467918395996,4.798902988433838,524600.0,1.5203369855880737,VLO
1995-07-14,4.8845977783203125,4.827467918395996,4.827467918395996,4.8845977783203125,502800.0,1.547485589981079,VLO
1995-07-17,4.8845977783203125,4.856032848358154,4.8845977783203125,4.856032848358154,263400.0,1.5384361743927002,VLO
1995-07-18,4.941727638244629,4.856032848358154,4.856032848358154,4.941727638244629,722000.0,1.5655862092971802,VLO
1995-07-19,5.08455228805542,4.913162708282471,4.913162708282471,5.08455228805542,692200.0,1.610833764076233,VLO
1995-07-20,5.1988115310668945,5.08455228805542,5.113117218017578,5.141681671142578,470800.0,1.628932237625122,VLO
1995-07-21,5.141681671142578,5.113117218017578,5.141681671142578,5.141681671142578,792900.0,1.628932237625122,VLO
1995-07-24,5.170246601104736,5.113117218017578,5.170246601104736,5.113117218017578,252000.0,1.619883418083191,VLO
1995-07-25,5.227376461029053,5.170246601104736,5.170246601104736,5.1988115310668945,588500.0,1.6470319032669067,VLO
1995-07-26,5.227376461029053,5.1988115310668945,5.1988115310668945,5.1988115310668945,267300.0,1.6470319032669067,VLO
1995-07-27,5.284506320953369,5.1988115310668945,5.227376461029053,5.255941390991211,1013900.0,1.6651312112808228,VLO
1995-07-28,5.284506320953369,5.227376461029053,5.255941390991211,5.255941390991211,957400.0,1.6651312112808228,VLO
1995-07-31,5.313071250915527,5.227376461029053,5.255941390991211,5.313071250915527,846700.0,1.6832305192947388,VLO
1995-08-01,5.313071250915527,5.255941390991211,5.284506320953369,5.255941390991211,314600.0,1.6651312112808228,VLO
1995-08-02,5.284506320953369,5.227376461029053,5.284506320953369,5.255941390991211,419600.0,1.6651312112808228,VLO
1995-08-03,5.227376461029053,5.170246601104736,5.227376461029053,5.227376461029053,345200.0,1.656082034111023,VLO
1995-08-04,5.255941390991211,5.1988115310668945,5.1988115310668945,5.255941390991211,519400.0,1.6746485233306885,VLO
1995-08-07,5.255941390991211,5.1988115310668945,5.255941390991211,5.227376461029053,277000.0,1.6655471324920654,VLO
1995-08-08,5.284506320953369,5.227376461029053,5.227376461029053,5.255941390991211,325100.0,1.6746485233306885,VLO
1995-08-09,5.284506320953369,5.227376461029053,5.284506320953369,5.227376461029053,169700.0,1.6655471324920654,VLO
1995-08-10,5.313071250915527,5.227376461029053,5.227376461029053,5.313071250915527,388100.0,1.6928526163101196,VLO
1995-08-11,5.313071250915527,5.227376461029053,5.284506320953369,5.227376461029053,295300.0,1.6655471324920654,VLO
1995-08-14,5.227376461029053,5.1988115310668945,5.227376461029053,5.1988115310668945,248500.0,1.656446933746338,VLO
1995-08-15,5.1988115310668945,5.113117218017578,5.170246601104736,5.113117218017578,271700.0,1.6291425228118896,VLO
1995-08-16,5.227376461029053,5.170246601104736,5.170246601104736,5.170246601104736,240200.0,1.6473445892333984,VLO
1995-08-17,5.227376461029053,5.170246601104736,5.1988115310668945,5.227376461029053,575800.0,1.6655471324920654,VLO
1995-08-18,5.284506320953369,5.227376461029053,5.227376461029053,5.227376461029053,594200.0,1.6655471324920654,VLO
1995-08-21,5.284506320953369,5.1988115310668945,5.255941390991211,5.1988115310668945,325500.0,1.656446933746338,VLO
1995-08-22,5.255941390991211,5.1988115310668945,5.1988115310668945,5.227376461029053,413000.0,1.6655471324920654,VLO
1995-08-23,5.313071250915527,5.227376461029053,5.255941390991211,5.284506320953369,447600.0,1.6837503910064697,VLO
1995-08-24,5.313071250915527,5.255941390991211,5.313071250915527,5.255941390991211,105400.0,1.6746485233306885,VLO
1995-08-25,5.284506320953369,5.227376461029053,5.284506320953369,5.227376461029053,196400.0,1.6655471324920654,VLO
1995-08-28,5.255941390991211,5.1988115310668945,5.227376461029053,5.255941390991211,227100.0,1.6746485233306885,VLO
1995-08-29,5.313071250915527,5.170246601104736,5.227376461029053,5.1988115310668945,403400.0,1.656446933746338,VLO
1995-08-30,5.1988115310668945,5.170246601104736,5.1988115310668945,5.1988115310668945,266900.0,1.656446933746338,VLO
1995-08-31,5.227376461029053,5.170246601104736,5.1988115310668945,5.227376461029053,147000.0,1.6655471324920654,VLO
1995-09-01,5.3416361808776855,5.1988115310668945,5.227376461029053,5.284506320953369,472100.0,1.6837503910064697,VLO
1995-09-05,5.3416361808776855,5.255941390991211,5.284506320953369,5.313071250915527,224000.0,1.6928526163101196,VLO
1995-09-06,5.398766040802002,5.255941390991211,5.255941390991211,5.398766040802002,448900.0,1.7201558351516724,VLO
1995-09-07,5.541590690612793,5.42733097076416,5.42733097076416,5.513025760650635,638000.0,1.7565616369247437,VLO
1995-09-08,5.570155620574951,5.513025760650635,5.513025760650635,5.541590690612793,632300.0,1.7656632661819458,VLO
1995-09-11,5.570155620574951,5.541590690612793,5.541590690612793,5.541590690612793,373700.0,1.7656632661819458,VLO
1995-09-12,5.627285003662109,5.513025760650635,5.513025760650635,5.598720073699951,147400.0,1.7838644981384277,VLO
1995-09-13,5.627285003662109,5.570155620574951,5.627285003662109,5.627285003662109,397300.0,1.7929672002792358,VLO
1995-09-14,5.627285003662109,5.598720073699951,5.627285003662109,5.598720073699951,270800.0,1.7838644981384277,VLO
1995-09-15,5.655849933624268,5.598720073699951,5.655849933624268,5.627285003662109,379800.0,1.7929672002792358,VLO
1995-09-18,5.7701096534729,5.655849933624268,5.655849933624268,5.7701096534729,1001600.0,1.8384734392166138,VLO
1995-09-19,5.827239513397217,5.741544723510742,5.7701096534729,5.798674583435059,195100.0,1.8475756645202637,VLO
1995-09-20,5.827239513397217,5.741544723510742,5.7701096534729,5.827239513397217,991100.0,1.8566763401031494,VLO
1995-09-21,5.855804443359375,5.798674583435059,5.798674583435059,5.827239513397217,437100.0,1.8566763401031494,VLO
1995-09-22,5.827239513397217,5.712979793548584,5.827239513397217,5.741544723510742,556600.0,1.8293718099594116,VLO
1995-09-25,5.741544723510742,5.598720073699951,5.741544723510742,5.655849933624268,620500.0,1.8020684719085693,VLO
1995-09-26,5.684414863586426,5.627285003662109,5.655849933624268,5.655849933624268,297100.0,1.8020684719085693,VLO
1995-09-27,5.655849933624268,5.598720073699951,5.627285003662109,5.598720073699951,549100.0,1.7838644981384277,VLO
1995-09-28,5.598720073699951,5.42733097076416,5.598720073699951,5.484460830688477,986700.0,1.747460126876831,VLO
1995-09-29,5.513025760650635,5.455895900726318,5.455895900726318,5.455895900726318,401700.0,1.738358736038208,VLO
1995-10-02,5.484460830688477,5.42733097076416,5.484460830688477,5.42733097076416,466400.0,1.7292572259902954,VLO
1995-10-03,5.42733097076416,5.313071250915527,5.42733097076416,5.3416361808776855,389400.0,1.7019531726837158,VLO
1995-10-04,5.3416361808776855,5.313071250915527,5.3416361808776855,5.313071250915527,328200.0,1.6928526163101196,VLO
1995-10-05,5.3416361808776855,5.284506320953369,5.313071250915527,5.313071250915527,503200.0,1.6928526163101196,VLO
1995-10-06,5.313071250915527,5.227376461029053,5.284506320953369,5.255941390991211,378500.0,1.6746485233306885,VLO
1995-10-09,5.255941390991211,5.1988115310668945,5.255941390991211,5.1988115310668945,329500.0,1.656446933746338,VLO
1995-10-10,5.313071250915527,5.170246601104736,5.1988115310668945,5.284506320953369,588100.0,1.6837503910064697,VLO
1995-10-11,5.313071250915527,5.1988115310668945,5.284506320953369,5.255941390991211,520700.0,1.6746485233306885,VLO
1995-10-12,5.255941390991211,5.227376461029053,5.255941390991211,5.255941390991211,86600.0,1.6746485233306885,VLO
1995-10-13,5.255941390991211,5.1988115310668945,5.1988115310668945,5.255941390991211,115500.0,1.6746485233306885,VLO
1995-10-16,5.255941390991211,5.170246601104736,5.227376461029053,5.1988115310668945,106300.0,1.656446933746338,VLO
1995-10-17,5.170246601104736,5.141681671142578,5.170246601104736,5.170246601104736,117200.0,1.6473445892333984,VLO
1995-10-18,5.255941390991211,5.141681671142578,5.170246601104736,5.255941390991211,732500.0,1.6746485233306885,VLO
1995-10-19,5.42733097076416,5.284506320953369,5.284506320953369,5.42733097076416,398600.0,1.7292572259902954,VLO
1995-10-20,5.598720073699951,5.455895900726318,5.484460830688477,5.484460830688477,547400.0,1.747460126876831,VLO
1995-10-23,5.513025760650635,5.455895900726318,5.484460830688477,5.484460830688477,359700.0,1.747460126876831,VLO
1995-10-24,5.484460830688477,5.370201110839844,5.455895900726318,5.370201110839844,168900.0,1.711055040359497,VLO
1995-10-25,5.398766040802002,5.370201110839844,5.370201110839844,5.398766040802002,144800.0,1.7201558351516724,VLO
1995-10-26,5.455895900726318,5.398766040802002,5.398766040802002,5.455895900726318,446300.0,1.738358736038208,VLO
1995-10-27,5.455895900726318,5.42733097076416,5.455895900726318,5.455895900726318,235800.0,1.738358736038208,VLO
1995-10-30,5.484460830688477,5.455895900726318,5.455895900726318,5.484460830688477,339500.0,1.747460126876831,VLO
1995-10-31,5.455895900726318,5.398766040802002,5.455895900726318,5.398766040802002,474300.0,1.7201558351516724,VLO
1995-11-01,5.398766040802002,5.370201110839844,5.398766040802002,5.370201110839844,467700.0,1.711055040359497,VLO
1995-11-02,5.398766040802002,5.284506320953369,5.3416361808776855,5.398766040802002,406000.0,1.7201558351516724,VLO
1995-11-03,5.455895900726318,5.398766040802002,5.398766040802002,5.42733097076416,298800.0,1.7292572259902954,VLO
1995-11-06,5.455895900726318,5.398766040802002,5.398766040802002,5.42733097076416,222700.0,1.738775372505188,VLO
1995-11-07,5.484460830688477,5.42733097076416,5.455895900726318,5.455895900726318,355700.0,1.747927188873291,VLO
1995-11-08,5.484460830688477,5.455895900726318,5.455895900726318,5.484460830688477,563100.0,1.7570784091949463,VLO
1995-11-09,5.484460830688477,5.42733097076416,5.455895900726318,5.484460830688477,291800.0,1.7570784091949463,VLO
1995-11-10,5.484460830688477,5.42733097076416,5.484460830688477,5.42733097076416,126000.0,1.738775372505188,VLO
1995-11-13,5.484460830688477,5.42733097076416,5.455895900726318,5.42733097076416,104100.0,1.738775372505188,VLO
1995-11-14,5.513025760650635,5.455895900726318,5.484460830688477,5.455895900726318,194700.0,1.747927188873291,VLO
1995-11-15,5.541590690612793,5.484460830688477,5.484460830688477,5.513025760650635,1289600.0,1.7662304639816284,VLO
1995-11-16,5.513025760650635,5.398766040802002,5.484460830688477,5.455895900726318,946000.0,1.747927188873291,VLO
1995-11-17,5.541590690612793,5.455895900726318,5.455895900726318,5.541590690612793,575800.0,1.775382161140442,VLO
1995-11-20,5.712979793548584,5.541590690612793,5.541590690612793,5.655849933624268,729900.0,1.8119876384735107,VLO
1995-11-21,5.712979793548584,5.655849933624268,5.655849933624268,5.684414863586426,577600.0,1.8211389780044556,VLO
1995-11-22,5.741544723510742,5.684414863586426,5.712979793548584,5.684414863586426,244600.0,1.8211389780044556,VLO
1995-11-24,5.741544723510742,5.684414863586426,5.684414863586426,5.741544723510742,70800.0,1.8394410610198975,VLO
1995-11-27,5.798674583435059,5.741544723510742,5.741544723510742,5.7701096534729,304100.0,1.84859299659729,VLO
1995-11-28,5.827239513397217,5.741544723510742,5.741544723510742,5.798674583435059,338200.0,1.8577450513839722,VLO
1995-11-29,5.912934303283691,5.798674583435059,5.798674583435059,5.912934303283691,598100.0,1.8943501710891724,VLO
1995-11-30,5.912934303283691,5.855804443359375,5.884369373321533,5.912934303283691,349200.0,1.8943501710891724,VLO
1995-12-01,5.912934303283691,5.827239513397217,5.912934303283691,5.884369373321533,442800.0,1.8851984739303589,VLO
1995-12-04,5.884369373321533,5.798674583435059,5.884369373321533,5.827239513397217,463800.0,1.8668960332870483,VLO
1995-12-05,5.855804443359375,5.827239513397217,5.827239513397217,5.827239513397217,148300.0,1.8668960332870483,VLO
1995-12-06,5.855804443359375,5.827239513397217,5.855804443359375,5.827239513397217,95300.0,1.8668960332870483,VLO
1995-12-07,5.884369373321533,5.827239513397217,5.827239513397217,5.884369373321533,234500.0,1.8851984739303589,VLO
1995-12-08,5.855804443359375,5.798674583435059,5.855804443359375,5.827239513397217,391200.0,1.8668960332870483,VLO
1995-12-11,5.884369373321533,5.798674583435059,5.827239513397217,5.884369373321533,182400.0,1.8851984739303589,VLO
1995-12-12,5.884369373321533,5.827239513397217,5.827239513397217,5.855804443359375,211300.0,1.8760476112365723,VLO
1995-12-13,5.855804443359375,5.827239513397217,5.855804443359375,5.855804443359375,189400.0,1.8760476112365723,VLO
1995-12-14,5.855804443359375,5.827239513397217,5.827239513397217,5.855804443359375,141300.0,1.8760476112365723,VLO
1995-12-15,5.855804443359375,5.798674583435059,5.827239513397217,5.827239513397217,444600.0,1.8668960332870483,VLO
1995-12-18,5.798674583435059,5.741544723510742,5.798674583435059,5.7701096534729,256400.0,1.84859299659729,VLO
1995-12-19,5.7701096534729,5.541590690612793,5.741544723510742,5.541590690612793,385000.0,1.775382161140442,VLO
1995-12-20,5.655849933624268,5.513025760650635,5.513025760650635,5.655849933624268,261600.0,1.8119876384735107,VLO
1995-12-21,5.684414863586426,5.513025760650635,5.655849933624268,5.598720073699951,228400.0,1.793683409690857,VLO
1995-12-22,5.684414863586426,5.570155620574951,5.570155620574951,5.684414863586426,144800.0,1.8211389780044556,VLO
1995-12-26,5.684414863586426,5.598720073699951,5.684414863586426,5.684414863586426,129000.0,1.8211389780044556,VLO
1995-12-27,5.684414863586426,5.570155620574951,5.655849933624268,5.570155620574951,188600.0,1.784533143043518,VLO
1995-12-28,5.627285003662109,5.570155620574951,5.570155620574951,5.598720073699951,107200.0,1.793683409690857,VLO
1995-12-29,5.598720073699951,5.541590690612793,5.570155620574951,5.598720073699951,109800.0,1.793683409690857,VLO
1996-01-02,5.741544723510742,5.570155620574951,5.570155620574951,5.712979793548584,205600.0,1.8302901983261108,VLO
1996-01-03,5.741544723510742,5.684414863586426,5.712979793548584,5.712979793548584,370200.0,1.8302901983261108,VLO
1996-01-04,5.798674583435059,5.712979793548584,5.712979793548584,5.7701096534729,225300.0,1.84859299659729,VLO
1996-01-05,5.798674583435059,5.712979793548584,5.741544723510742,5.712979793548584,224400.0,1.8302901983261108,VLO
1996-01-08,5.741544723510742,5.684414863586426,5.712979793548584,5.741544723510742,299300.0,1.8394410610198975,VLO
1996-01-09,5.712979793548584,5.655849933624268,5.712979793548584,5.684414863586426,719800.0,1.8211389780044556,VLO
1996-01-10,5.655849933624268,5.541590690612793,5.655849933624268,5.541590690612793,291800.0,1.775382161140442,VLO
1996-01-11,5.570155620574951,5.484460830688477,5.513025760650635,5.513025760650635,272100.0,1.7662304639816284,VLO
1996-01-12,5.513025760650635,5.398766040802002,5.513025760650635,5.42733097076416,217900.0,1.738775372505188,VLO
1996-01-15,5.455895900726318,5.313071250915527,5.455895900726318,5.3416361808776855,399900.0,1.7113213539123535,VLO
1996-01-16,5.1988115310668945,5.055987358093262,5.1988115310668945,5.141681671142578,525900.0,1.6472612619400024,VLO
1996-01-17,5.227376461029053,5.113117218017578,5.141681671142578,5.1988115310668945,353500.0,1.6655644178390503,VLO
1996-01-18,5.255941390991211,5.170246601104736,5.1988115310668945,5.255941390991211,93600.0,1.6838663816452026,VLO
1996-01-19,5.255941390991211,5.1988115310668945,5.255941390991211,5.227376461029053,300100.0,1.6747149229049683,VLO
1996-01-22,5.3416361808776855,5.255941390991211,5.255941390991211,5.313071250915527,275600.0,1.7021703720092773,VLO
1996-01-23,5.313071250915527,5.1988115310668945,5.313071250915527,5.284506320953369,597700.0,1.6930180788040161,VLO
1996-01-24,5.398766040802002,5.284506320953369,5.284506320953369,5.313071250915527,177200.0,1.7021703720092773,VLO
1996-01-25,5.398766040802002,5.3416361808776855,5.3416361808776855,5.370201110839844,206100.0,1.7204731702804565,VLO
1996-01-26,5.484460830688477,5.3416361808776855,5.3416361808776855,5.484460830688477,245400.0,1.7570784091949463,VLO
1996-01-29,5.484460830688477,5.42733097076416,5.455895900726318,5.455895900726318,532500.0,1.747927188873291,VLO
1996-01-30,5.627285003662109,5.455895900726318,5.455895900726318,5.598720073699951,310600.0,1.793683409690857,VLO
1996-01-31,5.684414863586426,5.627285003662109,5.655849933624268,5.655849933624268,546500.0,1.8119876384735107,VLO
1996-02-01,5.927216529846191,5.712979793548584,5.712979793548584,5.912934303283691,1713600.0,1.8943501710891724,VLO
1996-02-02,6.055758476257324,5.912934303283691,5.912934303283691,5.998629093170166,719800.0,1.9218052625656128,VLO
1996-02-05,6.027193546295166,5.7701096534729,6.027193546295166,5.7701096534729,594200.0,1.84859299659729,VLO
1996-02-06,5.7701096534729,5.712979793548584,5.7701096534729,5.712979793548584,439300.0,1.8302901983261108,VLO
1996-02-07,5.684414863586426,5.627285003662109,5.655849933624268,5.627285003662109,712400.0,1.812260627746582,VLO
1996-02-08,5.712979793548584,5.627285003662109,5.655849933624268,5.655849933624268,1689100.0,1.8214601278305054,VLO
1996-02-09,5.798674583435059,5.655849933624268,5.655849933624268,5.798674583435059,404300.0,1.8674565553665161,VLO
1996-02-12,5.855804443359375,5.741544723510742,5.798674583435059,5.741544723510742,196900.0,1.8490568399429321,VLO
1996-02-13,5.741544723510742,5.684414863586426,5.712979793548584,5.741544723510742,314600.0,1.8490568399429321,VLO
1996-02-14,5.712979793548584,5.570155620574951,5.712979793548584,5.570155620574951,772300.0,1.793861985206604,VLO
1996-02-15,5.598720073699951,5.541590690612793,5.570155620574951,5.598720073699951,594200.0,1.8030602931976318,VLO
1996-02-16,5.684414863586426,5.513025760650635,5.655849933624268,5.513025760650635,424400.0,1.775463581085205,VLO
1996-02-20,5.598720073699951,5.513025760650635,5.513025760650635,5.541590690612793,493600.0,1.7846630811691284,VLO
1996-02-21,5.684414863586426,5.541590690612793,5.541590690612793,5.684414863586426,181100.0,1.8306595087051392,VLO
1996-02-22,5.798674583435059,5.684414863586426,5.684414863586426,5.712979793548584,813900.0,1.8398581743240356,VLO
1996-02-23,5.7701096534729,5.598720073699951,5.741544723510742,5.627285003662109,704000.0,1.812260627746582,VLO
1996-02-26,5.627285003662109,5.513025760650635,5.627285003662109,5.513025760650635,174600.0,1.775463581085205,VLO
1996-02-27,5.541590690612793,5.455895900726318,5.513025760650635,5.484460830688477,293100.0,1.766263723373413,VLO
1996-02-28,5.570155620574951,5.455895900726318,5.513025760650635,5.455895900726318,144400.0,1.7570645809173584,VLO
1996-02-29,5.513025760650635,5.370201110839844,5.513025760650635,5.398766040802002,286100.0,1.7386659383773804,VLO
1996-03-01,5.455895900726318,5.370201110839844,5.455895900726318,5.42733097076416,262900.0,1.7478649616241455,VLO
1996-03-04,5.541590690612793,5.42733097076416,5.455895900726318,5.541590690612793,388100.0,1.7846630811691284,VLO
1996-03-05,5.570155620574951,5.513025760650635,5.570155620574951,5.513025760650635,262900.0,1.775463581085205,VLO
1996-03-06,5.513025760650635,5.455895900726318,5.513025760650635,5.455895900726318,238900.0,1.7570645809173584,VLO
1996-03-07,5.484460830688477,5.42733097076416,5.455895900726318,5.484460830688477,73000.0,1.766263723373413,VLO
1996-03-08,5.484460830688477,5.3416361808776855,5.42733097076416,5.370201110839844,782800.0,1.7294673919677734,VLO
1996-03-11,5.398766040802002,5.284506320953369,5.3416361808776855,5.370201110839844,591600.0,1.7294673919677734,VLO
1996-03-12,5.455895900726318,5.398766040802002,5.398766040802002,5.455895900726318,222700.0,1.7570645809173584,VLO
1996-03-13,5.655849933624268,5.455895900726318,5.513025760650635,5.655849933624268,465100.0,1.8214601278305054,VLO
1996-03-14,5.684414863586426,5.627285003662109,5.627285003662109,5.655849933624268,161900.0,1.8214601278305054,VLO
1996-03-15,5.684414863586426,5.627285003662109,5.655849933624268,5.655849933624268,321100.0,1.8214601278305054,VLO
1996-03-18,5.712979793548584,5.627285003662109,5.627285003662109,5.712979793548584,473000.0,1.8398581743240356,VLO
1996-03-19,5.712979793548584,5.570155620574951,5.712979793548584,5.598720073699951,613000.0,1.8030602931976318,VLO
1996-03-20,5.598720073699951,5.541590690612793,5.598720073699951,5.570155620574951,268600.0,1.793861985206604,VLO
1996-03-21,5.570155620574951,5.484460830688477,5.570155620574951,5.541590690612793,599900.0,1.7846630811691284,VLO
1996-03-22,5.570155620574951,5.541590690612793,5.570155620574951,5.541590690612793,56800.0,1.7846630811691284,VLO
1996-03-25,5.598720073699951,5.541590690612793,5.570155620574951,5.598720073699951,107200.0,1.8030602931976318,VLO
1996-03-26,5.627285003662109,5.541590690612793,5.541590690612793,5.598720073699951,238000.0,1.8030602931976318,VLO
1996-03-27,5.627285003662109,5.570155620574951,5.627285003662109,5.598720073699951,548700.0,1.8030602931976318,VLO
1996-03-28,5.627285003662109,5.570155620574951,5.598720073699951,5.627285003662109,219200.0,1.812260627746582,VLO
1996-03-29,5.655849933624268,5.598720073699951,5.627285003662109,5.627285003662109,222300.0,1.812260627746582,VLO
1996-04-01,5.684414863586426,5.598720073699951,5.684414863586426,5.598720073699951,338200.0,1.8030602931976318,VLO
1996-04-02,5.7701096534729,5.598720073699951,5.598720073699951,5.741544723510742,644500.0,1.8490568399429321,VLO
1996-04-03,5.7701096534729,5.712979793548584,5.741544723510742,5.712979793548584,222300.0,1.8398581743240356,VLO
1996-04-04,5.7701096534729,5.684414863586426,5.7701096534729,5.741544723510742,148700.0,1.8490568399429321,VLO
1996-04-08,5.741544723510742,5.627285003662109,5.741544723510742,5.655849933624268,302300.0,1.8214601278305054,VLO
1996-04-09,5.741544723510742,5.684414863586426,5.684414863586426,5.741544723510742,394700.0,1.8490568399429321,VLO
1996-04-10,5.741544723510742,5.712979793548584,5.741544723510742,5.712979793548584,105800.0,1.8398581743240356,VLO
1996-04-11,5.7701096534729,5.712979793548584,5.712979793548584,5.7701096534729,288800.0,1.8582566976547241,VLO
1996-04-12,5.7701096534729,5.712979793548584,5.7701096534729,5.712979793548584,119400.0,1.8398581743240356,VLO
1996-04-15,5.884369373321533,5.741544723510742,5.741544723510742,5.884369373321533,543400.0,1.895053744316101,VLO
1996-04-16,5.912934303283691,5.855804443359375,5.884369373321533,5.855804443359375,629700.0,1.885854721069336,VLO
1996-04-17,6.027193546295166,5.970064163208008,5.998629093170166,6.027193546295166,919800.0,1.9410500526428223,VLO
1996-04-18,6.027193546295166,5.970064163208008,6.027193546295166,5.998629093170166,464700.0,1.931851863861084,VLO
1996-04-19,6.112888336181641,5.970064163208008,5.998629093170166,6.084323406219482,369700.0,1.9594494104385376,VLO
1996-04-22,6.198583126068115,6.084323406219482,6.084323406219482,6.141453266143799,1722800.0,1.977847933769226,VLO
1996-04-23,6.427102565765381,6.141453266143799,6.141453266143799,6.3699727058410645,938600.0,2.0514426231384277,VLO
1996-04-24,6.512796878814697,6.398537635803223,6.398537635803223,6.398537635803223,1679000.0,2.0606420040130615,VLO
1996-04-25,6.455667495727539,6.341407775878906,6.3699727058410645,6.455667495727539,560100.0,2.0790395736694336,VLO
1996-04-26,6.484231948852539,6.398537635803223,6.427102565765381,6.484231948852539,587200.0,2.0882394313812256,VLO
1996-04-29,6.598491668701172,6.455667495727539,6.455667495727539,6.598491668701172,684400.0,2.125035285949707,VLO
1996-04-30,6.598491668701172,6.5413618087768555,6.598491668701172,6.598491668701172,853300.0,2.125035285949707,VLO
1996-05-01,6.598491668701172,6.3699727058410645,6.598491668701172,6.3699727058410645,810800.0,2.0514426231384277,VLO
1996-05-02,6.398537635803223,6.255712985992432,6.3699727058410645,6.312842845916748,383700.0,2.033043384552002,VLO
1996-05-03,6.341407775878906,6.255712985992432,6.341407775878906,6.28427791595459,234100.0,2.0238447189331055,VLO
1996-05-06,6.312842845916748,6.255712985992432,6.255712985992432,6.28427791595459,213500.0,2.0238447189331055,VLO
1996-05-07,6.28427791595459,6.227148056030273,6.28427791595459,6.227148056030273,283500.0,2.0054452419281006,VLO
1996-05-08,6.198583126068115,6.027193546295166,6.198583126068115,6.084323406219482,405600.0,1.96884286403656,VLO
1996-05-09,6.398537635803223,6.084323406219482,6.112888336181641,6.398537635803223,356600.0,2.0705206394195557,VLO
1996-05-10,6.455667495727539,6.3699727058410645,6.398537635803223,6.455667495727539,419600.0,2.0890064239501953,VLO
1996-05-13,6.455667495727539,6.398537635803223,6.427102565765381,6.455667495727539,418300.0,2.0890064239501953,VLO
1996-05-14,6.5413618087768555,6.427102565765381,6.455667495727539,6.484231948852539,522900.0,2.0982506275177,VLO
1996-05-15,6.484231948852539,6.3699727058410645,6.484231948852539,6.398537635803223,257300.0,2.0705206394195557,VLO
1996-05-16,6.5413618087768555,6.398537635803223,6.398537635803223,6.512796878814697,342600.0,2.1074929237365723,VLO
1996-05-17,6.569926738739014,6.512796878814697,6.512796878814697,6.5413618087768555,269100.0,2.1167373657226562,VLO
1996-05-20,6.62705659866333,6.5413618087768555,6.5413618087768555,6.598491668701172,315900.0,2.1352226734161377,VLO
1996-05-21,6.569926738739014,6.484231948852539,6.569926738739014,6.512796878814697,155300.0,2.1074929237365723,VLO
1996-05-22,6.569926738739014,6.455667495727539,6.512796878814697,6.569926738739014,191600.0,2.125981330871582,VLO
1996-05-23,6.62705659866333,6.569926738739014,6.598491668701172,6.569926738739014,244100.0,2.125981330871582,VLO
1996-05-24,6.598491668701172,6.512796878814697,6.598491668701172,6.512796878814697,236700.0,2.1074929237365723,VLO
1996-05-28,6.5413618087768555,6.341407775878906,6.512796878814697,6.341407775878906,361800.0,2.052032709121704,VLO
1996-05-29,6.3699727058410645,6.312842845916748,6.341407775878906,6.312842845916748,102300.0,2.0427894592285156,VLO
1996-05-30,6.341407775878906,6.255712985992432,6.312842845916748,6.312842845916748,154900.0,2.0427894592285156,VLO
1996-05-31,6.341407775878906,6.28427791595459,6.312842845916748,6.28427791595459,163600.0,2.0335469245910645,VLO
1996-06-03,6.312842845916748,6.28427791595459,6.28427791595459,6.28427791595459,163600.0,2.0335469245910645,VLO
1996-06-04,6.312842845916748,6.255712985992432,6.28427791595459,6.255712985992432,149200.0,2.024303674697876,VLO
1996-06-05,6.28427791595459,6.227148056030273,6.28427791595459,6.255712985992432,484400.0,2.024303674697876,VLO
1996-06-06,6.28427791595459,6.227148056030273,6.255712985992432,6.28427791595459,241900.0,2.0335469245910645,VLO
1996-06-07,6.28427791595459,6.227148056030273,6.28427791595459,6.227148056030273,383300.0,2.015059232711792,VLO
1996-06-10,6.227148056030273,6.084323406219482,6.227148056030273,6.141453266143799,174600.0,1.9873296022415161,VLO
1996-06-11,6.141453266143799,6.084323406219482,6.141453266143799,6.084323406219482,190700.0,1.96884286403656,VLO
1996-06-12,6.084323406219482,6.027193546295166,6.084323406219482,6.084323406219482,162300.0,1.96884286403656,VLO
1996-06-13,6.170018196105957,6.084323406219482,6.141453266143799,6.084323406219482,90500.0,1.96884286403656,VLO
1996-06-14,6.112888336181641,6.027193546295166,6.084323406219482,6.027193546295166,766200.0,1.9503551721572876,VLO
1996-06-17,6.055758476257324,5.998629093170166,5.998629093170166,6.055758476257324,122000.0,1.9596000909805298,VLO
1996-06-18,6.084323406219482,6.027193546295166,6.055758476257324,6.055758476257324,417400.0,1.9596000909805298,VLO
1996-06-19,6.055758476257324,5.970064163208008,6.055758476257324,5.970064163208008,371000.0,1.9318684339523315,VLO
1996-06-20,6.027193546295166,5.970064163208008,5.998629093170166,5.970064163208008,161900.0,1.9318684339523315,VLO
1996-06-21,5.884369373321533,5.798674583435059,5.884369373321533,5.827239513397217,607800.0,1.8856523036956787,VLO
1996-06-24,5.94149923324585,5.827239513397217,5.94149923324585,5.827239513397217,450700.0,1.8856523036956787,VLO
1996-06-25,5.827239513397217,5.712979793548584,5.827239513397217,5.7701096534729,554800.0,1.8671648502349854,VLO
1996-06-26,5.827239513397217,5.741544723510742,5.7701096534729,5.798674583435059,501900.0,1.8764086961746216,VLO
1996-06-27,5.798674583435059,5.741544723510742,5.798674583435059,5.798674583435059,231000.0,1.8764086961746216,VLO
1996-06-28,5.827239513397217,5.684414863586426,5.798674583435059,5.712979793548584,602500.0,1.848678469657898,VLO
1996-07-01,5.827239513397217,5.741544723510742,5.7701096534729,5.827239513397217,319400.0,1.8856523036956787,VLO
1996-07-02,5.827239513397217,5.655849933624268,5.827239513397217,5.712979793548584,443700.0,1.848678469657898,VLO
1996-07-03,5.712979793548584,5.484460830688477,5.712979793548584,5.570155620574951,661600.0,1.8024617433547974,VLO
1996-07-05,5.541590690612793,5.513025760650635,5.513025760650635,5.541590690612793,184600.0,1.7932183742523193,VLO
1996-07-08,5.513025760650635,5.42733097076416,5.484460830688477,5.455895900726318,570100.0,1.765487551689148,VLO
1996-07-09,5.484460830688477,5.42733097076416,5.455895900726318,5.42733097076416,473000.0,1.7562440633773804,VLO
1996-07-10,5.455895900726318,5.3416361808776855,5.455895900726318,5.3416361808776855,535600.0,1.7285144329071045,VLO
1996-07-11,5.370201110839844,5.313071250915527,5.370201110839844,5.313071250915527,711100.0,1.7192716598510742,VLO
1996-07-12,5.398766040802002,5.3416361808776855,5.3416361808776855,5.398766040802002,622700.0,1.7470009326934814,VLO
1996-07-15,5.541590690612793,5.42733097076416,5.455895900726318,5.455895900726318,398600.0,1.765487551689148,VLO
1996-07-16,5.42733097076416,5.284506320953369,5.42733097076416,5.284506320953369,1125500.0,1.7100274562835693,VLO
1996-07-17,5.3416361808776855,5.255941390991211,5.313071250915527,5.313071250915527,318500.0,1.7192716598510742,VLO
1996-07-18,5.313071250915527,5.227376461029053,5.313071250915527,5.255941390991211,319800.0,1.7007837295532227,VLO
1996-07-19,5.255941390991211,5.0274224281311035,5.227376461029053,5.055987358093262,511500.0,1.636081337928772,VLO
1996-07-22,5.055987358093262,4.970292568206787,5.055987358093262,4.998857498168945,650200.0,1.6175932884216309,VLO
1996-07-23,5.0274224281311035,4.856032848358154,4.998857498168945,4.856032848358154,490100.0,1.5713770389556885,VLO
1996-07-24,4.827467918395996,4.684643745422363,4.798902988433838,4.77033805847168,501400.0,1.5436468124389648,VLO
1996-07-25,4.827467918395996,4.656078815460205,4.827467918395996,4.656078815460205,311500.0,1.5066732168197632,VLO
1996-07-26,4.713208198547363,4.627513885498047,4.656078815460205,4.713208198547363,333400.0,1.5251599550247192,VLO
1996-07-29,4.7417731285095215,4.684643745422363,4.7417731285095215,4.7417731285095215,590700.0,1.5344032049179077,VLO
1996-07-30,4.7417731285095215,4.656078815460205,4.7417731285095215,4.684643745422363,971000.0,1.5159170627593994,VLO
1996-07-31,4.713208198547363,4.684643745422363,4.684643745422363,4.713208198547363,334700.0,1.5251599550247192,VLO
1996-08-01,4.7417731285095215,4.684643745422363,4.713208198547363,4.7417731285095215,956100.0,1.5344032049179077,VLO
1996-08-02,4.77033805847168,4.713208198547363,4.7417731285095215,4.77033805847168,1585800.0,1.5436468124389648,VLO
1996-08-05,4.8845977783203125,4.827467918395996,4.827467918395996,4.856032848358154,1020000.0,1.5713770389556885,VLO
1996-08-06,5.0274224281311035,4.913162708282471,4.998857498168945,4.970292568206787,2401900.0,1.6083508729934692,VLO
1996-08-07,5.08455228805542,4.913162708282471,4.913162708282471,5.055987358093262,1287400.0,1.6459200382232666,VLO
1996-08-08,5.0274224281311035,4.913162708282471,5.0274224281311035,4.941727638244629,658100.0,1.6087239980697632,VLO
1996-08-09,4.941727638244629,4.856032848358154,4.941727638244629,4.8845977783203125,169300.0,1.590125560760498,VLO
1996-08-12,4.913162708282471,4.856032848358154,4.913162708282471,4.856032848358154,627900.0,1.5808262825012207,VLO
1996-08-13,4.913162708282471,4.856032848358154,4.8845977783203125,4.856032848358154,574500.0,1.5808262825012207,VLO
1996-08-14,4.8845977783203125,4.827467918395996,4.8845977783203125,4.8845977783203125,849800.0,1.590125560760498,VLO
1996-08-15,4.970292568206787,4.856032848358154,4.856032848358154,4.970292568206787,540800.0,1.6180224418640137,VLO
1996-08-16,4.970292568206787,4.913162708282471,4.970292568206787,4.941727638244629,299300.0,1.6087239980697632,VLO
1996-08-19,5.0274224281311035,4.941727638244629,4.941727638244629,5.0274224281311035,428800.0,1.636620283126831,VLO
1996-08-20,5.1988115310668945,5.055987358093262,5.055987358093262,5.141681671142578,1037900.0,1.6738159656524658,VLO
1996-08-21,5.170246601104736,5.055987358093262,5.141681671142578,5.113117218017578,523800.0,1.6645171642303467,VLO
1996-08-22,5.1988115310668945,5.113117218017578,5.113117218017578,5.170246601104736,419200.0,1.6831145286560059,VLO
1996-08-23,5.170246601104736,5.055987358093262,5.170246601104736,5.08455228805542,362300.0,1.6552176475524902,VLO
1996-08-26,5.113117218017578,4.998857498168945,5.113117218017578,4.998857498168945,284800.0,1.627320408821106,VLO
1996-08-27,4.970292568206787,4.856032848358154,4.970292568206787,4.913162708282471,953000.0,1.5994246006011963,VLO
1996-08-28,4.913162708282471,4.798902988433838,4.913162708282471,4.856032848358154,340800.0,1.5808262825012207,VLO
1996-08-29,4.856032848358154,4.7417731285095215,4.827467918395996,4.827467918395996,450200.0,1.5715270042419434,VLO
1996-08-30,4.856032848358154,4.77033805847168,4.827467918395996,4.827467918395996,345700.0,1.5715270042419434,VLO
1996-09-03,4.913162708282471,4.813185691833496,4.827467918395996,4.8845977783203125,660300.0,1.590125560760498,VLO
1996-09-04,4.8845977783203125,4.798902988433838,4.8845977783203125,4.798902988433838,624800.0,1.5622278451919556,VLO
1996-09-05,4.8845977783203125,4.798902988433838,4.827467918395996,4.827467918395996,590300.0,1.5715270042419434,VLO
1996-09-06,4.8845977783203125,4.827467918395996,4.827467918395996,4.856032848358154,815600.0,1.5808262825012207,VLO
1996-09-09,4.941727638244629,4.8845977783203125,4.913162708282471,4.941727638244629,764900.0,1.6087239980697632,VLO
1996-09-10,4.998857498168945,4.913162708282471,4.913162708282471,4.970292568206787,259000.0,1.6180224418640137,VLO
1996-09-11,5.055987358093262,4.970292568206787,4.970292568206787,4.998857498168945,288800.0,1.627320408821106,VLO
1996-09-12,5.055987358093262,4.970292568206787,4.998857498168945,5.0274224281311035,480900.0,1.636620283126831,VLO
1996-09-13,5.055987358093262,4.970292568206787,5.055987358093262,4.998857498168945,300100.0,1.627320408821106,VLO
1996-09-16,5.055987358093262,5.0274224281311035,5.0274224281311035,5.0274224281311035,775400.0,1.636620283126831,VLO
1996-09-17,5.113117218017578,5.0274224281311035,5.0274224281311035,5.08455228805542,408700.0,1.6552176475524902,VLO
1996-09-18,5.08455228805542,5.0274224281311035,5.08455228805542,5.0274224281311035,220500.0,1.636620283126831,VLO
1996-09-19,5.213094234466553,5.0417046546936035,5.055987358093262,5.113117218017578,266900.0,1.6645171642303467,VLO
1996-09-20,5.113117218017578,5.055987358093262,5.08455228805542,5.08455228805542,1099200.0,1.6552176475524902,VLO
1996-09-23,5.170246601104736,5.055987358093262,5.08455228805542,5.08455228805542,186800.0,1.6552176475524902,VLO
1996-09-24,5.08455228805542,4.970292568206787,5.08455228805542,5.0274224281311035,287900.0,1.636620283126831,VLO
1996-09-25,5.055987358093262,4.998857498168945,5.0274224281311035,5.055987358093262,162700.0,1.6459200382232666,VLO
1996-09-26,5.08455228805542,5.0274224281311035,5.0274224281311035,5.0274224281311035,183300.0,1.636620283126831,VLO
1996-09-27,5.055987358093262,4.998857498168945,5.0274224281311035,5.0274224281311035,610800.0,1.636620283126831,VLO
1996-09-30,5.113117218017578,4.998857498168945,5.055987358093262,5.0274224281311035,396400.0,1.636620283126831,VLO
1996-10-01,5.08455228805542,5.0274224281311035,5.0274224281311035,5.08455228805542,272600.0,1.6552176475524902,VLO
1996-10-02,5.170246601104736,4.998857498168945,5.055987358093262,5.0274224281311035,449800.0,1.636620283126831,VLO
1996-10-03,5.113117218017578,4.998857498168945,5.0274224281311035,5.08455228805542,211300.0,1.6552176475524902,VLO
1996-10-04,5.1988115310668945,5.08455228805542,5.08455228805542,5.141681671142578,253800.0,1.6738159656524658,VLO
1996-10-07,5.3416361808776855,5.1988115310668945,5.1988115310668945,5.227376461029053,863300.0,1.7017120122909546,VLO
1996-10-08,5.3416361808776855,5.227376461029053,5.227376461029053,5.3416361808776855,989400.0,1.7389086484909058,VLO
1996-10-09,5.398766040802002,5.313071250915527,5.3416361808776855,5.370201110839844,418700.0,1.748207926750183,VLO
1996-10-10,5.370201110839844,5.284506320953369,5.370201110839844,5.313071250915527,259000.0,1.7296104431152344,VLO
1996-10-11,5.370201110839844,5.313071250915527,5.370201110839844,5.3416361808776855,178900.0,1.7389086484909058,VLO
1996-10-14,5.370201110839844,5.313071250915527,5.370201110839844,5.370201110839844,199500.0,1.748207926750183,VLO
1996-10-15,5.42733097076416,5.313071250915527,5.3416361808776855,5.313071250915527,157500.0,1.7296104431152344,VLO
1996-10-16,5.3416361808776855,5.1988115310668945,5.3416361808776855,5.227376461029053,179400.0,1.7017120122909546,VLO
1996-10-17,5.1988115310668945,5.141681671142578,5.1988115310668945,5.1988115310668945,367500.0,1.6924142837524414,VLO
1996-10-18,5.227376461029053,5.141681671142578,5.170246601104736,5.1988115310668945,395500.0,1.6924142837524414,VLO
1996-10-21,5.255941390991211,5.141681671142578,5.1988115310668945,5.141681671142578,467700.0,1.6738159656524658,VLO
1996-10-22,5.170246601104736,5.113117218017578,5.170246601104736,5.113117218017578,187700.0,1.6645171642303467,VLO
1996-10-23,5.513025760650635,5.113117218017578,5.113117218017578,5.513025760650635,1139500.0,1.7947028875350952,VLO
1996-10-24,5.455895900726318,5.370201110839844,5.455895900726318,5.42733097076416,1304400.0,1.7668052911758423,VLO
1996-10-25,5.42733097076416,5.370201110839844,5.42733097076416,5.42733097076416,227900.0,1.7668052911758423,VLO
1996-10-28,5.455895900726318,5.370201110839844,5.398766040802002,5.398766040802002,619200.0,1.7575063705444336,VLO
1996-10-29,5.398766040802002,5.313071250915527,5.398766040802002,5.3416361808776855,736400.0,1.7389086484909058,VLO
1996-10-30,5.42733097076416,5.313071250915527,5.313071250915527,5.42733097076416,1181900.0,1.7668052911758423,VLO
1996-10-31,5.513025760650635,5.42733097076416,5.42733097076416,5.42733097076416,752600.0,1.7668052911758423,VLO
1996-11-01,5.455895900726318,5.398766040802002,5.42733097076416,5.398766040802002,698400.0,1.7575063705444336,VLO
1996-11-04,5.455895900726318,5.398766040802002,5.455895900726318,5.398766040802002,378500.0,1.7575063705444336,VLO
1996-11-05,5.455895900726318,5.398766040802002,5.398766040802002,5.398766040802002,243300.0,1.7575063705444336,VLO
1996-11-06,5.398766040802002,5.3416361808776855,5.370201110839844,5.370201110839844,508900.0,1.7578810453414917,VLO
1996-11-07,5.42733097076416,5.3416361808776855,5.3416361808776855,5.370201110839844,259000.0,1.7578810453414917,VLO
1996-11-08,5.455895900726318,5.370201110839844,5.398766040802002,5.398766040802002,308500.0,1.7672322988510132,VLO
1996-11-11,5.484460830688477,5.398766040802002,5.398766040802002,5.484460830688477,168000.0,1.795283317565918,VLO
1996-11-12,5.541590690612793,5.455895900726318,5.455895900726318,5.541590690612793,595500.0,1.8139839172363281,VLO
1996-11-13,5.570155620574951,5.455895900726318,5.541590690612793,5.541590690612793,568000.0,1.8139839172363281,VLO
1996-11-14,5.570155620574951,5.484460830688477,5.484460830688477,5.484460830688477,639300.0,1.795283317565918,VLO
1996-11-15,5.684414863586426,5.513025760650635,5.513025760650635,5.655849933624268,635800.0,1.851385235786438,VLO
1996-11-18,5.7701096534729,5.684414863586426,5.684414863586426,5.741544723510742,755700.0,1.8794375658035278,VLO
1996-11-19,5.7701096534729,5.627285003662109,5.7701096534729,5.627285003662109,1199800.0,1.8420345783233643,VLO
1996-11-20,5.741544723510742,5.627285003662109,5.627285003662109,5.684414863586426,622200.0,1.86073637008667,VLO
1996-11-21,6.027193546295166,5.655849933624268,5.684414863586426,5.712979793548584,3405800.0,1.870086431503296,VLO
1996-11-22,6.398537635803223,6.227148056030273,6.341407775878906,6.312842845916748,10023200.0,2.066446304321289,VLO
1996-11-25,6.6841864585876465,6.227148056030273,6.28427791595459,6.655621528625488,2749800.0,2.178651809692383,VLO
1996-11-26,6.8270111083984375,6.598491668701172,6.598491668701172,6.655621528625488,1767000.0,2.178651809692383,VLO
1996-11-27,6.6841864585876465,6.512796878814697,6.6841864585876465,6.62705659866333,484800.0,2.169299602508545,VLO
1996-11-29,6.855576038360596,6.62705659866333,6.655621528625488,6.855576038360596,837100.0,2.2441043853759766,VLO
1996-12-02,6.769881248474121,6.6841864585876465,6.769881248474121,6.712751388549805,773200.0,2.197352170944214,VLO
1996-12-03,6.741316318511963,6.6841864585876465,6.712751388549805,6.712751388549805,824400.0,2.197352170944214,VLO
1996-12-04,6.741316318511963,6.6841864585876465,6.741316318511963,6.6841864585876465,681700.0,2.188002347946167,VLO
1996-12-05,6.6841864585876465,6.655621528625488,6.6841864585876465,6.655621528625488,443700.0,2.178651809692383,VLO
1996-12-06,6.655621528625488,6.5413618087768555,6.598491668701172,6.655621528625488,711500.0,2.178651809692383,VLO
1996-12-09,6.655621528625488,6.569926738739014,6.62705659866333,6.598491668701172,624400.0,2.1599502563476562,VLO
1996-12-10,6.62705659866333,6.598491668701172,6.598491668701172,6.598491668701172,602500.0,2.1599502563476562,VLO
1996-12-11,6.655621528625488,6.598491668701172,6.598491668701172,6.655621528625488,640600.0,2.178651809692383,VLO
1996-12-12,6.655621528625488,6.598491668701172,6.655621528625488,6.598491668701172,262500.0,2.1599502563476562,VLO
1996-12-13,6.598491668701172,6.484231948852539,6.598491668701172,6.512796878814697,639300.0,2.131899118423462,VLO
1996-12-16,6.484231948852539,6.312842845916748,6.484231948852539,6.312842845916748,389000.0,2.066446304321289,VLO
1996-12-17,6.3699727058410645,6.198583126068115,6.312842845916748,6.255712985992432,383700.0,2.0477454662323,VLO
1996-12-18,6.455667495727539,6.227148056030273,6.255712985992432,6.427102565765381,430500.0,2.1038475036621094,VLO
1996-12-19,6.455667495727539,6.341407775878906,6.398537635803223,6.455667495727539,554400.0,2.1131973266601562,VLO
1996-12-20,6.512796878814697,6.341407775878906,6.484231948852539,6.398537635803223,271300.0,2.094496965408325,VLO
1996-12-23,6.398537635803223,6.341407775878906,6.398537635803223,6.341407775878906,1002500.0,2.0757954120635986,VLO
1996-12-24,6.3699727058410645,6.312842845916748,6.3699727058410645,6.3699727058410645,237600.0,2.0851478576660156,VLO
1996-12-26,6.398537635803223,6.312842845916748,6.398537635803223,6.3699727058410645,1425700.0,2.0851478576660156,VLO
1996-12-27,6.455667495727539,6.398537635803223,6.398537635803223,6.455667495727539,1783200.0,2.1131973266601562,VLO
1996-12-30,6.455667495727539,6.427102565765381,6.427102565765381,6.455667495727539,546500.0,2.1131973266601562,VLO
1996-12-31,6.569926738739014,6.427102565765381,6.455667495727539,6.5413618087768555,416100.0,2.141249895095825,VLO
1997-01-02,6.769881248474121,6.5413618087768555,6.5413618087768555,6.741316318511963,997200.0,2.2067019939422607,VLO
1997-01-03,6.741316318511963,6.6841864585876465,6.741316318511963,6.712751388549805,329900.0,2.197352170944214,VLO
1997-01-06,6.8270111083984375,6.6841864585876465,6.6841864585876465,6.8270111083984375,368000.0,2.234754800796509,VLO
1997-01-07,6.912705898284912,6.798446178436279,6.8270111083984375,6.884140968322754,443200.0,2.2534549236297607,VLO
1997-01-08,7.255484580993652,6.96983528137207,6.96983528137207,7.255484580993652,1945100.0,2.375009775161743,VLO
1997-01-09,7.541133403778076,7.369743824005127,7.369743824005127,7.541133403778076,3297300.0,2.468515157699585,VLO
1997-01-10,7.48400354385376,7.369743824005127,7.48400354385376,7.398308753967285,876500.0,2.4217615127563477,VLO
1997-01-13,7.398308753967285,7.2840495109558105,7.369743824005127,7.312614440917969,256400.0,2.393711566925049,VLO
1997-01-14,7.369743824005127,7.255484580993652,7.312614440917969,7.341179370880127,1340800.0,2.4030613899230957,VLO
1997-01-15,7.369743824005127,7.312614440917969,7.369743824005127,7.341179370880127,935500.0,2.4030613899230957,VLO
1997-01-16,7.341179370880127,7.255484580993652,7.312614440917969,7.312614440917969,641900.0,2.393711566925049,VLO
1997-01-17,7.312614440917969,7.2840495109558105,7.312614440917969,7.2840495109558105,417400.0,2.384361505508423,VLO
1997-01-20,7.312614440917969,7.255484580993652,7.2840495109558105,7.2840495109558105,1133300.0,2.384361505508423,VLO
1997-01-21,7.48400354385376,7.255484580993652,7.255484580993652,7.426873683929443,4272700.0,2.4311132431030273,VLO
1997-01-22,7.455438613891602,7.398308753967285,7.426873683929443,7.398308753967285,5426600.0,2.4217615127563477,VLO
1997-01-23,7.455438613891602,7.398308753967285,7.426873683929443,7.398308753967285,1643600.0,2.4217615127563477,VLO
1997-01-24,7.398308753967285,7.2840495109558105,7.398308753967285,7.312614440917969,1335500.0,2.393711566925049,VLO
1997-01-27,7.312614440917969,7.084095001220703,7.312614440917969,7.226919651031494,3276300.0,2.3656601905822754,VLO
1997-01-28,7.255484580993652,7.112659931182861,7.255484580993652,7.1412248611450195,995500.0,2.3376076221466064,VLO
1997-01-29,7.312614440917969,7.112659931182861,7.1412248611450195,7.312614440917969,2035200.0,2.393711566925049,VLO
1997-01-30,7.426873683929443,7.312614440917969,7.312614440917969,7.398308753967285,1643100.0,2.4217615127563477,VLO
1997-01-31,7.769652843475342,7.369743824005127,7.369743824005127,7.712522983551025,4012300.0,2.5246174335479736,VLO
1997-02-03,7.398308753967285,6.9984002113342285,7.398308753967285,7.084095001220703,12667600.0,2.318908452987671,VLO
1997-02-04,7.198354721069336,7.1412248611450195,7.198354721069336,7.169789791107178,9223700.0,2.3469603061676025,VLO
1997-02-05,7.226919651031494,7.112659931182861,7.169789791107178,7.1412248611450195,2212500.0,2.3376076221466064,VLO
1997-02-06,7.226919651031494,7.112659931182861,7.112659931182861,7.169789791107178,2740600.0,2.356765031814575,VLO
1997-02-07,7.226919651031494,7.169789791107178,7.169789791107178,7.198354721069336,1565700.0,2.3661537170410156,VLO
1997-02-10,7.226919651031494,7.112659931182861,7.169789791107178,7.112659931182861,1206400.0,2.337985038757324,VLO
1997-02-11,7.169789791107178,7.084095001220703,7.112659931182861,7.112659931182861,1174500.0,2.337985038757324,VLO
1997-02-12,7.312614440917969,7.1412248611450195,7.1412248611450195,7.2840495109558105,2681600.0,2.3943216800689697,VLO
1997-02-13,7.398308753967285,7.312614440917969,7.312614440917969,7.312614440917969,1595000.0,2.403712272644043,VLO
1997-02-14,7.341179370880127,7.226919651031494,7.341179370880127,7.226919651031494,409100.0,2.3755431175231934,VLO
1997-02-18,7.226919651031494,7.1412248611450195,7.198354721069336,7.1412248611450195,592000.0,2.3473734855651855,VLO
1997-02-19,7.198354721069336,7.169789791107178,7.169789791107178,7.198354721069336,678700.0,2.3661537170410156,VLO
1997-02-20,7.226919651031494,7.169789791107178,7.198354721069336,7.226919651031494,579800.0,2.3755431175231934,VLO
1997-02-21,7.255484580993652,7.1412248611450195,7.169789791107178,7.255484580993652,1081700.0,2.384932279586792,VLO
1997-02-24,7.341179370880127,7.255484580993652,7.255484580993652,7.341179370880127,1529800.0,2.4131011962890625,VLO
1997-02-25,7.398308753967285,7.312614440917969,7.341179370880127,7.369743824005127,677800.0,2.422490358352661,VLO
1997-02-26,7.398308753967285,7.255484580993652,7.369743824005127,7.312614440917969,736400.0,2.403712272644043,VLO
1997-02-27,7.2840495109558105,7.169789791107178,7.2840495109558105,7.198354721069336,739100.0,2.3661537170410156,VLO
1997-02-28,7.226919651031494,7.169789791107178,7.198354721069336,7.198354721069336,603000.0,2.3661537170410156,VLO
1997-03-03,7.255484580993652,7.198354721069336,7.226919651031494,7.226919651031494,385500.0,2.3755431175231934,VLO
1997-03-04,7.226919651031494,7.198354721069336,7.198354721069336,7.198354721069336,739100.0,2.3661537170410156,VLO
1997-03-05,7.341179370880127,7.255484580993652,7.312614440917969,7.312614440917969,1137700.0,2.403712272644043,VLO
1997-03-06,7.369743824005127,7.312614440917969,7.341179370880127,7.312614440917969,459400.0,2.403712272644043,VLO
1997-03-07,7.369743824005127,7.2840495109558105,7.341179370880127,7.2840495109558105,1430900.0,2.3943216800689697,VLO
1997-03-10,7.455438613891602,7.2840495109558105,7.2840495109558105,7.455438613891602,1103100.0,2.4506592750549316,VLO
1997-03-11,7.426873683929443,7.312614440917969,7.426873683929443,7.369743824005127,251600.0,2.422490358352661,VLO
1997-03-12,7.398308753967285,7.312614440917969,7.341179370880127,7.398308753967285,1297400.0,2.4318785667419434,VLO
1997-03-13,7.455438613891602,7.369743824005127,7.369743824005127,7.426873683929443,876900.0,2.441269874572754,VLO
1997-03-14,7.48400354385376,7.398308753967285,7.398308753967285,7.48400354385376,1004200.0,2.4600493907928467,VLO
1997-03-17,7.741087913513184,7.512568473815918,7.541133403778076,7.741087913513184,3318700.0,2.5445544719696045,VLO
1997-03-18,7.7982177734375,7.712522983551025,7.741087913513184,7.769652843475342,2180500.0,2.553943157196045,VLO
1997-03-19,7.883912086486816,7.741087913513184,7.769652843475342,7.855347156524658,1988800.0,2.5821120738983154,VLO
1997-03-20,7.8267822265625,7.741087913513184,7.8267822265625,7.769652843475342,897000.0,2.553943157196045,VLO
1997-03-21,7.883912086486816,7.741087913513184,7.769652843475342,7.8267822265625,1441400.0,2.5727226734161377,VLO
1997-03-24,7.941041946411133,7.855347156524658,7.883912086486816,7.941041946411133,1624800.0,2.6102802753448486,VLO
1997-03-25,8.198125839233398,7.998171806335449,7.998171806335449,8.169561386108398,4540900.0,2.685396671295166,VLO
1997-03-26,8.312385559082031,8.169561386108398,8.169561386108398,8.283821105957031,3204100.0,2.7229535579681396,VLO
1997-03-27,8.283821105957031,8.198125839233398,8.283821105957031,8.255255699157715,2869300.0,2.713564872741699,VLO
1997-03-31,8.312385559082031,8.226691246032715,8.226691246032715,8.312385559082031,2974300.0,2.732344150543213,VLO
1997-04-01,8.426645278930664,8.312385559082031,8.340950965881348,8.312385559082031,2876700.0,2.732344150543213,VLO
1997-04-02,8.283821105957031,8.083866119384766,8.283821105957031,8.083866119384766,1369600.0,2.6572272777557373,VLO
1997-04-03,8.083866119384766,7.941041946411133,8.083866119384766,7.969606876373291,768800.0,2.6196701526641846,VLO
1997-04-04,8.169561386108398,7.941041946411133,7.969606876373291,8.169561386108398,566200.0,2.685396671295166,VLO
1997-04-07,8.169561386108398,8.083866119384766,8.169561386108398,8.112431526184082,610400.0,2.6666178703308105,VLO
1997-04-08,8.112431526184082,8.055301666259766,8.083866119384766,8.112431526184082,377200.0,2.6666178703308105,VLO
1997-04-09,8.226691246032715,8.112431526184082,8.140995979309082,8.198125839233398,502300.0,2.6947858333587646,VLO
1997-04-10,8.226691246032715,8.083866119384766,8.198125839233398,8.083866119384766,162300.0,2.6572272777557373,VLO
1997-04-11,8.083866119384766,8.026737213134766,8.083866119384766,8.055301666259766,240200.0,2.6478381156921387,VLO
1997-04-14,8.055301666259766,7.883912086486816,8.055301666259766,7.969606876373291,796400.0,2.6196701526641846,VLO
1997-04-15,7.998171806335449,7.941041946411133,7.969606876373291,7.941041946411133,309300.0,2.6102802753448486,VLO
1997-04-16,8.026737213134766,7.912477016448975,7.941041946411133,7.998171806335449,836200.0,2.629059076309204,VLO
1997-04-17,8.083866119384766,7.8267822265625,7.998171806335449,7.883912086486816,1943300.0,2.5915019512176514,VLO
1997-04-18,7.969606876373291,7.855347156524658,7.941041946411133,7.883912086486816,1224400.0,2.5915019512176514,VLO
1997-04-21,8.026737213134766,7.855347156524658,7.912477016448975,7.855347156524658,2078600.0,2.5821120738983154,VLO
1997-04-22,8.026737213134766,7.855347156524658,7.855347156524658,8.026737213134766,1631300.0,2.638449192047119,VLO
1997-04-23,8.112431526184082,8.055301666259766,8.083866119384766,8.112431526184082,324600.0,2.6666178703308105,VLO
1997-04-24,8.140995979309082,8.055301666259766,8.112431526184082,8.112431526184082,337800.0,2.6666178703308105,VLO
1997-04-25,8.083866119384766,7.855347156524658,8.083866119384766,7.855347156524658,1412500.0,2.5821120738983154,VLO
1997-04-28,7.969606876373291,7.855347156524658,7.883912086486816,7.883912086486816,564500.0,2.5915019512176514,VLO
1997-04-29,7.998171806335449,7.912477016448975,7.912477016448975,7.969606876373291,399500.0,2.6196701526641846,VLO
1997-04-30,8.026737213134766,7.912477016448975,7.912477016448975,8.026737213134766,735100.0,2.638449192047119,VLO
1997-05-01,8.055301666259766,7.998171806335449,7.998171806335449,8.026737213134766,2066300.0,2.64825177192688,VLO
1997-05-02,8.083866119384766,7.998171806335449,8.026737213134766,8.083866119384766,1141600.0,2.6670985221862793,VLO
1997-05-05,8.198125839233398,8.055301666259766,8.083866119384766,8.140995979309082,928500.0,2.6859495639801025,VLO
1997-05-06,8.169561386108398,7.912477016448975,8.169561386108398,7.969606876373291,1629600.0,2.629401922225952,VLO
1997-05-07,8.112431526184082,8.026737213134766,8.083866119384766,8.055301666259766,2167400.0,2.6576755046844482,VLO
1997-05-08,8.055301666259766,7.998171806335449,8.055301666259766,8.026737213134766,718100.0,2.64825177192688,VLO
1997-05-09,8.198125839233398,8.055301666259766,8.055301666259766,8.198125839233398,1416900.0,2.70479679107666,VLO
1997-05-12,8.283821105957031,8.226691246032715,8.226691246032715,8.283821105957031,994200.0,2.733069896697998,VLO
1997-05-13,8.283821105957031,8.198125839233398,8.283821105957031,8.198125839233398,788100.0,2.70479679107666,VLO
1997-05-14,8.283821105957031,8.198125839233398,8.226691246032715,8.255255699157715,1180600.0,2.7236454486846924,VLO
1997-05-15,8.255255699157715,8.140995979309082,8.255255699157715,8.169561386108398,1406800.0,2.6953723430633545,VLO
1997-05-16,8.140995979309082,7.969606876373291,8.140995979309082,7.969606876373291,1533300.0,2.629401922225952,VLO
1997-05-19,8.083866119384766,7.969606876373291,7.998171806335449,7.998171806335449,1039700.0,2.638827323913574,VLO
1997-05-20,7.969606876373291,7.855347156524658,7.969606876373291,7.941041946411133,726400.0,2.6199772357940674,VLO
1997-05-21,7.998171806335449,7.912477016448975,7.969606876373291,7.941041946411133,532500.0,2.6199772357940674,VLO
1997-05-22,8.226691246032715,8.112431526184082,8.112431526184082,8.198125839233398,2025200.0,2.70479679107666,VLO
1997-05-23,8.226691246032715,8.169561386108398,8.169561386108398,8.169561386108398,1111000.0,2.6953723430633545,VLO
1997-05-27,8.198125839233398,8.140995979309082,8.169561386108398,8.169561386108398,3003600.0,2.6953723430633545,VLO
1997-05-28,8.226691246032715,8.169561386108398,8.169561386108398,8.198125839233398,2654000.0,2.70479679107666,VLO
1997-05-29,8.169561386108398,7.941041946411133,8.169561386108398,8.026737213134766,1352100.0,2.64825177192688,VLO
1997-05-30,8.169561386108398,7.912477016448975,7.969606876373291,8.169561386108398,1513200.0,2.6953723430633545,VLO
1997-06-02,8.283821105957031,8.140995979309082,8.140995979309082,8.283821105957031,1071600.0,2.733069896697998,VLO
1997-06-03,8.283821105957031,8.198125839233398,8.283821105957031,8.255255699157715,348700.0,2.7236454486846924,VLO
1997-06-04,8.312385559082031,8.169561386108398,8.283821105957031,8.312385559082031,761400.0,2.742494583129883,VLO
1997-06-05,8.312385559082031,8.198125839233398,8.312385559082031,8.226691246032715,225300.0,2.7142226696014404,VLO
1997-06-06,8.312385559082031,8.226691246032715,8.255255699157715,8.312385559082031,382900.0,2.742494583129883,VLO
1997-06-09,8.369515419006348,8.283821105957031,8.312385559082031,8.369515419006348,579800.0,2.761342763900757,VLO
1997-06-10,8.626599311828613,8.540904998779297,8.569469451904297,8.598034858703613,3018100.0,2.836740016937256,VLO
1997-06-11,8.740859031677246,8.598034858703613,8.598034858703613,8.712294578552246,2087300.0,2.874436855316162,VLO
1997-06-12,8.797988891601562,8.65516471862793,8.712294578552246,8.65516471862793,1028300.0,2.8555877208709717,VLO
1997-06-13,8.769424438476562,8.598034858703613,8.65516471862793,8.769424438476562,1458000.0,2.893285036087036,VLO
1997-06-16,8.769424438476562,8.68372917175293,8.769424438476562,8.68372917175293,895700.0,2.8650121688842773,VLO
1997-06-17,8.68372917175293,8.540904998779297,8.68372917175293,8.598034858703613,1101400.0,2.836740016937256,VLO
1997-06-18,8.569469451904297,8.398080825805664,8.540904998779297,8.45521068572998,926800.0,2.789616346359253,VLO
1997-06-19,8.45521068572998,8.340950965881348,8.45521068572998,8.340950965881348,2998800.0,2.7519195079803467,VLO
1997-06-20,8.340950965881348,8.198125839233398,8.340950965881348,8.226691246032715,1981400.0,2.7142226696014404,VLO
1997-06-23,8.226691246032715,7.969606876373291,8.226691246032715,7.998171806335449,2881100.0,2.638827323913574,VLO
1997-06-24,8.140995979309082,8.055301666259766,8.112431526184082,8.126713752746582,6437000.0,2.681236505508423,VLO
1997-06-25,8.183843612670898,8.083866119384766,8.140995979309082,8.126713752746582,3573400.0,2.681236505508423,VLO
1997-06-26,8.198125839233398,7.983889579772949,8.169561386108398,8.083866119384766,2819400.0,2.6670985221862793,VLO
1997-06-27,8.312385559082031,8.212409019470215,8.226691246032715,8.269537925720215,3298100.0,2.728358268737793,VLO
1997-06-30,8.312385559082031,8.240973472595215,8.283821105957031,8.283821105957031,2203300.0,2.733069896697998,VLO
1997-07-01,8.426645278930664,8.283821105957031,8.283821105957031,8.398080825805664,2364300.0,2.7707674503326416,VLO
1997-07-02,8.569469451904297,8.398080825805664,8.398080825805664,8.569469451904297,1286500.0,2.8273141384124756,VLO
1997-07-03,8.740859031677246,8.569469451904297,8.626599311828613,8.740859031677246,1088700.0,2.883859395980835,VLO
1997-07-07,8.712294578552246,8.65516471862793,8.712294578552246,8.66944694519043,937300.0,2.860299587249756,VLO
1997-07-08,8.797988891601562,8.68372917175293,8.68372917175293,8.755141258239746,2343300.0,2.888573169708252,VLO
1997-07-09,8.826554298400879,8.68372917175293,8.783706665039062,8.68372917175293,1515800.0,2.8650121688842773,VLO
1997-07-10,8.840836524963379,8.68372917175293,8.68372917175293,8.840836524963379,2006300.0,2.916846513748169,VLO
1997-07-11,8.912248611450195,8.826554298400879,8.840836524963379,8.826554298400879,4575100.0,2.912135362625122,VLO
1997-07-14,8.869400978088379,8.769424438476562,8.855118751525879,8.769424438476562,2514400.0,2.893285036087036,VLO
1997-07-15,8.897966384887695,8.726576805114746,8.769424438476562,8.897966384887695,2225100.0,2.9356954097747803,VLO
1997-07-16,9.026508331298828,8.883684158325195,8.897966384887695,9.026508331298828,2400600.0,2.978105306625366,VLO
1997-07-17,9.040790557861328,8.855118751525879,9.026508331298828,8.897966384887695,2242700.0,2.9356954097747803,VLO
1997-07-18,9.369287490844727,9.097920417785645,9.112202644348145,9.369287490844727,6072500.0,3.0911977291107178,VLO
1997-07-21,9.54067611694336,9.31215763092041,9.34072208404541,9.54067611694336,1785800.0,3.147744655609131,VLO
1997-07-22,9.612088203430176,9.52639389038086,9.54067611694336,9.597805976867676,2131900.0,3.1665937900543213,VLO
1997-07-23,9.597805976867676,9.54067611694336,9.569241523742676,9.583523750305176,764000.0,3.1618800163269043,VLO
1997-07-24,9.597805976867676,9.54067611694336,9.54067611694336,9.597805976867676,1658500.0,3.1665937900543213,VLO
1997-07-25,9.626371383666992,9.569241523742676,9.569241523742676,9.612088203430176,1279100.0,3.17130446434021,VLO
1997-07-28,9.612088203430176,9.554959297180176,9.612088203430176,9.597805976867676,529900.0,3.1665937900543213,VLO
1997-07-29,9.740631103515625,9.54067611694336,9.597805976867676,9.740631103515625,732100.0,3.2137155532836914,VLO
1997-07-30,9.826325416564941,9.626371383666992,9.769195556640625,9.797760963439941,1827400.0,3.23256254196167,VLO
1997-07-31,9.826325416564941,9.740631103515625,9.740631103515625,9.826325416564941,674700.0,3.241987705230713,VLO
1997-08-01,6.655621528625488,6.569926738739014,6.62705659866333,6.584209442138672,592000.0,3.193495988845825,VLO
1997-08-04,6.6841864585876465,6.584209442138672,6.584209442138672,6.6841864585876465,1073400.0,3.2419867515563965,VLO
1997-08-05,6.9984002113342285,6.741316318511963,6.741316318511963,6.9984002113342285,1324100.0,3.3943898677825928,VLO
1997-08-06,7.255484580993652,7.055530071258545,7.055530071258545,7.1269426345825195,3265800.0,3.4567344188690186,VLO
1997-08-07,7.169789791107178,7.055530071258545,7.1412248611450195,7.112659931182861,1646600.0,3.44980788230896,VLO
1997-08-08,7.1269426345825195,7.026965141296387,7.1269426345825195,7.069812774658203,1262400.0,3.429025173187256,VLO
1997-08-11,7.341179370880127,7.084095001220703,7.084095001220703,7.198354721069336,1811200.0,3.4913718700408936,VLO
1997-08-12,7.455438613891602,7.2983317375183105,7.398308753967285,7.326896667480469,3703400.0,3.5537185668945312,VLO
1997-08-13,7.426873683929443,7.2840495109558105,7.412591457366943,7.341179370880127,3919500.0,3.560643196105957,VLO
1997-08-14,7.355461597442627,7.1555070877075195,7.326896667480469,7.226919651031494,1514000.0,3.543844223022461,VLO
1997-08-15,7.226919651031494,7.084095001220703,7.226919651031494,7.084095001220703,1644000.0,3.4738078117370605,VLO
1997-08-18,7.098377704620361,6.96983528137207,7.084095001220703,6.96983528137207,994600.0,3.4177799224853516,VLO
1997-08-19,7.1269426345825195,6.9984002113342285,7.026965141296387,7.084095001220703,2356000.0,3.4738078117370605,VLO
1997-08-20,7.169789791107178,7.069812774658203,7.084095001220703,7.1412248611450195,2369600.0,3.5018224716186523,VLO
1997-08-21,7.369743824005127,7.1555070877075195,7.312614440917969,7.169789791107178,2001500.0,3.5158300399780273,VLO
1997-08-22,7.241201877593994,6.941270351409912,7.1269426345825195,7.226919651031494,1367900.0,3.543844223022461,VLO
1997-08-25,7.48400354385376,7.255484580993652,7.255484580993652,7.441156387329102,2254500.0,3.648898124694824,VLO
1997-08-26,7.555416107177734,7.441156387329102,7.441156387329102,7.526851177215576,2067200.0,3.6909213066101074,VLO
1997-08-27,7.555416107177734,7.512568473815918,7.541133403778076,7.541133403778076,3080200.0,3.6979260444641113,VLO
1997-08-28,7.726805210113525,7.541133403778076,7.541133403778076,7.698240280151367,981500.0,3.7749669551849365,VLO
1997-08-29,7.683958053588867,7.598263263702393,7.683958053588867,7.612545490264893,301900.0,3.732942819595337,VLO
1997-09-02,7.712522983551025,7.598263263702393,7.598263263702393,7.698240280151367,797300.0,3.7749669551849365,VLO
1997-09-03,7.955324649810791,7.741087913513184,7.741087913513184,7.912477016448975,1503500.0,3.8800179958343506,VLO
1997-09-04,8.026737213134766,7.941041946411133,8.026737213134766,7.969606876373291,964900.0,3.9080352783203125,VLO
1997-09-05,7.969606876373291,7.755370140075684,7.969606876373291,7.755370140075684,1130300.0,3.802980422973633,VLO
1997-09-08,7.8267822265625,7.769652843475342,7.783935070037842,7.769652843475342,2523200.0,3.809983968734741,VLO
1997-09-09,7.769652843475342,7.598263263702393,7.769652843475342,7.612545490264893,1552600.0,3.732942819595337,VLO
1997-09-10,7.626828193664551,7.512568473815918,7.626828193664551,7.541133403778076,2339400.0,3.6979260444641113,VLO
1997-09-11,7.512568473815918,7.398308753967285,7.512568473815918,7.426873683929443,1010400.0,3.6418933868408203,VLO
1997-09-12,7.598263263702393,7.455438613891602,7.455438613891602,7.583981037139893,454200.0,3.718935966491699,VLO
1997-09-15,7.712522983551025,7.626828193664551,7.626828193664551,7.712522983551025,547800.0,3.781968832015991,VLO
1997-09-16,7.783935070037842,7.569698333740234,7.569698333740234,7.783935070037842,618700.0,3.8169870376586914,VLO
1997-09-17,7.855347156524658,7.698240280151367,7.8125,7.712522983551025,2244400.0,3.781968832015991,VLO
1997-09-18,7.726805210113525,7.512568473815918,7.726805210113525,7.569698333740234,1263700.0,3.711930990219116,VLO
1997-09-19,7.655393123626709,7.555416107177734,7.569698333740234,7.655393123626709,627500.0,3.753953695297241,VLO
1997-09-22,7.669675350189209,7.555416107177734,7.655393123626709,7.569698333740234,300100.0,3.711930990219116,VLO
1997-09-23,7.555416107177734,7.412591457366943,7.541133403778076,7.426873683929443,3618900.0,3.6418933868408203,VLO
1997-09-24,7.541133403778076,7.341179370880127,7.426873683929443,7.512568473815918,2365600.0,3.6839184761047363,VLO
1997-09-25,7.526851177215576,7.369743824005127,7.512568473815918,7.384026527404785,2408500.0,3.6208839416503906,VLO
1997-09-26,7.398308753967285,7.355461597442627,7.384026527404785,7.384026527404785,1308800.0,3.6208839416503906,VLO
1997-09-29,7.541133403778076,7.398308753967285,7.412591457366943,7.455438613891602,2510500.0,3.6559035778045654,VLO
1997-09-30,7.512568473815918,7.455438613891602,7.46972131729126,7.498286247253418,2223000.0,3.6769144535064697,VLO
1997-10-01,7.541133403778076,7.455438613891602,7.498286247253418,7.48400354385376,2955100.0,3.6699116230010986,VLO
1997-10-02,7.598263263702393,7.46972131729126,7.498286247253418,7.555416107177734,1965200.0,3.7049288749694824,VLO
1997-10-03,7.726805210113525,7.583981037139893,7.583981037139893,7.698240280151367,1496500.0,3.7749669551849365,VLO
1997-10-06,7.769652843475342,7.683958053588867,7.769652843475342,7.741087913513184,673400.0,3.7959747314453125,VLO
1997-10-07,7.769652843475342,7.698240280151367,7.769652843475342,7.712522983551025,2008100.0,3.781968832015991,VLO
1997-10-08,7.712522983551025,7.426873683929443,7.712522983551025,7.498286247253418,1798500.0,3.6769144535064697,VLO
1997-10-09,7.569698333740234,7.412591457366943,7.498286247253418,7.48400354385376,2436500.0,3.6699116230010986,VLO
1997-10-10,7.541133403778076,7.412591457366943,7.426873683929443,7.48400354385376,2595800.0,3.6699116230010986,VLO
1997-10-13,7.48400354385376,7.398308753967285,7.48400354385376,7.412591457366943,1760400.0,3.634892225265503,VLO
1997-10-14,7.441156387329102,7.412591457366943,7.426873683929443,7.426873683929443,372800.0,3.6418933868408203,VLO
1997-10-15,7.569698333740234,7.412591457366943,7.426873683929443,7.541133403778076,2874100.0,3.6979260444641113,VLO
1997-10-16,7.569698333740234,7.48400354385376,7.541133403778076,7.498286247253418,742600.0,3.6769144535064697,VLO
1997-10-17,7.498286247253418,7.1555070877075195,7.48400354385376,7.226919651031494,984600.0,3.543844223022461,VLO
1997-10-20,7.2840495109558105,7.084095001220703,7.212636947631836,7.1412248611450195,1057200.0,3.5018224716186523,VLO
1997-10-21,7.198354721069336,6.8270111083984375,7.198354721069336,6.855576038360596,1954700.0,3.3617491722106934,VLO
1997-10-22,7.026965141296387,6.61277437210083,6.96983528137207,6.898423194885254,6738100.0,3.382761001586914,VLO
1997-10-23,6.8270111083984375,6.6984686851501465,6.755598545074463,6.784163475036621,1863300.0,3.3267314434051514,VLO
1997-10-24,7.069812774658203,6.855576038360596,6.855576038360596,6.95555305480957,2506100.0,3.4107754230499268,VLO
1997-10-27,6.941270351409912,6.498514652252197,6.926988124847412,6.498514652252197,1548200.0,3.186660051345825,VLO
1997-10-28,6.6699042320251465,6.155735969543457,6.28427791595459,6.6699042320251465,2446600.0,3.270702600479126,VLO
1997-10-29,6.96983528137207,6.8412933349609375,6.855576038360596,6.855576038360596,4540100.0,3.3617491722106934,VLO
1997-10-30,6.884140968322754,6.741316318511963,6.798446178436279,6.8412933349609375,608700.0,3.354745388031006,VLO
1997-10-31,6.912705898284912,6.855576038360596,6.869858264923096,6.884140968322754,345200.0,3.3757576942443848,VLO
1997-11-03,7.041247844696045,6.941270351409912,6.941270351409912,6.9841179847717285,571000.0,3.4247820377349854,VLO
1997-11-04,7.198354721069336,6.9984002113342285,6.9984002113342285,7.098377704620361,2589700.0,3.480811595916748,VLO
1997-11-05,7.1412248611450195,6.96983528137207,7.112659931182861,6.9841179847717285,644100.0,3.4247820377349854,VLO
1997-11-06,6.9841179847717285,6.8270111083984375,6.95555305480957,6.8412933349609375,493600.0,3.39361834526062,VLO
1997-11-07,7.026965141296387,6.798446178436279,6.798446178436279,6.9984002113342285,1297900.0,3.4715516567230225,VLO
1997-11-10,7.084095001220703,6.96983528137207,6.9984002113342285,7.069812774658203,1312800.0,3.506976366043091,VLO
1997-11-11,7.084095001220703,6.9984002113342285,7.041247844696045,7.026965141296387,1165700.0,3.4857208728790283,VLO
1997-11-12,7.055530071258545,6.941270351409912,7.026965141296387,6.9984002113342285,796800.0,3.4715516567230225,VLO
1997-11-13,7.026965141296387,6.95555305480957,7.012682914733887,6.96983528137207,680000.0,3.4573826789855957,VLO
1997-11-14,7.012682914733887,6.941270351409912,6.96983528137207,6.95555305480957,881700.0,3.450296401977539,VLO
1997-11-17,7.026965141296387,6.95555305480957,6.95555305480957,6.9841179847717285,522000.0,3.4644663333892822,VLO
1997-11-18,7.041247844696045,6.96983528137207,7.026965141296387,6.9841179847717285,303600.0,3.4644663333892822,VLO
1997-11-19,7.041247844696045,6.96983528137207,6.9984002113342285,6.96983528137207,792400.0,3.4573826789855957,VLO
1997-11-20,7.226919651031494,6.9841179847717285,6.9841179847717285,7.212636947631836,1949900.0,3.577824592590332,VLO
1997-11-21,7.226919651031494,7.184072017669678,7.184072017669678,7.198354721069336,892200.0,3.5707390308380127,VLO
1997-11-24,7.169789791107178,7.069812774658203,7.169789791107178,7.069812774658203,449400.0,3.506976366043091,VLO
1997-11-25,7.026965141296387,6.941270351409912,6.9984002113342285,6.941270351409912,1230500.0,3.443211793899536,VLO
1997-11-26,7.226919651031494,6.95555305480957,6.95555305480957,7.169789791107178,1225700.0,3.5565690994262695,VLO
1997-11-28,7.212636947631836,7.169789791107178,7.169789791107178,7.169789791107178,260300.0,3.5565690994262695,VLO
1997-12-01,7.226919651031494,7.1412248611450195,7.169789791107178,7.198354721069336,1259800.0,3.5707390308380127,VLO
1997-12-02,7.312614440917969,7.084095001220703,7.184072017669678,7.312614440917969,1192800.0,3.6274168491363525,VLO
1997-12-03,7.369743824005127,7.269766807556152,7.2840495109558105,7.369743824005127,1132000.0,3.6557559967041016,VLO
1997-12-04,7.426873683929443,7.226919651031494,7.355461597442627,7.226919651031494,831400.0,3.5849075317382812,VLO
1997-12-05,7.312614440917969,7.198354721069336,7.226919651031494,7.198354721069336,705800.0,3.5707390308380127,VLO
1997-12-08,7.212636947631836,7.041247844696045,7.212636947631836,7.041247844696045,917600.0,3.4928054809570312,VLO
1997-12-09,7.184072017669678,7.026965141296387,7.041247844696045,7.084095001220703,750400.0,3.514059543609619,VLO
1997-12-10,7.1555070877075195,7.084095001220703,7.1412248611450195,7.1269426345825195,867700.0,3.5353140830993652,VLO
1997-12-11,7.1412248611450195,7.012682914733887,7.112659931182861,7.112659931182861,780600.0,3.5282294750213623,VLO
1997-12-12,7.212636947631836,7.112659931182861,7.112659931182861,7.1269426345825195,1196300.0,3.5353140830993652,VLO
1997-12-15,7.46972131729126,7.069812774658203,7.069812774658203,7.398308753967285,1585800.0,3.6699254512786865,VLO
1997-12-16,7.369743824005127,7.241201877593994,7.369743824005127,7.312614440917969,753500.0,3.6274168491363525,VLO
1997-12-17,7.326896667480469,7.2840495109558105,7.2840495109558105,7.312614440917969,363200.0,3.6274168491363525,VLO
1997-12-18,7.398308753967285,7.269766807556152,7.312614440917969,7.355461597442627,957900.0,3.6486728191375732,VLO
1997-12-19,7.369743824005127,7.241201877593994,7.312614440917969,7.369743824005127,1354800.0,3.6557559967041016,VLO
1997-12-22,7.326896667480469,7.1269426345825195,7.312614440917969,7.1412248611450195,871200.0,3.5423991680145264,VLO
1997-12-23,7.1412248611450195,7.069812774658203,7.1412248611450195,7.098377704620361,570600.0,3.5211446285247803,VLO
1997-12-24,7.084095001220703,6.9984002113342285,7.084095001220703,7.055530071258545,1038400.0,3.499889850616455,VLO
1997-12-26,7.084095001220703,7.012682914733887,7.055530071258545,7.012682914733887,157500.0,3.4786369800567627,VLO
1997-12-29,7.055530071258545,6.9841179847717285,7.012682914733887,7.055530071258545,797700.0,3.499889850616455,VLO
1997-12-30,7.084095001220703,6.9841179847717285,7.069812774658203,7.026965141296387,775400.0,3.4857208728790283,VLO
1997-12-31,7.226919651031494,7.041247844696045,7.055530071258545,7.184072017669678,686100.0,3.5636539459228516,VLO
1998-01-02,7.226919651031494,7.1412248611450195,7.226919651031494,7.1555070877075195,697900.0,3.5494837760925293,VLO
1998-01-05,7.212636947631836,7.098377704620361,7.112659931182861,7.1555070877075195,811300.0,3.5494837760925293,VLO
1998-01-06,7.1412248611450195,6.912705898284912,7.1412248611450195,6.912705898284912,869500.0,3.429042100906372,VLO
1998-01-07,6.926988124847412,6.8270111083984375,6.926988124847412,6.855576038360596,554800.0,3.400703191757202,VLO
1998-01-08,6.9984002113342285,6.8412933349609375,6.8412933349609375,6.855576038360596,949500.0,3.400703191757202,VLO
1998-01-09,6.855576038360596,6.512796878814697,6.855576038360596,6.569926738739014,1475100.0,3.259007215499878,VLO
1998-01-12,6.512796878814697,6.29856014251709,6.398537635803223,6.327125072479248,1718800.0,3.1385657787323,VLO
1998-01-13,6.469949722290039,6.29856014251709,6.29856014251709,6.427102565765381,1669800.0,3.1881585121154785,VLO
1998-01-14,6.5413618087768555,6.455667495727539,6.484231948852539,6.469949722290039,1139900.0,3.2094147205352783,VLO
1998-01-15,6.6841864585876465,6.484231948852539,6.484231948852539,6.484231948852539,1021300.0,3.216498851776123,VLO
1998-01-16,6.555644512176514,6.427102565765381,6.5270795822143555,6.427102565765381,1257600.0,3.1881585121154785,VLO
1998-01-20,6.62705659866333,6.412819862365723,6.427102565765381,6.598491668701172,1229200.0,3.273177146911621,VLO
1998-01-21,7.1412248611450195,6.569926738739014,6.569926738739014,7.084095001220703,2096500.0,3.514059543609619,VLO
1998-01-22,7.055530071258545,6.884140968322754,7.055530071258545,7.026965141296387,1297400.0,3.4857208728790283,VLO
1998-01-23,7.026965141296387,6.741316318511963,7.026965141296387,6.741316318511963,1087800.0,3.3440256118774414,VLO
1998-01-26,7.026965141296387,6.798446178436279,6.798446178436279,6.9984002113342285,944700.0,3.4715516567230225,VLO
1998-01-27,7.084095001220703,6.95555305480957,6.9984002113342285,7.084095001220703,1235300.0,3.514059543609619,VLO
1998-01-28,7.255484580993652,7.026965141296387,7.055530071258545,7.255484580993652,1041000.0,3.5990781784057617,VLO
1998-01-29,7.2983317375183105,7.169789791107178,7.198354721069336,7.169789791107178,998600.0,3.5565690994262695,VLO
1998-01-30,7.255484580993652,7.212636947631836,7.255484580993652,7.212636947631836,862000.0,3.577824592590332,VLO
1998-02-02,7.2840495109558105,7.226919651031494,7.255484580993652,7.269766807556152,1065900.0,3.6061627864837646,VLO
1998-02-03,7.426873683929443,7.312614440917969,7.398308753967285,7.426873683929443,1465000.0,3.6840951442718506,VLO
1998-02-04,7.384026527404785,7.341179370880127,7.369743824005127,7.384026527404785,524200.0,3.662839889526367,VLO
1998-02-05,7.655393123626709,7.412591457366943,7.441156387329102,7.555416107177734,919300.0,3.7478606700897217,VLO
1998-02-06,7.598263263702393,7.541133403778076,7.541133403778076,7.541133403778076,518900.0,3.780806064605713,VLO
1998-02-09,7.612545490264893,7.541133403778076,7.541133403778076,7.598263263702393,571000.0,3.809448003768921,VLO
1998-02-10,7.7982177734375,7.626828193664551,7.626828193664551,7.741087913513184,924200.0,3.881056070327759,VLO
1998-02-11,7.741087913513184,7.655393123626709,7.726805210113525,7.726805210113525,1168800.0,3.873894691467285,VLO
1998-02-12,7.7982177734375,7.726805210113525,7.726805210113525,7.7982177734375,503200.0,3.9096996784210205,VLO
1998-02-13,7.855347156524658,7.755370140075684,7.783935070037842,7.769652843475342,629200.0,3.8953754901885986,VLO
1998-02-17,7.741087913513184,7.569698333740234,7.712522983551025,7.569698333740234,443700.0,3.7951273918151855,VLO
1998-02-18,7.8125,7.569698333740234,7.569698333740234,7.8125,483500.0,3.9168601036071777,VLO
1998-02-19,7.983889579772949,7.755370140075684,7.755370140075684,7.941041946411133,1448800.0,3.9813034534454346,VLO
1998-02-20,8.01245403289795,7.941041946411133,7.941041946411133,8.01245403289795,905300.0,4.017107963562012,VLO
1998-02-23,8.055301666259766,7.941041946411133,8.01245403289795,8.01245403289795,1337300.0,4.017107963562012,VLO
1998-02-24,8.041019439697266,7.998171806335449,8.01245403289795,8.01245403289795,977500.0,4.017107963562012,VLO
1998-02-25,8.069583892822266,7.998171806335449,8.026737213134766,8.055301666259766,617800.0,4.038589000701904,VLO
1998-02-26,8.240973472595215,8.069583892822266,8.069583892822266,8.226691246032715,923300.0,4.124516487121582,VLO
1998-02-27,8.226691246032715,8.112431526184082,8.226691246032715,8.112431526184082,623100.0,4.067231178283691,VLO
1998-03-02,8.340950965881348,8.169561386108398,8.169561386108398,8.326667785644531,441100.0,4.174640655517578,VLO
1998-03-03,8.269537925720215,8.083866119384766,8.269537925720215,8.226691246032715,1622600.0,4.124516487121582,VLO
1998-03-04,8.155279159545898,8.01245403289795,8.140995979309082,8.01245403289795,507100.0,4.017107963562012,VLO
1998-03-05,7.969606876373291,7.898194789886475,7.941041946411133,7.898194789886475,728600.0,3.959822416305542,VLO
1998-03-06,7.883912086486816,7.741087913513184,7.883912086486816,7.7982177734375,1744700.0,3.9096996784210205,VLO
1998-03-09,7.883912086486816,7.726805210113525,7.8267822265625,7.755370140075684,232300.0,3.888214588165283,VLO
1998-03-10,7.912477016448975,7.8267822265625,7.8267822265625,7.869629859924316,424000.0,3.945500135421753,VLO
1998-03-11,7.983889579772949,7.883912086486816,7.883912086486816,7.969606876373291,634900.0,3.9956252574920654,VLO
1998-03-12,8.026737213134766,7.941041946411133,7.969606876373291,8.01245403289795,412600.0,4.017107963562012,VLO
1998-03-13,8.01245403289795,7.969606876373291,7.998171806335449,7.998171806335449,397700.0,4.009947299957275,VLO
1998-03-16,8.01245403289795,7.955324649810791,7.998171806335449,7.955324649810791,285300.0,3.9884650707244873,VLO
1998-03-17,7.855347156524658,7.598263263702393,7.855347156524658,7.655393123626709,1216500.0,3.8380911350250244,VLO
1998-03-18,7.7982177734375,7.655393123626709,7.655393123626709,7.7982177734375,800300.0,3.9096996784210205,VLO
1998-03-19,7.883912086486816,7.783935070037842,7.783935070037842,7.883912086486816,479600.0,3.9526607990264893,VLO
1998-03-20,8.055301666259766,7.912477016448975,7.941041946411133,7.983889579772949,384600.0,4.002785682678223,VLO
1998-03-23,8.112431526184082,8.01245403289795,8.026737213134766,8.01245403289795,1057600.0,4.017107963562012,VLO
1998-03-24,7.998171806335449,7.712522983551025,7.998171806335449,7.712522983551025,1126800.0,3.8667349815368652,VLO
1998-03-25,7.8125,7.712522983551025,7.741087913513184,7.712522983551025,1230900.0,3.8667349815368652,VLO
1998-03-26,7.769652843475342,7.698240280151367,7.741087913513184,7.712522983551025,936400.0,3.8667349815368652,VLO
1998-03-27,7.783935070037842,7.655393123626709,7.769652843475342,7.698240280151367,839300.0,3.8595728874206543,VLO
1998-03-30,7.726805210113525,7.669675350189209,7.712522983551025,7.726805210113525,560500.0,3.873894691467285,VLO
1998-03-31,7.755370140075684,7.612545490264893,7.683958053588867,7.626828193664551,777600.0,3.8237709999084473,VLO
1998-04-01,8.098149299621582,7.669675350189209,7.683958053588867,8.026737213134766,1212100.0,4.024267673492432,VLO
1998-04-02,8.083866119384766,8.026737213134766,8.026737213134766,8.026737213134766,1195000.0,4.024267673492432,VLO
1998-04-03,8.055301666259766,7.969606876373291,8.026737213134766,7.969606876373291,463800.0,3.9956252574920654,VLO
1998-04-06,7.955324649810791,7.883912086486816,7.941041946411133,7.926759719848633,781500.0,3.9741427898406982,VLO
1998-04-07,7.912477016448975,7.769652843475342,7.912477016448975,7.8125,855500.0,3.9168601036071777,VLO
1998-04-08,7.8267822265625,7.683958053588867,7.8125,7.726805210113525,2114900.0,3.873894691467285,VLO
1998-04-09,7.769652843475342,7.683958053588867,7.769652843475342,7.741087913513184,1015200.0,3.881056070327759,VLO
1998-04-13,7.783935070037842,7.712522983551025,7.741087913513184,7.741087913513184,621300.0,3.881056070327759,VLO
1998-04-14,7.783935070037842,7.555416107177734,7.769652843475342,7.655393123626709,2101300.0,3.8380911350250244,VLO
1998-04-15,7.712522983551025,7.612545490264893,7.626828193664551,7.712522983551025,1071200.0,3.8667349815368652,VLO
1998-04-16,7.741087913513184,7.569698333740234,7.698240280151367,7.655393123626709,857600.0,3.8380911350250244,VLO
1998-04-17,8.226691246032715,7.655393123626709,7.655393123626709,8.069583892822266,1845700.0,4.045749664306641,VLO
1998-04-20,8.041019439697266,7.855347156524658,8.041019439697266,7.926759719848633,493600.0,3.9741427898406982,VLO
1998-04-21,7.941041946411133,7.855347156524658,7.926759719848633,7.898194789886475,529400.0,3.959822416305542,VLO
1998-04-22,7.898194789886475,7.841064929962158,7.898194789886475,7.841064929962158,316800.0,3.9311795234680176,VLO
1998-04-23,7.8267822265625,7.698240280151367,7.8267822265625,7.741087913513184,473400.0,3.881056070327759,VLO
1998-04-24,7.8267822265625,7.655393123626709,7.741087913513184,7.712522983551025,485200.0,3.8667349815368652,VLO
1998-04-27,7.712522983551025,7.46972131729126,7.683958053588867,7.541133403778076,1052400.0,3.780806064605713,VLO
1998-04-28,7.569698333740234,7.48400354385376,7.541133403778076,7.498286247253418,587200.0,3.7593257427215576,VLO
1998-04-29,7.512568473815918,7.426873683929443,7.512568473815918,7.426873683929443,1357800.0,3.7235207557678223,VLO
1998-04-30,7.455438613891602,7.369743824005127,7.441156387329102,7.398308753967285,2548500.0,3.709200620651245,VLO
1998-05-01,7.541133403778076,7.369743824005127,7.369743824005127,7.48400354385376,1810700.0,3.752162456512451,VLO
1998-05-04,7.498286247253418,7.398308753967285,7.46972131729126,7.398308753967285,604300.0,3.709200620651245,VLO
1998-05-05,7.569698333740234,7.426873683929443,7.48400354385376,7.498286247253418,3770300.0,3.7593257427215576,VLO
1998-05-06,7.655393123626709,7.541133403778076,7.541133403778076,7.626828193664551,1206900.0,3.8237709999084473,VLO
1998-05-07,7.683958053588867,7.569698333740234,7.569698333740234,7.626828193664551,1128500.0,3.864304304122925,VLO
1998-05-08,7.883912086486816,7.626828193664551,7.626828193664551,7.8125,761400.0,3.9583795070648193,VLO
1998-05-11,7.855347156524658,7.783935070037842,7.8125,7.7982177734375,518900.0,3.9511425495147705,VLO
1998-05-12,7.8267822265625,7.712522983551025,7.8267822265625,7.712522983551025,1042800.0,3.907723903656006,VLO
1998-05-13,7.726805210113525,7.683958053588867,7.726805210113525,7.712522983551025,261200.0,3.907723903656006,VLO
1998-05-14,7.712522983551025,7.583981037139893,7.712522983551025,7.641110420227051,266900.0,3.8715403079986572,VLO
1998-05-15,7.626828193664551,7.426873683929443,7.626828193664551,7.441156387329102,1535500.0,3.7702291011810303,VLO
1998-05-18,7.455438613891602,7.341179370880127,7.426873683929443,7.355461597442627,828800.0,3.7268080711364746,VLO
1998-05-19,7.369743824005127,7.341179370880127,7.355461597442627,7.341179370880127,571900.0,3.719573497772217,VLO
1998-05-20,7.355461597442627,7.312614440917969,7.341179370880127,7.312614440917969,818300.0,3.7051002979278564,VLO
1998-05-21,7.741087913513184,7.326896667480469,7.341179370880127,7.741087913513184,4642400.0,3.922196865081787,VLO
1998-05-22,7.841064929962158,7.712522983551025,7.741087913513184,7.769652843475342,2317900.0,3.936668872833252,VLO
1998-05-26,7.741087913513184,7.555416107177734,7.741087913513184,7.626828193664551,708000.0,3.864304304122925,VLO
1998-05-27,7.598263263702393,7.312614440917969,7.598263263702393,7.355461597442627,2813300.0,3.7268080711364746,VLO
1998-05-28,7.526851177215576,7.398308753967285,7.498286247253418,7.48400354385376,1094800.0,3.7919366359710693,VLO
1998-05-29,7.526851177215576,7.441156387329102,7.48400354385376,7.455438613891602,1168800.0,3.7774658203125,VLO
1998-06-01,7.48400354385376,7.369743824005127,7.398308753967285,7.369743824005127,1325000.0,3.734048366546631,VLO
1998-06-02,7.512568473815918,7.412591457366943,7.426873683929443,7.412591457366943,256400.0,3.7557570934295654,VLO
1998-06-03,7.541133403778076,7.426873683929443,7.426873683929443,7.526851177215576,662000.0,3.8136496543884277,VLO
1998-06-04,7.8125,7.46972131729126,7.46972131729126,7.8125,909300.0,3.9583795070648193,VLO
1998-06-05,8.069583892822266,7.769652843475342,7.783935070037842,7.998171806335449,1787500.0,4.052454471588135,VLO
1998-06-08,7.969606876373291,7.855347156524658,7.969606876373291,7.926759719848633,831400.0,4.016271591186523,VLO
1998-06-09,7.883912086486816,7.412591457366943,7.883912086486816,7.541133403778076,3593100.0,3.820884943008423,VLO
1998-06-10,7.569698333740234,7.426873683929443,7.48400354385376,7.441156387329102,1374500.0,3.7702291011810303,VLO
1998-06-11,7.441156387329102,7.212636947631836,7.426873683929443,7.212636947631836,1516700.0,3.654445171356201,VLO
1998-06-12,7.326896667480469,7.212636947631836,7.212636947631836,7.269766807556152,2122300.0,3.6833910942077637,VLO
1998-06-15,7.269766807556152,7.1555070877075195,7.269766807556152,7.169789791107178,781900.0,3.632734537124634,VLO
1998-06-16,7.384026527404785,7.169789791107178,7.169789791107178,7.355461597442627,1257200.0,3.7268080711364746,VLO
1998-06-17,7.412591457366943,7.312614440917969,7.384026527404785,7.312614440917969,641900.0,3.7051002979278564,VLO
1998-06-18,7.326896667480469,7.226919651031494,7.326896667480469,7.269766807556152,884800.0,3.6833910942077637,VLO
1998-06-19,7.2840495109558105,7.226919651031494,7.255484580993652,7.255484580993652,799900.0,3.676154851913452,VLO
1998-06-22,7.326896667480469,7.241201877593994,7.2840495109558105,7.255484580993652,825700.0,3.676154851913452,VLO
1998-06-23,7.326896667480469,7.269766807556152,7.2840495109558105,7.269766807556152,1105300.0,3.6833910942077637,VLO
1998-06-24,7.398308753967285,7.255484580993652,7.312614440917969,7.326896667480469,537300.0,3.7123358249664307,VLO
1998-06-25,7.355461597442627,7.255484580993652,7.341179370880127,7.2840495109558105,501400.0,3.6906275749206543,VLO
1998-06-26,7.412591457366943,7.2840495109558105,7.326896667480469,7.398308753967285,1091800.0,3.7485191822052,VLO
1998-06-29,7.541133403778076,7.398308753967285,7.398308753967285,7.512568473815918,1140800.0,3.806411027908325,VLO
1998-06-30,7.641110420227051,7.48400354385376,7.498286247253418,7.598263263702393,1163100.0,3.8498291969299316,VLO
1998-07-01,7.726805210113525,7.626828193664551,7.655393123626709,7.626828193664551,618300.0,3.864304304122925,VLO
1998-07-02,7.626828193664551,7.512568473815918,7.626828193664551,7.512568473815918,1228700.0,3.806411027908325,VLO
1998-07-06,7.512568473815918,7.441156387329102,7.512568473815918,7.441156387329102,250300.0,3.7702291011810303,VLO
1998-07-07,7.455438613891602,7.2983317375183105,7.441156387329102,7.312614440917969,469100.0,3.7051002979278564,VLO
1998-07-08,7.341179370880127,7.169789791107178,7.341179370880127,7.198354721069336,686100.0,3.6472079753875732,VLO
1998-07-09,7.198354721069336,7.084095001220703,7.198354721069336,7.112659931182861,736000.0,3.6037895679473877,VLO
1998-07-10,7.112659931182861,6.926988124847412,7.112659931182861,6.926988124847412,979300.0,3.5097131729125977,VLO
1998-07-13,6.9841179847717285,6.912705898284912,6.926988124847412,6.912705898284912,407400.0,3.50247859954834,VLO
1998-07-14,6.869858264923096,6.655621528625488,6.869858264923096,6.784163475036621,1763500.0,3.437347412109375,VLO
1998-07-15,6.855576038360596,6.712751388549805,6.769881248474121,6.727033615112305,773600.0,3.408403158187866,VLO
1998-07-16,6.741316318511963,6.61277437210083,6.741316318511963,6.62705659866333,949100.0,3.35774827003479,VLO
1998-07-17,6.655621528625488,6.5413618087768555,6.62705659866333,6.555644512176514,848000.0,3.321565866470337,VLO
1998-07-20,6.555644512176514,6.184300899505615,6.555644512176514,6.184300899505615,890900.0,3.133416175842285,VLO
1998-07-21,6.341407775878906,5.998629093170166,6.341407775878906,6.055758476257324,1218700.0,3.0682873725891113,VLO
1998-07-22,6.155735969543457,5.94149923324585,6.055758476257324,6.141453266143799,917600.0,3.1117050647735596,VLO
1998-07-23,6.241430759429932,5.94149923324585,6.184300899505615,6.227148056030273,2207200.0,3.1551260948181152,VLO
1998-07-24,6.170018196105957,6.027193546295166,6.170018196105957,6.041476249694824,945200.0,3.061049461364746,VLO
1998-07-27,6.012911319732666,5.7701096534729,6.012911319732666,5.784392356872559,776700.0,2.930792808532715,VLO
1998-07-28,5.727262496948242,5.484460830688477,5.627285003662109,5.484460830688477,3355900.0,2.7788267135620117,VLO
1998-07-29,5.570155620574951,5.484460830688477,5.513025760650635,5.498743057250977,2004200.0,2.7860617637634277,VLO
1998-07-30,5.613002777099609,5.498743057250977,5.541590690612793,5.541590690612793,2878000.0,2.807771921157837,VLO
1998-07-31,5.570155620574951,5.455895900726318,5.570155620574951,5.470178127288818,1402500.0,2.7715883255004883,VLO
1998-08-03,5.541590690612793,5.44161319732666,5.455895900726318,5.484460830688477,1331100.0,2.7788267135620117,VLO
1998-08-04,5.513025760650635,5.284506320953369,5.513025760650635,5.284506320953369,1735500.0,2.67751407623291,VLO
1998-08-05,5.284506320953369,5.055987358093262,5.284506320953369,5.055987358093262,855500.0,2.5617294311523438,VLO
1998-08-06,5.170246601104736,4.941727638244629,4.941727638244629,5.141681671142578,1306600.0,2.6470327377319336,VLO
1998-08-07,5.213094234466553,5.0417046546936035,5.113117218017578,5.141681671142578,1494800.0,2.6470327377319336,VLO
1998-08-10,5.1845293045043945,5.0417046546936035,5.141681671142578,5.1845293045043945,909700.0,2.669090509414673,VLO
1998-08-11,5.170246601104736,5.0274224281311035,5.141681671142578,5.127399444580078,1348600.0,2.6396801471710205,VLO
1998-08-12,5.255941390991211,5.113117218017578,5.155964374542236,5.113117218017578,1818200.0,2.632326602935791,VLO
1998-08-13,5.141681671142578,4.613231182098389,5.141681671142578,4.798902988433838,2117500.0,2.4705629348754883,VLO
1998-08-14,5.0274224281311035,4.856032848358154,4.913162708282471,4.8845977783203125,1789300.0,2.514681577682495,VLO
1998-08-17,4.956009864807129,4.8845977783203125,4.8845977783203125,4.927444934844971,312400.0,2.5367398262023926,VLO
1998-08-18,5.0274224281311035,4.8703155517578125,4.913162708282471,4.898880481719971,598100.0,2.52203369140625,VLO
1998-08-19,5.170246601104736,4.941727638244629,4.941727638244629,5.170246601104736,896600.0,2.6617369651794434,VLO
1998-08-20,5.44161319732666,5.155964374542236,5.1988115310668945,5.44161319732666,1150000.0,2.801443099975586,VLO
1998-08-21,5.255941390991211,4.998857498168945,5.241659164428711,5.08455228805542,637100.0,2.6176211833953857,VLO
1998-08-24,5.08455228805542,4.841750621795654,5.08455228805542,4.8703155517578125,365300.0,2.5073301792144775,VLO
1998-08-25,4.984574794769287,4.8703155517578125,4.8845977783203125,4.956009864807129,688700.0,2.551445484161377,VLO
1998-08-26,5.070269584655762,4.827467918395996,5.070269584655762,4.8703155517578125,2547200.0,2.5073301792144775,VLO
1998-08-27,4.841750621795654,4.598948955535889,4.841750621795654,4.613231182098389,982800.0,2.37497615814209,VLO
1998-08-28,4.656078815460205,4.24188756942749,4.627513885498047,4.24188756942749,2107400.0,2.1838014125823975,VLO
1998-08-31,4.341864585876465,4.084780693054199,4.284734725952148,4.084780693054199,1117600.0,2.1029207706451416,VLO
1998-09-01,4.199040412902832,4.027650833129883,4.113345623016357,4.170475482940674,2131100.0,2.1470372676849365,VLO
1998-09-02,4.341864585876465,4.170475482940674,4.170475482940674,4.25616979598999,690500.0,2.191155195236206,VLO
1998-09-03,4.470406532287598,4.170475482940674,4.170475482940674,4.470406532287598,894400.0,2.301447868347168,VLO
1998-09-04,4.484689235687256,4.370429515838623,4.470406532287598,4.4132771492004395,528100.0,2.272036075592041,VLO
1998-09-08,4.627513885498047,4.541819095611572,4.627513885498047,4.5703840255737305,2276300.0,2.352916717529297,VLO
1998-09-09,4.556101322174072,4.441842079162598,4.513254165649414,4.441842079162598,1021700.0,2.2867417335510254,VLO
1998-09-10,4.441842079162598,4.341864585876465,4.441842079162598,4.341864585876465,1027000.0,2.235271453857422,VLO
1998-09-11,4.527536392211914,4.341864585876465,4.341864585876465,4.527536392211914,908800.0,2.3308587074279785,VLO
1998-09-14,4.684643745422363,4.5703840255737305,4.5703840255737305,4.670361042022705,762700.0,2.4043874740600586,VLO
1998-09-15,4.684643745422363,4.527536392211914,4.641796112060547,4.684643745422363,1036600.0,2.411740779876709,VLO
1998-09-16,4.827467918395996,4.713208198547363,4.713208198547363,4.75605583190918,648900.0,2.448504686355591,VLO
1998-09-17,4.713208198547363,4.598948955535889,4.698925971984863,4.698925971984863,925000.0,2.419093608856201,VLO
1998-09-18,4.77033805847168,4.684643745422363,4.698925971984863,4.7417731285095215,845400.0,2.4411513805389404,VLO
1998-09-21,4.641796112060547,4.598948955535889,4.598948955535889,4.598948955535889,696600.0,2.367624044418335,VLO
1998-09-22,4.613231182098389,4.541819095611572,4.613231182098389,4.556101322174072,429700.0,2.3455650806427,VLO
1998-09-23,4.998857498168945,4.541819095611572,4.556101322174072,4.998857498168945,1345100.0,2.573503255844116,VLO
1998-09-24,4.998857498168945,4.7274909019470215,4.998857498168945,4.75605583190918,693100.0,2.448504686355591,VLO
1998-09-25,4.913162708282471,4.698925971984863,4.713208198547363,4.75605583190918,189900.0,2.448504686355591,VLO
1998-09-28,5.0274224281311035,4.75605583190918,4.798902988433838,4.898880481719971,367100.0,2.52203369140625,VLO
1998-09-29,4.898880481719971,4.598948955535889,4.8845977783203125,4.598948955535889,1013000.0,2.367624044418335,VLO
1998-09-30,4.598948955535889,4.541819095611572,4.598948955535889,4.541819095611572,400800.0,2.338212013244629,VLO
1998-10-01,4.613231182098389,4.484689235687256,4.5703840255737305,4.513254165649414,209600.0,2.3235058784484863,VLO
1998-10-02,4.513254165649414,4.441842079162598,4.513254165649414,4.513254165649414,173700.0,2.3235058784484863,VLO
1998-10-05,4.513254165649414,4.327582359313965,4.513254165649414,4.341864585876465,408700.0,2.235271453857422,VLO
1998-10-06,4.456124305725098,4.341864585876465,4.356147289276123,4.441842079162598,1039300.0,2.2867417335510254,VLO
1998-10-07,4.441842079162598,4.356147289276123,4.4275593757629395,4.384712219238281,2791400.0,2.2573304176330566,VLO
1998-10-08,4.313299655914307,4.25616979598999,4.284734725952148,4.299017429351807,1162200.0,2.2132132053375244,VLO
1998-10-09,4.370429515838623,4.24188756942749,4.24188756942749,4.327582359313965,594200.0,2.227919340133667,VLO
1998-10-12,4.456124305725098,4.370429515838623,4.370429515838623,4.441842079162598,383300.0,2.2867417335510254,VLO
1998-10-13,4.498971462249756,4.127627849578857,4.441842079162598,4.127627849578857,1744700.0,2.124979019165039,VLO
1998-10-14,4.284734725952148,4.113345623016357,4.113345623016357,4.270452499389648,452400.0,2.19850754737854,VLO
1998-10-15,4.398994445800781,4.170475482940674,4.327582359313965,4.170475482940674,1733700.0,2.1470372676849365,VLO
1998-10-16,4.284734725952148,4.199040412902832,4.199040412902832,4.24188756942749,6752600.0,2.1838014125823975,VLO
1998-10-19,4.456124305725098,4.299017429351807,4.299017429351807,4.398994445800781,2263200.0,2.264683246612549,VLO
1998-10-20,4.498971462249756,4.356147289276123,4.456124305725098,4.4132771492004395,2191000.0,2.272036075592041,VLO
1998-10-21,4.798902988433838,4.470406532287598,4.470406532287598,4.75605583190918,3961500.0,2.448504686355591,VLO
1998-10-22,5.270224094390869,4.784620761871338,4.784620761871338,5.255941390991211,3044300.0,2.7058563232421875,VLO
1998-10-23,5.270224094390869,5.113117218017578,5.141681671142578,5.255941390991211,3189200.0,2.7058563232421875,VLO
1998-10-26,5.95578145980835,5.455895900726318,5.484460830688477,5.884369373321533,5537800.0,3.029381275177002,VLO
1998-10-27,5.7701096534729,5.455895900726318,5.7701096534729,5.455895900726318,2912200.0,2.808795213699341,VLO
1998-10-28,5.355918884277344,5.170246601104736,5.3416361808776855,5.241659164428711,1902600.0,2.698502540588379,VLO
1998-10-29,5.712979793548584,5.3416361808776855,5.355918884277344,5.655849933624268,3072800.0,2.9117343425750732,VLO
1998-10-30,5.812956809997559,5.598720073699951,5.598720073699951,5.712979793548584,1608600.0,2.9411470890045166,VLO
1998-11-02,5.7701096534729,5.698697566986084,5.727262496948242,5.727262496948242,2801000.0,2.9484994411468506,VLO
1998-11-03,5.7701096534729,5.712979793548584,5.741544723510742,5.7558274269104,1967400.0,2.9632060527801514,VLO
1998-11-04,5.784392356872559,5.541590690612793,5.7701096534729,5.555872917175293,1369200.0,2.8602654933929443,VLO
1998-11-05,5.584437847137451,5.484460830688477,5.527307987213135,5.584437847137451,1026100.0,2.9169728755950928,VLO
1998-11-06,5.7558274269104,5.584437847137451,5.584437847137451,5.712979793548584,837100.0,2.9841158390045166,VLO
1998-11-09,5.741544723510742,5.655849933624268,5.712979793548584,5.655849933624268,2021200.0,2.954272985458374,VLO
1998-11-10,5.698697566986084,5.455895900726318,5.641567707061768,5.455895900726318,1408600.0,2.849830389022827,VLO
1998-11-11,5.513025760650635,5.42733097076416,5.455895900726318,5.42733097076416,2081200.0,2.834908962249756,VLO
1998-11-12,5.513025760650635,5.370201110839844,5.42733097076416,5.370201110839844,981900.0,2.8050692081451416,VLO
1998-11-13,5.42733097076416,5.270224094390869,5.370201110839844,5.298789024353027,1090000.0,2.7677676677703857,VLO
1998-11-16,5.355918884277344,5.1988115310668945,5.355918884277344,5.1988115310668945,830100.0,2.715546131134033,VLO
1998-11-17,5.255941390991211,5.170246601104736,5.241659164428711,5.1988115310668945,765800.0,2.715546131134033,VLO
1998-11-18,5.227376461029053,5.013139724731445,5.1988115310668945,5.170246601104736,2238300.0,2.700623035430908,VLO
1998-11-19,5.141681671142578,4.856032848358154,5.113117218017578,4.913162708282471,2418100.0,2.5663394927978516,VLO
1998-11-20,4.970292568206787,4.784620761871338,4.970292568206787,4.813185691833496,2384000.0,2.514118194580078,VLO
1998-11-23,4.8845977783203125,4.798902988433838,4.8703155517578125,4.798902988433838,1732400.0,2.5066566467285156,VLO
1998-11-24,4.898880481719971,4.798902988433838,4.798902988433838,4.898880481719971,537300.0,2.5588793754577637,VLO
1998-11-25,4.956009864807129,4.75605583190918,4.927444934844971,4.77033805847168,1530200.0,2.491736650466919,VLO
1998-11-27,4.8845977783203125,4.827467918395996,4.827467918395996,4.856032848358154,1357800.0,2.536499261856079,VLO
1998-11-30,4.841750621795654,4.7417731285095215,4.798902988433838,4.798902988433838,1061600.0,2.5066566467285156,VLO
1998-12-01,4.798902988433838,4.684643745422363,4.77033805847168,4.713208198547363,723300.0,2.4618959426879883,VLO
1998-12-02,4.7417731285095215,4.613231182098389,4.713208198547363,4.627513885498047,582800.0,2.417133092880249,VLO
1998-12-03,4.670361042022705,4.527536392211914,4.656078815460205,4.527536392211914,788900.0,2.3649115562438965,VLO
1998-12-04,4.5703840255737305,4.484689235687256,4.5703840255737305,4.513254165649414,315900.0,2.3574514389038086,VLO
1998-12-07,4.527536392211914,4.4275593757629395,4.4275593757629395,4.513254165649414,1104000.0,2.3574514389038086,VLO
1998-12-08,4.527536392211914,4.484689235687256,4.513254165649414,4.527536392211914,395500.0,2.3649115562438965,VLO
1998-12-09,4.527536392211914,4.384712219238281,4.527536392211914,4.384712219238281,1126300.0,2.290309429168701,VLO
1998-12-10,4.341864585876465,4.170475482940674,4.170475482940674,4.25616979598999,1797200.0,2.2231667041778564,VLO
1998-12-11,4.22760534286499,4.113345623016357,4.22760534286499,4.127627849578857,1953800.0,2.1560230255126953,VLO
1998-12-14,4.156192779541016,4.084780693054199,4.156192779541016,4.113345623016357,1422600.0,2.1485636234283447,VLO
1998-12-15,4.156192779541016,4.113345623016357,4.113345623016357,4.141910552978516,967000.0,2.1634836196899414,VLO
1998-12-16,4.25616979598999,4.056215763092041,4.156192779541016,4.25616979598999,945200.0,2.2231667041778564,VLO
1998-12-17,4.5703840255737305,4.25616979598999,4.25616979598999,4.5703840255737305,2570000.0,2.3872926235198975,VLO
1998-12-18,4.513254165649414,4.441842079162598,4.513254165649414,4.456124305725098,858100.0,2.3276100158691406,VLO
1998-12-21,4.5703840255737305,4.327582359313965,4.398994445800781,4.513254165649414,1015600.0,2.3574514389038086,VLO
1998-12-22,4.484689235687256,4.341864585876465,4.484689235687256,4.370429515838623,1290000.0,2.2828493118286133,VLO
1998-12-23,4.513254165649414,4.4275593757629395,4.4275593757629395,4.470406532287598,699700.0,2.3350698947906494,VLO
1998-12-24,4.627513885498047,4.470406532287598,4.470406532287598,4.613231182098389,612600.0,2.4096732139587402,VLO
1998-12-28,4.627513885498047,4.484689235687256,4.613231182098389,4.5703840255737305,834000.0,2.3872926235198975,VLO
1998-12-29,4.670361042022705,4.5703840255737305,4.5703840255737305,4.670361042022705,375800.0,2.4395151138305664,VLO
1998-12-30,4.798902988433838,4.656078815460205,4.656078815460205,4.784620761871338,663800.0,2.4991979598999023,VLO
1998-12-31,4.913162708282471,4.784620761871338,4.798902988433838,4.856032848358154,722400.0,2.536499261856079,VLO
1999-01-04,5.370201110839844,4.913162708282471,4.913162708282471,5.298789024353027,1282600.0,2.7677676677703857,VLO
1999-01-05,5.3416361808776855,5.270224094390869,5.298789024353027,5.3416361808776855,633600.0,2.790148973464966,VLO
1999-01-06,5.470178127288818,5.270224094390869,5.3416361808776855,5.284506320953369,413500.0,2.7603070735931396,VLO
1999-01-07,5.1988115310668945,4.998857498168945,5.1988115310668945,5.070269584655762,487900.0,2.6484038829803467,VLO
1999-01-08,5.155964374542236,5.055987358093262,5.113117218017578,5.070269584655762,489200.0,2.6484038829803467,VLO
1999-01-11,5.113117218017578,4.941727638244629,5.113117218017578,4.970292568206787,431900.0,2.5961811542510986,VLO
1999-01-12,5.0417046546936035,4.856032848358154,4.998857498168945,4.856032848358154,552200.0,2.536499261856079,VLO
1999-01-13,4.798902988433838,4.7417731285095215,4.798902988433838,4.784620761871338,580600.0,2.4991979598999023,VLO
1999-01-14,4.798902988433838,4.441842079162598,4.7274909019470215,4.456124305725098,797700.0,2.3276100158691406,VLO
1999-01-15,4.556101322174072,4.4132771492004395,4.513254165649414,4.4275593757629395,1432200.0,2.3126895427703857,VLO
1999-01-19,4.484689235687256,4.4275593757629395,4.456124305725098,4.456124305725098,920700.0,2.3276100158691406,VLO
1999-01-20,4.456124305725098,4.398994445800781,4.456124305725098,4.456124305725098,352700.0,2.3276100158691406,VLO
1999-01-21,4.513254165649414,4.284734725952148,4.513254165649414,4.327582359313965,3679700.0,2.260467529296875,VLO
1999-01-22,4.313299655914307,4.22760534286499,4.284734725952148,4.25616979598999,1214300.0,2.2231667041778564,VLO
1999-01-25,4.284734725952148,4.113345623016357,4.284734725952148,4.141910552978516,443700.0,2.1634836196899414,VLO
1999-01-26,4.199040412902832,4.113345623016357,4.170475482940674,4.199040412902832,596400.0,2.1933250427246094,VLO
1999-01-27,4.22760534286499,3.91339111328125,4.213322639465332,3.9848034381866455,1388500.0,2.0814216136932373,VLO
1999-01-28,4.113345623016357,3.9990859031677246,4.013368606567383,4.113345623016357,4791200.0,2.1485636234283447,VLO
1999-01-29,4.313299655914307,4.113345623016357,4.156192779541016,4.299017429351807,1077300.0,2.2455477714538574,VLO
1999-02-01,4.356147289276123,4.22760534286499,4.299017429351807,4.22760534286499,900500.0,2.208245277404785,VLO
1999-02-02,4.327582359313965,4.170475482940674,4.22760534286499,4.22760534286499,2133300.0,2.208245277404785,VLO
1999-02-03,4.25616979598999,4.199040412902832,4.213322639465332,4.24188756942749,1153000.0,2.2157058715820312,VLO
1999-02-04,4.270452499389648,4.170475482940674,4.24188756942749,4.170475482940674,1005600.0,2.1784043312072754,VLO
1999-02-05,4.370429515838623,4.141910552978516,4.170475482940674,4.370429515838623,1649300.0,2.32749605178833,VLO
1999-02-08,4.398994445800781,4.341864585876465,4.370429515838623,4.356147289276123,1353900.0,2.319890260696411,VLO
1999-02-09,4.370429515838623,4.341864585876465,4.370429515838623,4.356147289276123,930700.0,2.319890260696411,VLO
1999-02-10,4.4275593757629395,4.327582359313965,4.341864585876465,4.398994445800781,1304400.0,2.342707633972168,VLO
1999-02-11,4.4132771492004395,4.341864585876465,4.4132771492004395,4.370429515838623,1327200.0,2.32749605178833,VLO
1999-02-12,4.384712219238281,4.341864585876465,4.370429515838623,4.356147289276123,717200.0,2.319890260696411,VLO
1999-02-16,4.384712219238281,4.327582359313965,4.356147289276123,4.327582359313965,1337300.0,2.3046762943267822,VLO
1999-02-17,4.327582359313965,4.299017429351807,4.313299655914307,4.299017429351807,672500.0,2.2894654273986816,VLO
1999-02-18,4.327582359313965,4.213322639465332,4.270452499389648,4.284734725952148,1297900.0,2.2818596363067627,VLO
1999-02-19,4.213322639465332,4.099062919616699,4.113345623016357,4.099062919616699,722400.0,2.182978391647339,VLO
1999-02-22,4.113345623016357,3.941956043243408,4.113345623016357,3.941956043243408,540800.0,2.0993101596832275,VLO
1999-02-23,4.113345623016357,3.941956043243408,3.9562385082244873,4.099062919616699,1271600.0,2.182978391647339,VLO
1999-02-24,4.113345623016357,3.9705209732055664,4.070497989654541,4.113345623016357,1224800.0,2.190584421157837,VLO
1999-02-25,4.113345623016357,4.027650833129883,4.099062919616699,4.027650833129883,458100.0,2.144946575164795,VLO
1999-02-26,4.027650833129883,3.9562385082244873,4.013368606567383,4.013368606567383,1238800.0,2.137341022491455,VLO
1999-03-01,4.027650833129883,3.9990859031677246,4.013368606567383,3.9990859031677246,592500.0,2.1297340393066406,VLO
1999-03-02,3.9990859031677246,3.8134140968322754,3.9990859031677246,3.8276965618133545,709700.0,2.0384604930877686,VLO
1999-03-03,4.056215763092041,3.8276965618133545,3.8276965618133545,3.9990859031677246,600800.0,2.1297340393066406,VLO
1999-03-04,4.056215763092041,3.9705209732055664,4.027650833129883,4.056215763092041,626600.0,2.1601595878601074,VLO
1999-03-05,4.099062919616699,3.91339111328125,4.099062919616699,3.927673578262329,1104900.0,2.0917043685913086,VLO
1999-03-08,4.070497989654541,3.91339111328125,3.941956043243408,4.070497989654541,928500.0,2.1677663326263428,VLO
1999-03-09,4.156192779541016,4.041933059692383,4.041933059692383,4.156192779541016,662900.0,2.21340274810791,VLO
1999-03-10,4.598948955535889,4.213322639465332,4.213322639465332,4.5846662521362305,2447400.0,2.441589117050171,VLO
1999-03-11,4.8703155517578125,4.684643745422363,4.856032848358154,4.698925971984863,2634300.0,2.5024373531341553,VLO
1999-03-12,4.8845977783203125,4.77033805847168,4.798902988433838,4.798902988433838,1433100.0,2.555680751800537,VLO
1999-03-15,4.8845977783203125,4.670361042022705,4.8845977783203125,4.684643745422363,560100.0,2.494832754135132,VLO
1999-03-16,4.656078815460205,4.4275593757629395,4.656078815460205,4.527536392211914,507100.0,2.411163330078125,VLO
1999-03-17,5.055987358093262,4.684643745422363,4.684643745422363,5.055987358093262,1058900.0,2.6925928592681885,VLO
1999-03-18,5.1845293045043945,5.055987358093262,5.055987358093262,5.155964374542236,2380900.0,2.7458369731903076,VLO
1999-03-19,5.09883451461792,4.913162708282471,5.09883451461792,4.913162708282471,376700.0,2.6165316104888916,VLO
1999-03-22,5.08455228805542,4.927444934844971,4.927444934844971,5.0274224281311035,695300.0,2.677381753921509,VLO
1999-03-23,4.984574794769287,4.798902988433838,4.984574794769287,4.941727638244629,553100.0,2.6317427158355713,VLO
1999-03-24,5.155964374542236,5.0274224281311035,5.0274224281311035,5.141681671142578,960900.0,2.738229513168335,VLO
1999-03-25,5.1845293045043945,5.0274224281311035,5.170246601104736,5.0274224281311035,851100.0,2.677381753921509,VLO
1999-03-26,5.484460830688477,5.170246601104736,5.170246601104736,5.484460830688477,2090400.0,2.9207777976989746,VLO
1999-03-29,5.712979793548584,5.513025760650635,5.698697566986084,5.555872917175293,1602900.0,2.9588091373443604,VLO
1999-03-30,5.513025760650635,5.155964374542236,5.513025760650635,5.3416361808776855,1081700.0,2.8447158336639404,VLO
1999-03-31,5.7701096534729,5.3416361808776855,5.3416361808776855,5.684414863586426,1615600.0,3.0272645950317383,VLO
1999-04-01,5.655849933624268,5.3416361808776855,5.655849933624268,5.3416361808776855,930700.0,2.8447158336639404,VLO
1999-04-05,5.3416361808776855,5.170246601104736,5.3416361808776855,5.298789024353027,946900.0,2.8218979835510254,VLO
1999-04-06,5.42733097076416,5.298789024353027,5.298789024353027,5.413048267364502,528100.0,2.8827478885650635,VLO
1999-04-07,5.413048267364502,4.913162708282471,5.413048267364502,5.055987358093262,1553400.0,2.6925928592681885,VLO
1999-04-08,5.255941390991211,4.984574794769287,5.141681671142578,5.213094234466553,774100.0,2.776261568069458,VLO
1999-04-09,5.241659164428711,5.013139724731445,5.227376461029053,5.09883451461792,1365300.0,2.7154109477996826,VLO
1999-04-12,5.227376461029053,5.08455228805542,5.09883451461792,5.155964374542236,802900.0,2.7458369731903076,VLO
1999-04-13,5.42733097076416,5.1988115310668945,5.1988115310668945,5.413048267364502,1308800.0,2.8827478885650635,VLO
1999-04-14,5.470178127288818,5.255941390991211,5.413048267364502,5.3273539543151855,636700.0,2.8371102809906006,VLO
1999-04-15,5.513025760650635,5.3273539543151855,5.3273539543151855,5.513025760650635,607800.0,2.935991048812866,VLO
1999-04-16,5.727262496948242,5.484460830688477,5.484460830688477,5.698697566986084,766200.0,3.0348727703094482,VLO
1999-04-19,5.784392356872559,5.570155620574951,5.698697566986084,5.712979793548584,898300.0,3.0424773693084717,VLO
1999-04-20,5.655849933624268,5.405907154083252,5.655849933624268,5.42733097076416,998600.0,2.8903534412384033,VLO
1999-04-21,5.484460830688477,5.170246601104736,5.42733097076416,5.170246601104736,930300.0,2.753441095352173,VLO
1999-04-22,5.298789024353027,5.213094234466553,5.255941390991211,5.227376461029053,1014700.0,2.7838680744171143,VLO
1999-04-23,5.255941390991211,5.141681671142578,5.255941390991211,5.170246601104736,843600.0,2.753441095352173,VLO
1999-04-26,5.313071250915527,4.970292568206787,5.170246601104736,5.0274224281311035,1232700.0,2.677381753921509,VLO
1999-04-27,5.08455228805542,4.956009864807129,5.08455228805542,4.984574794769287,2521000.0,2.6545631885528564,VLO
1999-04-28,5.113117218017578,5.013139724731445,5.013139724731445,5.08455228805542,1936300.0,2.7078051567077637,VLO
1999-04-29,5.255941390991211,5.070269584655762,5.08455228805542,5.1988115310668945,2314900.0,2.7686550617218018,VLO
1999-04-30,5.255941390991211,5.08455228805542,5.227376461029053,5.09883451461792,767500.0,2.7154109477996826,VLO
1999-05-03,5.298789024353027,5.09883451461792,5.09883451461792,5.170246601104736,1474200.0,2.753441095352173,VLO
1999-05-04,5.298789024353027,5.155964374542236,5.170246601104736,5.155964374542236,1465900.0,2.7458369731903076,VLO
1999-05-05,5.1988115310668945,5.127399444580078,5.141681671142578,5.170246601104736,1223500.0,2.753441095352173,VLO
1999-05-06,5.055987358093262,4.927444934844971,5.0274224281311035,4.970292568206787,1346900.0,2.6469566822052,VLO
1999-05-07,5.0274224281311035,4.8703155517578125,4.941727638244629,5.013139724731445,775800.0,2.713449001312256,VLO
1999-05-10,5.141681671142578,4.970292568206787,4.970292568206787,5.055987358093262,1399000.0,2.736642837524414,VLO
1999-05-11,5.08455228805542,4.8845977783203125,5.08455228805542,4.898880481719971,1648000.0,2.651604652404785,VLO
1999-05-12,4.913162708282471,4.827467918395996,4.8703155517578125,4.841750621795654,1293100.0,2.6206817626953125,VLO
1999-05-13,4.998857498168945,4.827467918395996,4.827467918395996,4.841750621795654,843600.0,2.6206817626953125,VLO
1999-05-14,4.856032848358154,4.813185691833496,4.841750621795654,4.813185691833496,1302700.0,2.6052210330963135,VLO
1999-05-17,4.813185691833496,4.541819095611572,4.813185691833496,4.5703840255737305,1630000.0,2.4738001823425293,VLO
1999-05-18,4.7417731285095215,4.613231182098389,4.613231182098389,4.670361042022705,1176200.0,2.527914524078369,VLO
1999-05-19,4.698925971984863,4.598948955535889,4.627513885498047,4.641796112060547,988500.0,2.5124526023864746,VLO
1999-05-20,4.698925971984863,4.541819095611572,4.641796112060547,4.656078815460205,694400.0,2.520183801651001,VLO
1999-05-21,4.913162708282471,4.713208198547363,4.713208198547363,4.913162708282471,1868100.0,2.659335136413574,VLO
1999-05-24,4.941727638244629,4.784620761871338,4.913162708282471,4.798902988433838,707100.0,2.597489833831787,VLO
1999-05-25,4.7417731285095215,4.541819095611572,4.698925971984863,4.541819095611572,1556500.0,2.458338737487793,VLO
1999-05-26,4.684643745422363,4.541819095611572,4.541819095611572,4.656078815460205,968800.0,2.520183801651001,VLO
1999-05-27,4.684643745422363,4.527536392211914,4.627513885498047,4.684643745422363,1011700.0,2.5356459617614746,VLO
1999-05-28,4.634654998779297,4.313299655914307,4.456124305725098,4.5846662521362305,1375800.0,2.4815306663513184,VLO
1999-06-01,4.5703840255737305,4.484689235687256,4.541819095611572,4.5703840255737305,674300.0,2.4738001823425293,VLO
1999-06-02,4.613231182098389,4.527536392211914,4.5703840255737305,4.5703840255737305,2773500.0,2.4738001823425293,VLO
1999-06-03,4.684643745422363,4.598948955535889,4.598948955535889,4.641796112060547,2047900.0,2.5124526023864746,VLO
1999-06-04,4.698925971984863,4.498971462249756,4.5846662521362305,4.698925971984863,599900.0,2.5433759689331055,VLO
1999-06-07,4.7417731285095215,4.598948955535889,4.670361042022705,4.698925971984863,803800.0,2.5433759689331055,VLO
1999-06-08,4.7274909019470215,4.598948955535889,4.684643745422363,4.684643745422363,1053700.0,2.5356459617614746,VLO
1999-06-09,4.598948955535889,4.484689235687256,4.513254165649414,4.513254165649414,1344300.0,2.4428775310516357,VLO
1999-06-10,4.470406532287598,4.370429515838623,4.456124305725098,4.398994445800781,1446700.0,2.381032705307007,VLO
1999-06-11,4.456124305725098,4.356147289276123,4.456124305725098,4.384712219238281,1468500.0,2.3733022212982178,VLO
1999-06-14,4.4132771492004395,4.313299655914307,4.313299655914307,4.398994445800781,1345100.0,2.381032705307007,VLO
1999-06-15,4.456124305725098,4.284734725952148,4.284734725952148,4.4275593757629395,812600.0,2.396493911743164,VLO
1999-06-16,4.5703840255737305,4.456124305725098,4.456124305725098,4.484689235687256,1206000.0,2.4274160861968994,VLO
1999-06-17,4.541819095611572,4.484689235687256,4.498971462249756,4.541819095611572,1563100.0,2.458338737487793,VLO
1999-06-18,4.5846662521362305,4.484689235687256,4.498971462249756,4.484689235687256,942500.0,2.4274160861968994,VLO
1999-06-21,4.498971462249756,4.341864585876465,4.484689235687256,4.4275593757629395,1637900.0,2.396493911743164,VLO
1999-06-22,4.370429515838623,4.327582359313965,4.341864585876465,4.341864585876465,2030000.0,2.350109815597534,VLO
1999-06-23,4.441842079162598,4.313299655914307,4.341864585876465,4.441842079162598,1255900.0,2.4042248725891113,VLO
1999-06-24,4.5846662521362305,4.4132771492004395,4.4132771492004395,4.5703840255737305,1981000.0,2.4738001823425293,VLO
1999-06-25,4.75605583190918,4.613231182098389,4.613231182098389,4.7274909019470215,1793700.0,2.558837413787842,VLO
1999-06-28,4.698925971984863,4.598948955535889,4.698925971984863,4.656078815460205,1018700.0,2.520183801651001,VLO
1999-06-29,4.670361042022705,4.5703840255737305,4.598948955535889,4.656078815460205,1202000.0,2.520183801651001,VLO
1999-06-30,4.898880481719971,4.698925971984863,4.698925971984863,4.898880481719971,3372500.0,2.651604652404785,VLO
1999-07-01,4.941727638244629,4.813185691833496,4.927444934844971,4.813185691833496,1067700.0,2.6052210330963135,VLO
1999-07-02,4.913162708282471,4.656078815460205,4.77033805847168,4.913162708282471,747800.0,2.659335136413574,VLO
1999-07-06,5.0274224281311035,4.970292568206787,4.970292568206787,4.984574794769287,1773500.0,2.6979873180389404,VLO
1999-07-07,4.984574794769287,4.956009864807129,4.984574794769287,4.970292568206787,645400.0,2.6902568340301514,VLO
1999-07-08,5.1988115310668945,5.09883451461792,5.1988115310668945,5.127399444580078,2781300.0,2.7752938270568848,VLO
1999-07-09,5.127399444580078,5.013139724731445,5.113117218017578,5.0417046546936035,1404600.0,2.7289111614227295,VLO
1999-07-12,5.055987358093262,4.970292568206787,5.0274224281311035,5.013139724731445,1060700.0,2.713449001312256,VLO
1999-07-13,4.970292568206787,4.898880481719971,4.970292568206787,4.970292568206787,1907400.0,2.6902568340301514,VLO
1999-07-14,5.113117218017578,5.013139724731445,5.070269584655762,5.0417046546936035,3049600.0,2.7289111614227295,VLO
1999-07-15,5.0417046546936035,4.941727638244629,5.0417046546936035,5.0274224281311035,2015500.0,2.721179962158203,VLO
1999-07-16,5.141681671142578,5.055987358093262,5.08455228805542,5.141681671142578,2781800.0,2.783024311065674,VLO
1999-07-19,5.141681671142578,4.913162708282471,5.141681671142578,4.913162708282471,861100.0,2.659335136413574,VLO
1999-07-20,5.013139724731445,4.898880481719971,4.941727638244629,4.913162708282471,1549100.0,2.659335136413574,VLO
1999-07-21,5.09883451461792,4.8845977783203125,4.913162708282471,5.055987358093262,894800.0,2.736642837524414,VLO
1999-07-22,5.08455228805542,4.798902988433838,5.08455228805542,4.984574794769287,1455000.0,2.6979873180389404,VLO
1999-07-23,4.998857498168945,4.913162708282471,4.984574794769287,4.970292568206787,1004200.0,2.6902568340301514,VLO
1999-07-26,4.956009864807129,4.7417731285095215,4.956009864807129,4.798902988433838,944300.0,2.597489833831787,VLO
1999-07-27,4.856032848358154,4.7417731285095215,4.856032848358154,4.7417731285095215,665500.0,2.5665674209594727,VLO
1999-07-28,4.898880481719971,4.713208198547363,4.827467918395996,4.7274909019470215,431900.0,2.558837413787842,VLO
1999-07-29,4.813185691833496,4.641796112060547,4.7274909019470215,4.813185691833496,1138100.0,2.6052210330963135,VLO
1999-07-30,4.913162708282471,4.827467918395996,4.827467918395996,4.8845977783203125,491800.0,2.6438727378845215,VLO
1999-08-02,4.913162708282471,4.8845977783203125,4.8845977783203125,4.913162708282471,1022600.0,2.659335136413574,VLO
1999-08-03,4.970292568206787,4.841750621795654,4.970292568206787,4.8845977783203125,1160500.0,2.6438727378845215,VLO
1999-08-04,4.998857498168945,4.8845977783203125,4.8845977783203125,4.941727638244629,1413800.0,2.6747958660125732,VLO
1999-08-05,4.970292568206787,4.784620761871338,4.970292568206787,4.856032848358154,896200.0,2.6284120082855225,VLO
1999-08-06,4.998857498168945,4.784620761871338,4.827467918395996,4.998857498168945,727700.0,2.7057197093963623,VLO
1999-08-09,5.44161319732666,4.970292568206787,4.970292568206787,5.44161319732666,1898300.0,2.9932708740234375,VLO
1999-08-10,5.527307987213135,5.398766040802002,5.527307987213135,5.44161319732666,2375700.0,2.9932708740234375,VLO
1999-08-11,5.498743057250977,5.370201110839844,5.498743057250977,5.413048267364502,1243600.0,2.9775588512420654,VLO
1999-08-12,5.455895900726318,5.313071250915527,5.313071250915527,5.44161319732666,541700.0,2.9932708740234375,VLO
1999-08-13,5.455895900726318,5.413048267364502,5.42733097076416,5.44161319732666,600800.0,2.9932708740234375,VLO
1999-08-16,5.42733097076416,5.270224094390869,5.42733097076416,5.3273539543151855,295800.0,2.930420160293579,VLO
1999-08-17,5.398766040802002,5.284506320953369,5.313071250915527,5.370201110839844,672500.0,2.9539897441864014,VLO
1999-08-18,5.370201110839844,5.255941390991211,5.370201110839844,5.3416361808776855,963100.0,2.938276767730713,VLO
1999-08-19,5.313071250915527,5.227376461029053,5.313071250915527,5.241659164428711,462900.0,2.8832826614379883,VLO
1999-08-20,5.284506320953369,5.1988115310668945,5.227376461029053,5.227376461029053,625700.0,2.875427007675171,VLO
1999-08-23,5.298789024353027,5.08455228805542,5.227376461029053,5.09883451461792,970100.0,2.8047187328338623,VLO
1999-08-24,5.155964374542236,5.09883451461792,5.113117218017578,5.141681671142578,494400.0,2.8282878398895264,VLO
1999-08-25,5.227376461029053,5.070269584655762,5.1988115310668945,5.113117218017578,2013800.0,2.812574863433838,VLO
1999-08-26,5.155964374542236,4.970292568206787,5.09883451461792,5.08455228805542,1727600.0,2.7968623638153076,VLO
1999-08-27,5.09883451461792,4.984574794769287,5.09883451461792,5.0274224281311035,672500.0,2.765437364578247,VLO
1999-08-30,5.08455228805542,4.856032848358154,5.055987358093262,4.8703155517578125,1000300.0,2.679018497467041,VLO
1999-08-31,4.898880481719971,4.798902988433838,4.898880481719971,4.856032848358154,1161800.0,2.671160936355591,VLO
1999-09-01,5.0274224281311035,4.913162708282471,4.941727638244629,4.970292568206787,340400.0,2.7340123653411865,VLO
1999-09-02,4.927444934844971,4.841750621795654,4.927444934844971,4.856032848358154,721100.0,2.671160936355591,VLO
1999-09-03,4.970292568206787,4.856032848358154,4.8845977783203125,4.8703155517578125,400800.0,2.679018497467041,VLO
1999-09-07,5.170246601104736,4.856032848358154,4.856032848358154,5.141681671142578,706200.0,2.8282878398895264,VLO
1999-09-08,5.227376461029053,5.0274224281311035,5.09883451461792,5.08455228805542,774900.0,2.7968623638153076,VLO
1999-09-09,5.313071250915527,5.141681671142578,5.141681671142578,5.1845293045043945,869500.0,2.8518574237823486,VLO
1999-09-10,5.3416361808776855,5.141681671142578,5.213094234466553,5.298789024353027,1081700.0,2.914707660675049,VLO
1999-09-13,5.313071250915527,5.155964374542236,5.313071250915527,5.155964374542236,785900.0,2.8361432552337646,VLO
1999-09-14,5.141681671142578,5.0417046546936035,5.113117218017578,5.070269584655762,1392800.0,2.789005994796753,VLO
1999-09-15,5.113117218017578,4.956009864807129,5.09883451461792,4.970292568206787,848500.0,2.7340123653411865,VLO
1999-09-16,4.998857498168945,4.841750621795654,4.998857498168945,4.898880481719971,220500.0,2.694730281829834,VLO
1999-09-17,4.970292568206787,4.8845977783203125,4.8845977783203125,4.970292568206787,2317000.0,2.7340123653411865,VLO
1999-09-20,4.984574794769287,4.813185691833496,4.970292568206787,4.813185691833496,299700.0,2.6475913524627686,VLO
1999-09-21,4.813185691833496,4.698925971984863,4.813185691833496,4.75605583190918,739500.0,2.616166353225708,VLO
1999-09-22,4.827467918395996,4.7274909019470215,4.784620761871338,4.75605583190918,2495600.0,2.616166353225708,VLO
1999-09-23,4.75605583190918,4.627513885498047,4.75605583190918,4.684643745422363,690900.0,2.576885461807251,VLO
1999-09-24,4.627513885498047,4.513254165649414,4.627513885498047,4.5703840255737305,944300.0,2.514033317565918,VLO
1999-09-27,4.656078815460205,4.456124305725098,4.627513885498047,4.498971462249756,2073700.0,2.4747514724731445,VLO
1999-09-28,4.484689235687256,4.398994445800781,4.484689235687256,4.4132771492004395,571900.0,2.4276139736175537,VLO
1999-09-29,4.513254165649414,4.398994445800781,4.398994445800781,4.398994445800781,1722300.0,2.4197568893432617,VLO
1999-09-30,4.441842079162598,4.313299655914307,4.398994445800781,4.398994445800781,1967400.0,2.4197568893432617,VLO
1999-10-01,4.498971462249756,4.356147289276123,4.356147289276123,4.384712219238281,3676200.0,2.4119014739990234,VLO
1999-10-04,4.513254165649414,4.313299655914307,4.4132771492004395,4.370429515838623,1129400.0,2.404045343399048,VLO
1999-10-05,4.356147289276123,4.24188756942749,4.341864585876465,4.299017429351807,1592400.0,2.364762783050537,VLO
1999-10-06,4.327582359313965,4.199040412902832,4.270452499389648,4.213322639465332,1970900.0,2.317624568939209,VLO
1999-10-07,4.24188756942749,4.084780693054199,4.24188756942749,4.127627849578857,1045400.0,2.27048659324646,VLO
1999-10-08,4.127627849578857,3.9990859031677246,4.113345623016357,4.070497989654541,953500.0,2.239060878753662,VLO
1999-10-11,4.341864585876465,4.013368606567383,4.041933059692383,4.284734725952148,1053700.0,2.356907606124878,VLO
1999-10-12,4.384712219238281,4.25616979598999,4.270452499389648,4.270452499389648,940400.0,2.349050760269165,VLO
1999-10-13,4.313299655914307,4.22760534286499,4.22760534286499,4.284734725952148,569300.0,2.356907606124878,VLO
1999-10-14,4.327582359313965,4.24188756942749,4.299017429351807,4.299017429351807,739500.0,2.364762783050537,VLO
1999-10-15,4.313299655914307,4.22760534286499,4.313299655914307,4.299017429351807,465100.0,2.364762783050537,VLO
1999-10-18,4.327582359313965,4.084780693054199,4.270452499389648,4.099062919616699,1490000.0,2.254774570465088,VLO
1999-10-19,4.156192779541016,3.9705209732055664,4.084780693054199,3.9705209732055664,1659800.0,2.1840667724609375,VLO
1999-10-20,4.099062919616699,3.941956043243408,3.941956043243408,4.056215763092041,2214600.0,2.2312052249908447,VLO
1999-10-21,4.056215763092041,3.941956043243408,3.9990859031677246,4.041933059692383,1026100.0,2.2233479022979736,VLO
1999-10-22,4.070497989654541,3.9990859031677246,3.9990859031677246,4.056215763092041,1749000.0,2.2312052249908447,VLO
1999-10-25,4.099062919616699,4.027650833129883,4.041933059692383,4.056215763092041,936900.0,2.2312052249908447,VLO
1999-10-26,4.070497989654541,4.013368606567383,4.056215763092041,4.056215763092041,815200.0,2.2312052249908447,VLO
1999-10-27,4.170475482940674,4.099062919616699,4.156192779541016,4.113345623016357,3569900.0,2.2626302242279053,VLO
1999-10-28,4.299017429351807,4.113345623016357,4.22760534286499,4.127627849578857,3196600.0,2.27048659324646,VLO
1999-10-29,4.213322639465332,4.141910552978516,4.156192779541016,4.199040412902832,1666300.0,2.309767961502075,VLO
1999-11-01,4.213322639465332,4.170475482940674,4.199040412902832,4.184757709503174,444100.0,2.3019113540649414,VLO
1999-11-02,4.284734725952148,4.084780693054199,4.184757709503174,4.084780693054199,2254500.0,2.246917724609375,VLO
1999-11-03,4.270452499389648,4.213322639465332,4.22760534286499,4.270452499389648,2446600.0,2.349050760269165,VLO
1999-11-04,4.327582359313965,4.270452499389648,4.284734725952148,4.284734725952148,2101300.0,2.356907606124878,VLO
1999-11-05,4.313299655914307,4.041933059692383,4.284734725952148,4.099062919616699,1669400.0,2.2976739406585693,VLO
1999-11-08,4.213322639465332,4.113345623016357,4.113345623016357,4.199040412902832,634000.0,2.3537139892578125,VLO
1999-11-09,4.270452499389648,4.184757709503174,4.22760534286499,4.22760534286499,929000.0,2.3697259426116943,VLO
1999-11-10,4.498971462249756,4.341864585876465,4.441842079162598,4.441842079162598,3694200.0,2.4898147583007812,VLO
1999-11-11,4.5703840255737305,4.441842079162598,4.470406532287598,4.5703840255737305,1586700.0,2.56186580657959,VLO
1999-11-12,4.5703840255737305,4.484689235687256,4.5703840255737305,4.513254165649414,284800.0,2.5298421382904053,VLO
1999-11-15,4.598948955535889,4.498971462249756,4.513254165649414,4.5846662521362305,970500.0,2.569871664047241,VLO
1999-11-16,4.698925971984863,4.613231182098389,4.613231182098389,4.613231182098389,948200.0,2.585883617401123,VLO
1999-11-17,5.013139724731445,4.798902988433838,4.798902988433838,4.970292568206787,3224200.0,2.7860300540924072,VLO
1999-11-18,5.255941390991211,4.941727638244629,4.970292568206787,5.227376461029053,4001400.0,2.9301350116729736,VLO
1999-11-19,5.3273539543151855,5.155964374542236,5.213094234466553,5.284506320953369,2299500.0,2.9621567726135254,VLO
1999-11-22,5.255941390991211,5.1988115310668945,5.255941390991211,5.1988115310668945,1098300.0,2.9141225814819336,VLO
1999-11-23,5.213094234466553,4.784620761871338,5.213094234466553,4.8845977783203125,2266300.0,2.7379939556121826,VLO
1999-11-24,4.927444934844971,4.713208198547363,4.927444934844971,4.77033805847168,1576600.0,2.673948049545288,VLO
1999-11-26,4.784620761871338,4.713208198547363,4.7274909019470215,4.75605583190918,353100.0,2.6659421920776367,VLO
1999-11-29,4.77033805847168,4.4275593757629395,4.77033805847168,4.670361042022705,1672900.0,2.6179068088531494,VLO
1999-11-30,4.7417731285095215,4.541819095611572,4.684643745422363,4.7417731285095215,533800.0,2.657935857772827,VLO
1999-12-01,4.77033805847168,4.5846662521362305,4.698925971984863,4.77033805847168,813000.0,2.673948049545288,VLO
1999-12-02,4.8845977783203125,4.77033805847168,4.77033805847168,4.813185691833496,386800.0,2.697964668273926,VLO
1999-12-03,4.848891735076904,4.713208198547363,4.841750621795654,4.7274909019470215,456800.0,2.649930477142334,VLO
1999-12-06,4.7274909019470215,4.556101322174072,4.7274909019470215,4.5846662521362305,724200.0,2.569871664047241,VLO
1999-12-07,4.5846662521362305,4.456124305725098,4.5846662521362305,4.541819095611572,1042800.0,2.545853853225708,VLO
1999-12-08,4.627513885498047,4.456124305725098,4.527536392211914,4.598948955535889,479600.0,2.577877998352051,VLO
1999-12-09,4.627513885498047,4.4275593757629395,4.598948955535889,4.470406532287598,521100.0,2.5058252811431885,VLO
1999-12-10,4.498971462249756,4.398994445800781,4.498971462249756,4.4132771492004395,1076000.0,2.473801851272583,VLO
1999-12-13,4.527536392211914,4.384712219238281,4.4132771492004395,4.441842079162598,772300.0,2.4898147583007812,VLO
1999-12-14,4.470406532287598,4.341864585876465,4.4275593757629395,4.356147289276123,775400.0,2.4417781829833984,VLO
1999-12-15,4.598948955535889,4.456124305725098,4.484689235687256,4.527536392211914,1062000.0,2.537848472595215,VLO
1999-12-16,4.513254165649414,4.4275593757629395,4.498971462249756,4.513254165649414,360500.0,2.5298421382904053,VLO
1999-12-17,4.5703840255737305,4.456124305725098,4.513254165649414,4.470406532287598,723700.0,2.5058252811431885,VLO
1999-12-20,4.513254165649414,4.356147289276123,4.513254165649414,4.384712219238281,794200.0,2.4577906131744385,VLO
1999-12-21,4.441842079162598,4.341864585876465,4.356147289276123,4.4132771492004395,858500.0,2.473801851272583,VLO
1999-12-22,4.484689235687256,4.398994445800781,4.398994445800781,4.470406532287598,490900.0,2.5058252811431885,VLO
1999-12-23,4.613231182098389,4.484689235687256,4.484689235687256,4.541819095611572,466400.0,2.545853853225708,VLO
1999-12-27,4.5703840255737305,4.370429515838623,4.5703840255737305,4.370429515838623,461200.0,2.449784755706787,VLO
1999-12-28,4.5703840255737305,4.4132771492004395,4.4132771492004395,4.484689235687256,397700.0,2.51383113861084,VLO
1999-12-29,4.613231182098389,4.498971462249756,4.513254165649414,4.598948955535889,868600.0,2.577877998352051,VLO
1999-12-30,4.598948955535889,4.441842079162598,4.598948955535889,4.470406532287598,440200.0,2.5058252811431885,VLO
1999-12-31,4.541819095611572,4.441842079162598,4.498971462249756,4.541819095611572,284000.0,2.545853853225708,VLO
2000-01-03,4.598948955535889,4.270452499389648,4.541819095611572,4.370429515838623,966600.0,2.449784755706787,VLO
2000-01-04,4.356147289276123,4.22760534286499,4.356147289276123,4.327582359313965,1176200.0,2.425767421722412,VLO
2000-01-05,4.527536392211914,4.341864585876465,4.370429515838623,4.484689235687256,866000.0,2.51383113861084,VLO
2000-01-06,4.684643745422363,4.398994445800781,4.484689235687256,4.627513885498047,1265100.0,2.593888521194458,VLO
2000-01-07,4.641796112060547,4.513254165649414,4.627513885498047,4.5703840255737305,564500.0,2.56186580657959,VLO
2000-01-10,4.598948955535889,4.398994445800781,4.598948955535889,4.556101322174072,1178000.0,2.553860902786255,VLO
2000-01-11,4.498971462249756,4.4132771492004395,4.484689235687256,4.484689235687256,913700.0,2.51383113861084,VLO
2000-01-12,4.598948955535889,4.456124305725098,4.484689235687256,4.513254165649414,1227900.0,2.5298421382904053,VLO
2000-01-13,4.670361042022705,4.513254165649414,4.541819095611572,4.556101322174072,665500.0,2.553860902786255,VLO
2000-01-14,4.656078815460205,4.598948955535889,4.598948955535889,4.598948955535889,844500.0,2.577877998352051,VLO
2000-01-18,4.8845977783203125,4.598948955535889,4.627513885498047,4.8845977783203125,936000.0,2.7379939556121826,VLO
2000-01-19,4.927444934844971,4.841750621795654,4.856032848358154,4.8845977783203125,599500.0,2.7379939556121826,VLO
2000-01-20,5.08455228805542,4.8845977783203125,4.913162708282471,5.070269584655762,762200.0,2.8420701026916504,VLO
2000-01-21,5.227376461029053,5.055987358093262,5.070269584655762,5.1988115310668945,3036900.0,2.9141225814819336,VLO
2000-01-24,5.1988115310668945,4.856032848358154,5.1988115310668945,4.8703155517578125,1287800.0,2.729990005493164,VLO
2000-01-25,4.956009864807129,4.813185691833496,4.913162708282471,4.813185691833496,1304000.0,2.697964668273926,VLO
2000-01-26,5.284506320953369,4.913162708282471,4.913162708282471,5.141681671142578,2006300.0,2.882099151611328,VLO
2000-01-27,5.127399444580078,4.970292568206787,5.113117218017578,5.055987358093262,1784900.0,2.8340659141540527,VLO
2000-01-28,5.113117218017578,4.998857498168945,5.0274224281311035,5.055987358093262,1664100.0,2.8340659141540527,VLO
2000-01-31,5.227376461029053,5.0274224281311035,5.08455228805542,5.1988115310668945,2541100.0,2.9141225814819336,VLO
2000-02-01,5.241659164428711,5.141681671142578,5.1845293045043945,5.213094234466553,1484300.0,2.9221279621124268,VLO
2000-02-02,5.370201110839844,5.213094234466553,5.213094234466553,5.3416361808776855,2695100.0,2.994180917739868,VLO
2000-02-03,5.398766040802002,5.255941390991211,5.3273539543151855,5.313071250915527,1912300.0,2.978170156478882,VLO
2000-02-04,5.413048267364502,5.227376461029053,5.355918884277344,5.255941390991211,1221700.0,2.9461452960968018,VLO
2000-02-07,5.455895900726318,5.255941390991211,5.255941390991211,5.313071250915527,1118900.0,2.978170156478882,VLO
2000-02-08,5.3273539543151855,5.1845293045043945,5.313071250915527,5.255941390991211,3096000.0,2.9461452960968018,VLO
2000-02-09,5.284506320953369,5.141681671142578,5.284506320953369,5.141681671142578,1497400.0,2.882099151611328,VLO
2000-02-10,5.355918884277344,5.113117218017578,5.141681671142578,5.284506320953369,2923600.0,2.9621567726135254,VLO
2000-02-11,5.313071250915527,5.227376461029053,5.270224094390869,5.313071250915527,1458000.0,2.978170156478882,VLO
2000-02-14,5.284506320953369,5.155964374542236,5.284506320953369,5.170246601104736,2506500.0,2.942415475845337,VLO
2000-02-15,5.370201110839844,5.113117218017578,5.170246601104736,5.370201110839844,2353400.0,3.056210994720459,VLO
2000-02-16,5.712979793548584,5.3273539543151855,5.355918884277344,5.555872917175293,6115000.0,3.1618776321411133,VLO
2000-02-17,5.613002777099609,5.455895900726318,5.598720073699951,5.498743057250977,2190600.0,3.1293652057647705,VLO
2000-02-18,5.598720073699951,5.42733097076416,5.555872917175293,5.455895900726318,778400.0,3.1049797534942627,VLO
2000-02-22,5.613002777099609,5.455895900726318,5.513025760650635,5.541590690612793,2392300.0,3.153749942779541,VLO
2000-02-23,5.541590690612793,5.413048267364502,5.541590690612793,5.484460830688477,1008200.0,3.121236562728882,VLO
2000-02-24,5.541590690612793,5.42733097076416,5.484460830688477,5.527307987213135,1937600.0,3.145620584487915,VLO
2000-02-25,5.641567707061768,5.470178127288818,5.598720073699951,5.484460830688477,595100.0,3.121236562728882,VLO
2000-02-28,5.627285003662109,5.455895900726318,5.484460830688477,5.627285003662109,1050200.0,3.202518939971924,VLO
2000-02-29,5.827239513397217,5.613002777099609,5.613002777099609,5.827239513397217,2338900.0,3.316314220428467,VLO
2000-03-01,6.155735969543457,5.94149923324585,5.94149923324585,6.027193546295166,5074800.0,3.4301085472106934,VLO
2000-03-02,6.269995212554932,5.998629093170166,6.027193546295166,6.170018196105957,2558200.0,3.5113918781280518,VLO
2000-03-03,6.312842845916748,5.998629093170166,6.28427791595459,6.041476249694824,4070900.0,3.4382376670837402,VLO
2000-03-06,6.198583126068115,5.998629093170166,6.055758476257324,6.170018196105957,2788300.0,3.5113918781280518,VLO
2000-03-07,6.62705659866333,6.269995212554932,6.28427791595459,6.61277437210083,3503800.0,3.7633650302886963,VLO
2000-03-08,6.584209442138672,6.327125072479248,6.584209442138672,6.512796878814697,3102500.0,3.706467390060425,VLO
2000-03-09,6.62705659866333,6.255712985992432,6.62705659866333,6.28427791595459,1654100.0,3.576416492462158,VLO
2000-03-10,6.769881248474121,6.3699727058410645,6.3699727058410645,6.569926738739014,2775600.0,3.7389798164367676,VLO
2000-03-13,6.798446178436279,6.569926738739014,6.584209442138672,6.655621528625488,1437900.0,3.7877516746520996,VLO
2000-03-14,6.712751388549805,6.412819862365723,6.6841864585876465,6.427102565765381,1052800.0,3.6576995849609375,VLO
2000-03-15,6.655621528625488,6.427102565765381,6.484231948852539,6.5413618087768555,1044500.0,3.7227261066436768,VLO
2000-03-16,6.898423194885254,6.569926738739014,6.569926738739014,6.855576038360596,3336700.0,3.901546001434326,VLO
2000-03-17,6.812728404998779,6.62705659866333,6.798446178436279,6.712751388549805,2766900.0,3.8202645778656006,VLO
2000-03-20,7.012682914733887,6.727033615112305,6.8270111083984375,6.926988124847412,2989600.0,3.9421873092651367,VLO
2000-03-21,7.084095001220703,6.855576038360596,7.026965141296387,6.884140968322754,1991000.0,3.91780161857605,VLO
2000-03-22,7.169789791107178,6.898423194885254,6.912705898284912,7.169789791107178,1501800.0,4.0803680419921875,VLO
2000-03-23,7.312614440917969,7.184072017669678,7.198354721069336,7.2983317375183105,1700900.0,4.153519153594971,VLO
2000-03-24,7.2983317375183105,7.069812774658203,7.2983317375183105,7.084095001220703,1884300.0,4.031595230102539,VLO
2000-03-27,7.1412248611450195,6.855576038360596,7.112659931182861,6.96983528137207,1811600.0,3.966569662094116,VLO
2000-03-28,6.96983528137207,6.855576038360596,6.96983528137207,6.912705898284912,1165300.0,3.9340579509735107,VLO
2000-03-29,6.95555305480957,6.769881248474121,6.926988124847412,6.784163475036621,2814200.0,3.860902786254883,VLO
2000-03-30,7.084095001220703,6.755598545074463,6.769881248474121,7.084095001220703,3450400.0,4.031595230102539,VLO
2000-03-31,7.084095001220703,6.912705898284912,7.055530071258545,7.012682914733887,3624200.0,3.9909565448760986,VLO
2000-04-03,7.341179370880127,6.96983528137207,7.069812774658203,7.2840495109558105,2862700.0,4.145391464233398,VLO
2000-04-04,7.241201877593994,6.898423194885254,7.226919651031494,6.898423194885254,1841400.0,3.925930976867676,VLO
2000-04-05,6.898423194885254,6.484231948852539,6.898423194885254,6.61277437210083,3191400.0,3.7633650302886963,VLO
2000-04-06,6.641339302062988,6.5413618087768555,6.62705659866333,6.569926738739014,2254000.0,3.7389798164367676,VLO
2000-04-07,6.855576038360596,6.512796878814697,6.569926738739014,6.769881248474121,3089000.0,3.8527772426605225,VLO
2000-04-10,6.712751388549805,6.598491668701172,6.655621528625488,6.641339302062988,1841400.0,3.7796225547790527,VLO
2000-04-11,6.769881248474121,6.62705659866333,6.6984686851501465,6.741316318511963,2091200.0,3.836519241333008,VLO
2000-04-12,7.169789791107178,6.855576038360596,6.884140968322754,7.1412248611450195,4523000.0,4.0641093254089355,VLO
2000-04-13,7.1412248611450195,6.96983528137207,7.084095001220703,7.041247844696045,1233100.0,4.0072126388549805,VLO
2000-04-14,7.012682914733887,6.512796878814697,7.012682914733887,6.61277437210083,1251500.0,3.7633650302886963,VLO
2000-04-17,6.6699042320251465,6.269995212554932,6.6699042320251465,6.484231948852539,2741100.0,3.6902120113372803,VLO
2000-04-18,6.8270111083984375,6.455667495727539,6.484231948852539,6.8270111083984375,2206800.0,3.8852899074554443,VLO
2000-04-19,7.184072017669678,6.798446178436279,6.855576038360596,7.1412248611450195,1756000.0,4.0641093254089355,VLO
2000-04-20,7.226919651031494,6.784163475036621,7.169789791107178,6.884140968322754,2884200.0,3.91780161857605,VLO
2000-04-24,7.041247844696045,6.898423194885254,6.96983528137207,6.898423194885254,875600.0,3.925930976867676,VLO
2000-04-25,7.026965141296387,6.8270111083984375,6.941270351409912,7.026965141296387,866000.0,3.9990851879119873,VLO
2000-04-26,7.026965141296387,6.512796878814697,7.026965141296387,6.512796878814697,2414200.0,3.706467390060425,VLO
2000-04-27,6.741316318511963,6.569926738739014,6.569926738739014,6.727033615112305,1139000.0,3.828390598297119,VLO
2000-04-28,6.769881248474121,6.569926738739014,6.741316318511963,6.62705659866333,968800.0,3.7714931964874268,VLO
2000-05-01,6.741316318511963,6.598491668701172,6.62705659866333,6.598491668701172,1630400.0,3.7552361488342285,VLO
2000-05-02,6.712751388549805,6.5270795822143555,6.569926738739014,6.5413618087768555,1671600.0,3.7227261066436768,VLO
2000-05-03,6.62705659866333,6.3699727058410645,6.598491668701172,6.3842549324035645,2886800.0,3.633314609527588,VLO
2000-05-04,6.455667495727539,6.341407775878906,6.3842549324035645,6.412819862365723,1568700.0,3.649570941925049,VLO
2000-05-05,6.555644512176514,6.398537635803223,6.412819862365723,6.555644512176514,2287700.0,3.730854034423828,VLO
2000-05-08,6.9984002113342285,6.5413618087768555,6.62705659866333,6.912705898284912,1893000.0,3.9340579509735107,VLO
2000-05-09,7.084095001220703,6.869858264923096,6.912705898284912,6.95555305480957,2056200.0,3.9584429264068604,VLO
2000-05-10,6.912705898284912,6.741316318511963,6.898423194885254,6.8270111083984375,1300900.0,3.8852899074554443,VLO
2000-05-11,7.341179370880127,6.8270111083984375,6.8270111083984375,7.341179370880127,2133700.0,4.177906036376953,VLO
2000-05-12,7.426873683929443,7.055530071258545,7.341179370880127,7.112659931182861,1398500.0,4.047853469848633,VLO
2000-05-15,7.455438613891602,7.055530071258545,7.1412248611450195,7.2840495109558105,2355600.0,4.145391464233398,VLO
2000-05-16,7.48400354385376,7.169789791107178,7.369743824005127,7.198354721069336,1143800.0,4.096621036529541,VLO
2000-05-17,7.226919651031494,6.941270351409912,7.198354721069336,6.941270351409912,1866800.0,3.950314521789551,VLO
2000-05-18,7.1555070877075195,6.941270351409912,6.9984002113342285,6.941270351409912,1856700.0,3.950314521789551,VLO
2000-05-19,6.912705898284912,6.741316318511963,6.884140968322754,6.755598545074463,2135400.0,3.8446474075317383,VLO
2000-05-22,6.8270111083984375,6.62705659866333,6.755598545074463,6.755598545074463,1335100.0,3.8446474075317383,VLO
2000-05-23,7.112659931182861,6.6841864585876465,6.741316318511963,6.96983528137207,3155900.0,3.966569662094116,VLO
2000-05-24,7.026965141296387,6.741316318511963,6.96983528137207,6.741316318511963,3670500.0,3.836519241333008,VLO
2000-05-25,6.769881248474121,6.498514652252197,6.769881248474121,6.569926738739014,3392200.0,3.7838845252990723,VLO
2000-05-26,6.712751388549805,6.598491668701172,6.6841864585876465,6.641339302062988,2198000.0,3.825012445449829,VLO
2000-05-30,6.712751388549805,6.569926738739014,6.641339302062988,6.6841864585876465,1437000.0,3.8496901988983154,VLO
2000-05-31,6.855576038360596,6.6841864585876465,6.6841864585876465,6.6841864585876465,2259300.0,3.8496901988983154,VLO
2000-06-01,6.798446178436279,6.655621528625488,6.798446178436279,6.798446178436279,2399300.0,3.9154984951019287,VLO
2000-06-02,6.8270111083984375,6.041476249694824,6.798446178436279,6.155735969543457,7130200.0,3.545335054397583,VLO
2000-06-05,6.62705659866333,6.198583126068115,6.227148056030273,6.5413618087768555,6122000.0,3.767432451248169,VLO
2000-06-06,6.784163475036621,6.569926738739014,6.569926738739014,6.598491668701172,2554200.0,3.8003368377685547,VLO
2000-06-07,6.62705659866333,6.427102565765381,6.62705659866333,6.512796878814697,1753000.0,3.750981092453003,VLO
2000-06-08,6.96983528137207,6.5413618087768555,6.5413618087768555,6.884140968322754,3429400.0,3.9648525714874268,VLO
2000-06-09,6.95555305480957,6.769881248474121,6.912705898284912,6.8270111083984375,1638800.0,3.9319491386413574,VLO
2000-06-12,7.041247844696045,6.8270111083984375,6.8270111083984375,7.026965141296387,1058100.0,4.047111511230469,VLO
2000-06-13,7.169789791107178,6.96983528137207,6.9984002113342285,7.1269426345825195,2114400.0,4.104693412780762,VLO
2000-06-14,7.355461597442627,7.169789791107178,7.169789791107178,7.198354721069336,1802000.0,4.145821571350098,VLO
2000-06-15,7.2840495109558105,6.9984002113342285,7.2840495109558105,7.198354721069336,1485600.0,4.145821571350098,VLO
2000-06-16,7.198354721069336,7.026965141296387,7.198354721069336,7.026965141296387,1862400.0,4.047111511230469,VLO
2000-06-19,7.026965141296387,6.855576038360596,7.026965141296387,6.941270351409912,1328500.0,3.997755289077759,VLO
2000-06-20,6.884140968322754,6.6841864585876465,6.884140968322754,6.855576038360596,3214100.0,3.9484012126922607,VLO
2000-06-21,6.855576038360596,6.62705659866333,6.855576038360596,6.855576038360596,3401900.0,3.9484012126922607,VLO
2000-06-22,6.798446178436279,6.62705659866333,6.769881248474121,6.655621528625488,6828700.0,3.833240032196045,VLO
2000-06-23,7.041247844696045,6.655621528625488,6.6841864585876465,6.941270351409912,24239100.0,3.997755289077759,VLO
2000-06-26,6.941270351409912,6.769881248474121,6.941270351409912,6.855576038360596,3110400.0,3.9484012126922607,VLO
2000-06-27,7.112659931182861,6.869858264923096,6.884140968322754,7.098377704620361,5971000.0,4.088239669799805,VLO
2000-06-28,7.026965141296387,6.912705898284912,7.026965141296387,7.012682914733887,3353700.0,4.038886070251465,VLO
2000-06-29,7.012682914733887,6.869858264923096,6.96983528137207,6.9984002113342285,3443000.0,4.030658721923828,VLO
2000-06-30,7.259055137634277,6.96983528137207,6.9984002113342285,7.259055137634277,6222600.0,4.180782318115234,VLO
2000-07-03,7.226919651031494,7.069812774658203,7.226919651031494,7.1269426345825195,1151300.0,4.104693412780762,VLO
2000-07-05,7.2840495109558105,6.798446178436279,7.2840495109558105,6.898423194885254,2173500.0,3.973078489303589,VLO
2000-07-06,7.055530071258545,6.926988124847412,7.055530071258545,6.941270351409912,3419800.0,3.997755289077759,VLO
2000-07-07,7.026965141296387,6.869858264923096,6.96983528137207,6.869858264923096,2335400.0,3.9566264152526855,VLO
2000-07-10,7.069812774658203,6.898423194885254,6.898423194885254,6.96983528137207,1617800.0,4.014206409454346,VLO
2000-07-11,7.226919651031494,7.026965141296387,7.026965141296387,7.169789791107178,3001400.0,4.129371643066406,VLO
2000-07-12,7.184072017669678,6.912705898284912,7.184072017669678,6.941270351409912,1836600.0,3.997755289077759,VLO
2000-07-13,6.941270351409912,6.741316318511963,6.941270351409912,6.855576038360596,2523200.0,3.9484012126922607,VLO
2000-07-14,6.941270351409912,6.855576038360596,6.884140968322754,6.912705898284912,798600.0,3.9813053607940674,VLO
2000-07-17,6.9984002113342285,6.855576038360596,6.96983528137207,6.926988124847412,1234400.0,3.9895310401916504,VLO
2000-07-18,7.005541801452637,6.898423194885254,6.926988124847412,6.95555305480957,1012100.0,4.0059814453125,VLO
2000-07-19,7.026965141296387,6.912705898284912,6.96983528137207,6.926988124847412,1844400.0,3.9895310401916504,VLO
2000-07-20,7.1412248611450195,6.8412933349609375,7.112659931182861,6.884140968322754,2755100.0,3.9648525714874268,VLO
2000-07-21,6.898423194885254,6.555644512176514,6.898423194885254,6.555644512176514,3480600.0,3.7756588459014893,VLO
2000-07-24,6.598491668701172,6.227148056030273,6.598491668701172,6.3699727058410645,4119500.0,3.6687235832214355,VLO
2000-07-25,6.469949722290039,6.084323406219482,6.455667495727539,6.170018196105957,3569500.0,3.5535614490509033,VLO
2000-07-26,6.227148056030273,5.698697566986084,6.198583126068115,5.870086669921875,6586700.0,3.380817413330078,VLO
2000-07-27,6.098606109619141,5.870086669921875,5.870086669921875,6.055758476257324,3398800.0,3.4877545833587646,VLO
2000-07-28,6.084323406219482,5.884369373321533,6.084323406219482,5.927216529846191,3169000.0,3.413722515106201,VLO
2000-07-31,5.984346389770508,5.870086669921875,5.94149923324585,5.927216529846191,2551600.0,3.413722515106201,VLO
2000-08-01,6.027193546295166,5.927216529846191,5.94149923324585,5.984346389770508,3503800.0,3.4466257095336914,VLO
2000-08-02,6.198583126068115,5.970064163208008,5.998629093170166,6.112888336181641,4549700.0,3.5206568241119385,VLO
2000-08-03,6.241430759429932,6.098606109619141,6.170018196105957,6.227148056030273,2374400.0,3.5864670276641846,VLO
2000-08-04,6.227148056030273,6.012911319732666,6.198583126068115,6.098606109619141,3012000.0,3.5124340057373047,VLO
2000-08-07,6.112888336181641,6.012911319732666,6.098606109619141,6.030764579772949,1449300.0,3.4733598232269287,VLO
2000-08-08,6.055758476257324,5.927216529846191,6.055758476257324,5.970064163208008,867300.0,3.438398838043213,VLO
2000-08-09,6.141453266143799,6.027193546295166,6.027193546295166,6.098606109619141,754800.0,3.5124340057373047,VLO
2000-08-10,6.455667495727539,6.070041179656982,6.070041179656982,6.334266662597656,2289500.0,3.648158311843872,VLO
2000-08-11,6.655621528625488,6.355690002441406,6.355690002441406,6.61277437210083,2964300.0,3.808560848236084,VLO
2000-08-14,6.6841864585876465,6.5413618087768555,6.569926738739014,6.61277437210083,1402000.0,3.8552002906799316,VLO
2000-08-15,6.62705659866333,6.341407775878906,6.598491668701172,6.355690002441406,1899100.0,3.705322265625,VLO
2000-08-16,6.484231948852539,6.3699727058410645,6.398537635803223,6.441384792327881,2319200.0,3.7552831172943115,VLO
2000-08-17,6.727033615112305,6.498514652252197,6.498514652252197,6.712751388549805,1891700.0,3.913487434387207,VLO
2000-08-18,6.741316318511963,6.62705659866333,6.6699042320251465,6.6699042320251465,1417800.0,3.8885080814361572,VLO
2000-08-21,6.741316318511963,6.598491668701172,6.6984686851501465,6.641339302062988,602100.0,3.8718535900115967,VLO
2000-08-22,6.727033615112305,6.598491668701172,6.6699042320251465,6.62705659866333,3149400.0,3.8635289669036865,VLO
2000-08-23,6.96983528137207,6.62705659866333,6.62705659866333,6.941270351409912,2393600.0,4.046712398529053,VLO
2000-08-24,6.941270351409912,6.641339302062988,6.941270351409912,6.6841864585876465,1364800.0,3.8968334197998047,VLO
2000-08-25,6.6841864585876465,6.598491668701172,6.62705659866333,6.61277437210083,740400.0,3.8552002906799316,VLO
2000-08-28,6.926988124847412,6.598491668701172,6.62705659866333,6.876999378204346,964900.0,4.009244441986084,VLO
2000-08-29,7.055530071258545,6.869858264923096,6.884140968322754,7.041247844696045,1744700.0,4.104998588562012,VLO
2000-08-30,7.1412248611450195,7.041247844696045,7.041247844696045,7.1269426345825195,1815600.0,4.154959201812744,VLO
2000-08-31,7.098377704620361,6.8270111083984375,7.084095001220703,6.884140968322754,2026000.0,4.013406276702881,VLO
2000-09-01,6.95555305480957,6.812728404998779,6.926988124847412,6.884140968322754,1395900.0,4.013406276702881,VLO
2000-09-05,6.926988124847412,6.755598545074463,6.884140968322754,6.852005481719971,1404600.0,3.99467134475708,VLO
2000-09-06,6.855576038360596,6.741316318511963,6.8412933349609375,6.812728404998779,3229400.0,3.971773624420166,VLO
2000-09-07,7.041247844696045,6.855576038360596,6.855576038360596,6.95555305480957,6104900.0,4.055038928985596,VLO
2000-09-08,6.96983528137207,6.727033615112305,6.96983528137207,6.855576038360596,3821500.0,3.9967525005340576,VLO
2000-09-11,7.1269426345825195,6.798446178436279,6.798446178436279,7.084095001220703,5154000.0,4.129977226257324,VLO
2000-09-12,7.198354721069336,7.012682914733887,7.198354721069336,7.026965141296387,2556800.0,4.096672058105469,VLO
2000-09-13,7.198354721069336,6.941270351409912,7.198354721069336,7.012682914733887,3941900.0,4.088346481323242,VLO
2000-09-14,7.112659931182861,6.926988124847412,7.012682914733887,7.084095001220703,4896700.0,4.129977226257324,VLO
2000-09-15,7.526851177215576,7.169789791107178,7.169789791107178,7.526851177215576,7872400.0,4.388101100921631,VLO
2000-09-18,7.655393123626709,7.48400354385376,7.655393123626709,7.555416107177734,8671400.0,4.40475606918335,VLO
2000-09-19,7.726805210113525,7.48400354385376,7.583981037139893,7.655393123626709,5496600.0,4.463042259216309,VLO
2000-09-20,7.769652843475342,7.655393123626709,7.683958053588867,7.726805210113525,4409200.0,4.504673004150391,VLO
2000-09-21,7.741087913513184,7.541133403778076,7.726805210113525,7.655393123626709,5589000.0,4.463042259216309,VLO
2000-09-22,7.755370140075684,7.555416107177734,7.655393123626709,7.612545490264893,2997900.0,4.4380621910095215,VLO
2000-09-25,7.626828193664551,7.255484580993652,7.612545490264893,7.369743824005127,5213100.0,4.296511173248291,VLO
2000-09-26,7.912477016448975,7.312614440917969,7.312614440917969,7.883912086486816,5921600.0,4.596264362335205,VLO
2000-09-27,7.983889579772949,7.841064929962158,7.912477016448975,7.926759719848633,2894200.0,4.621245861053467,VLO
2000-09-28,7.998171806335449,7.855347156524658,7.926759719848633,7.883912086486816,4213200.0,4.596264362335205,VLO
2000-09-29,8.112431526184082,7.912477016448975,7.912477016448975,8.041019439697266,3650800.0,4.687859058380127,VLO
2000-10-02,8.126713752746582,7.8267822265625,8.041019439697266,8.041019439697266,1475100.0,4.687859058380127,VLO
2000-10-03,8.112431526184082,7.926759719848633,8.041019439697266,7.926759719848633,3095500.0,4.621245861053467,VLO
2000-10-04,7.883912086486816,7.626828193664551,7.7982177734375,7.669675350189209,2595800.0,4.471367359161377,VLO
2000-10-05,7.769652843475342,7.426873683929443,7.669675350189209,7.46972131729126,4335300.0,4.354795932769775,VLO
2000-10-06,7.583981037139893,7.512568473815918,7.512568473815918,7.555416107177734,2772100.0,4.40475606918335,VLO
2000-10-09,7.683958053588867,7.498286247253418,7.569698333740234,7.569698333740234,1252800.0,4.413081645965576,VLO
2000-10-10,7.8125,7.541133403778076,7.541133403778076,7.555416107177734,1570900.0,4.40475606918335,VLO
2000-10-11,7.783935070037842,7.46972131729126,7.555416107177734,7.555416107177734,2073700.0,4.40475606918335,VLO
2000-10-12,7.741087913513184,7.498286247253418,7.512568473815918,7.712522983551025,1956900.0,4.496347904205322,VLO
2000-10-13,7.712522983551025,7.169789791107178,7.712522983551025,7.398308753967285,2506100.0,4.3131632804870605,VLO
2000-10-16,7.526851177215576,7.334037780761719,7.426873683929443,7.526851177215576,1484700.0,4.388101100921631,VLO
2000-10-17,7.7982177734375,7.541133403778076,7.541133403778076,7.655393123626709,3593100.0,4.463042259216309,VLO
2000-10-18,7.855347156524658,7.626828193664551,7.712522983551025,7.8267822265625,2866700.0,4.562958717346191,VLO
2000-10-19,7.983889579772949,7.8267822265625,7.855347156524658,7.869629859924316,2779600.0,4.587940692901611,VLO
2000-10-20,7.969606876373291,7.769652843475342,7.926759719848633,7.941041946411133,1700900.0,4.629572868347168,VLO
2000-10-23,7.926759719848633,7.683958053588867,7.912477016448975,7.741087913513184,1722300.0,4.51300048828125,VLO
2000-10-24,7.7982177734375,7.355461597442627,7.769652843475342,7.441156387329102,1718000.0,4.338141918182373,VLO
2000-10-25,7.541133403778076,7.1269426345825195,7.398308753967285,7.169789791107178,2241800.0,4.179938793182373,VLO
2000-10-26,7.384026527404785,7.112659931182861,7.169789791107178,7.384026527404785,2243500.0,4.304837226867676,VLO
2000-10-27,7.455438613891602,7.2840495109558105,7.441156387329102,7.355461597442627,2425600.0,4.288183689117432,VLO
2000-10-30,7.455438613891602,7.2983317375183105,7.2983317375183105,7.426873683929443,1004200.0,4.329815864562988,VLO
2000-10-31,7.698240280151367,7.48400354385376,7.541133403778076,7.555416107177734,1536800.0,4.40475606918335,VLO
2000-11-01,7.755370140075684,7.512568473815918,7.512568473815918,7.741087913513184,1753900.0,4.51300048828125,VLO
2000-11-02,7.755370140075684,7.526851177215576,7.755370140075684,7.712522983551025,1616900.0,4.496347904205322,VLO
2000-11-03,7.8267822265625,7.641110420227051,7.683958053588867,7.783935070037842,3248300.0,4.537981033325195,VLO
2000-11-06,7.926759719848633,7.8125,7.841064929962158,7.898194789886475,5841500.0,4.604592800140381,VLO
2000-11-07,8.026737213134766,7.883912086486816,7.941041946411133,7.955324649810791,1534200.0,4.6378984451293945,VLO
2000-11-08,7.969606876373291,7.683958053588867,7.912477016448975,7.769652843475342,1074300.0,4.529652118682861,VLO
2000-11-09,7.969606876373291,7.8125,7.8267822265625,7.955324649810791,1927600.0,4.6378984451293945,VLO
2000-11-10,8.169561386108398,7.983889579772949,8.026737213134766,8.055301666259766,3563800.0,4.696183204650879,VLO
2000-11-13,8.212409019470215,7.969606876373291,8.083866119384766,7.998171806335449,2914400.0,4.709652900695801,VLO
2000-11-14,8.155279159545898,7.998171806335449,8.01245403289795,8.126713752746582,1648800.0,4.785342693328857,VLO
2000-11-15,8.826554298400879,8.198125839233398,8.198125839233398,8.769424438476562,9038600.0,5.163796424865723,VLO
2000-11-16,8.66944694519043,8.169561386108398,8.65516471862793,8.440927505493164,10788100.0,4.970365047454834,VLO
2000-11-17,8.255255699157715,8.069583892822266,8.169561386108398,8.169561386108398,1430500.0,4.810573577880859,VLO
2000-11-20,8.226691246032715,7.969606876373291,8.212409019470215,8.112431526184082,1586300.0,4.776932716369629,VLO
2000-11-21,8.255255699157715,7.941041946411133,8.083866119384766,8.226691246032715,3234700.0,4.844213962554932,VLO
2000-11-22,8.326667785644531,8.041019439697266,8.169561386108398,8.298103332519531,1247500.0,4.886263370513916,VLO
2000-11-24,8.45521068572998,8.240973472595215,8.298103332519531,8.45521068572998,642800.0,4.9787750244140625,VLO
2000-11-27,8.45521068572998,8.298103332519531,8.426645278930664,8.312385559082031,3199700.0,4.894672870635986,VLO
2000-11-28,8.326667785644531,8.055301666259766,8.326667785644531,8.069583892822266,1381500.0,4.751701354980469,VLO
2000-11-29,8.069583892822266,7.341179370880127,8.069583892822266,7.455438613891602,5174100.0,4.390068531036377,VLO
2000-11-30,7.48400354385376,6.912705898284912,7.441156387329102,7.184072017669678,4047800.0,4.230278015136719,VLO
2000-12-01,7.326896667480469,7.112659931182861,7.184072017669678,7.269766807556152,3175600.0,4.28073787689209,VLO
2000-12-04,7.2983317375183105,7.026965141296387,7.269766807556152,7.055530071258545,2096100.0,4.154587268829346,VLO
2000-12-05,7.098377704620361,6.869858264923096,7.098377704620361,6.898423194885254,3014100.0,4.062074661254883,VLO
2000-12-06,7.212636947631836,6.9841179847717285,7.026965141296387,7.1412248611450195,3560300.0,4.205045700073242,VLO
2000-12-07,7.512568473815918,7.255484580993652,7.269766807556152,7.355461597442627,2655700.0,4.331198215484619,VLO
2000-12-08,7.48400354385376,7.326896667480469,7.326896667480469,7.369743824005127,1655400.0,4.339609146118164,VLO
2000-12-11,7.683958053588867,7.48400354385376,7.48400354385376,7.569698333740234,3201900.0,4.457348823547363,VLO
2000-12-12,7.526851177215576,7.426873683929443,7.512568473815918,7.46972131729126,1833900.0,4.3984785079956055,VLO
2000-12-13,7.698240280151367,7.48400354385376,7.526851177215576,7.641110420227051,2221600.0,4.499399185180664,VLO
2000-12-14,7.655393123626709,7.48400354385376,7.598263263702393,7.48400354385376,933400.0,4.406887531280518,VLO
2000-12-15,7.498286247253418,7.312614440917969,7.412591457366943,7.48400354385376,1378000.0,4.406887531280518,VLO
2000-12-18,7.883912086486816,7.569698333740234,7.569698333740234,7.841064929962158,2279400.0,4.617140293121338,VLO
2000-12-19,8.055301666259766,7.8125,7.8267822265625,8.041019439697266,2614200.0,4.734882831573486,VLO
2000-12-20,8.198125839233398,7.912477016448975,7.998171806335449,7.998171806335449,3653900.0,4.709652900695801,VLO
2000-12-21,8.155279159545898,7.769652843475342,7.983889579772949,7.769652843475342,1805100.0,4.575088977813721,VLO
2000-12-22,8.098149299621582,7.769652843475342,7.769652843475342,8.026737213134766,1199000.0,4.726474761962891,VLO
2000-12-26,8.45521068572998,8.083866119384766,8.083866119384766,8.412363052368164,1063800.0,4.953544616699219,VLO
2000-12-27,8.540904998779297,8.355233192443848,8.45521068572998,8.355233192443848,1339400.0,4.919903755187988,VLO
2000-12-28,8.555187225341797,8.312385559082031,8.326667785644531,8.426645278930664,1920100.0,4.961954593658447,VLO
2000-12-29,8.65516471862793,8.398080825805664,8.45521068572998,8.49805736541748,1728900.0,5.004007339477539,VLO
2001-01-02,8.66944694519043,8.112431526184082,8.49805736541748,8.169561386108398,2967800.0,4.810573577880859,VLO
2001-01-03,8.269537925720215,7.898194789886475,8.155279159545898,8.255255699157715,2823300.0,4.861032485961914,VLO
2001-01-04,8.226691246032715,7.198354721069336,8.226691246032715,7.48400354385376,3989100.0,4.406887531280518,VLO
2001-01-05,7.655393123626709,7.48400354385376,7.48400354385376,7.555416107177734,1434800.0,4.448939800262451,VLO
2001-01-08,7.883912086486816,7.512568473815918,7.512568473815918,7.755370140075684,2226500.0,4.56667947769165,VLO
2001-01-09,7.941041946411133,7.683958053588867,7.841064929962158,7.698240280151367,963500.0,4.53303861618042,VLO
2001-01-10,7.926759719848633,7.755370140075684,7.769652843475342,7.898194789886475,1205500.0,4.650781154632568,VLO
2001-01-11,7.998171806335449,7.869629859924316,7.869629859924316,7.912477016448975,1396800.0,4.6591925621032715,VLO
2001-01-12,8.083866119384766,7.912477016448975,7.969606876373291,8.041019439697266,758300.0,4.734882831573486,VLO
2001-01-16,8.169561386108398,7.8267822265625,8.126713752746582,8.055301666259766,1298300.0,4.743290424346924,VLO
2001-01-17,8.412363052368164,7.898194789886475,8.283821105957031,7.912477016448975,2651800.0,4.6591925621032715,VLO
2001-01-18,7.955324649810791,7.641110420227051,7.926759719848633,7.669675350189209,3630700.0,4.516219615936279,VLO
2001-01-19,7.698240280151367,7.512568473815918,7.669675350189209,7.583981037139893,2138500.0,4.465760707855225,VLO
2001-01-22,7.883912086486816,7.669675350189209,7.669675350189209,7.741087913513184,1802000.0,4.558270454406738,VLO
2001-01-23,7.998171806335449,7.741087913513184,7.769652843475342,7.955324649810791,1254100.0,4.684421539306641,VLO
2001-01-24,7.998171806335449,7.698240280151367,7.912477016448975,7.698240280151367,2091700.0,4.53303861618042,VLO
2001-01-25,8.041019439697266,7.712522983551025,7.769652843475342,7.883912086486816,3160300.0,4.642369270324707,VLO
2001-01-26,8.055301666259766,7.7982177734375,7.941041946411133,7.869629859924316,1279500.0,4.633962154388428,VLO
2001-01-29,8.011882781982422,7.819926738739014,7.870201110839844,7.941041946411133,1883800.0,4.67601203918457,VLO
2001-01-30,7.986745834350586,7.781078815460205,7.952467918395996,7.888482570648193,1006000.0,4.6450629234313965,VLO
2001-01-31,8.080438613891602,7.8267822265625,7.998171806335449,7.89533805847168,1169200.0,4.649096488952637,VLO
2001-02-01,8.06215763092041,7.849634170532227,7.975319862365723,8.023308753967285,3387000.0,4.724453926086426,VLO
2001-02-02,8.180987358093262,8.078153610229492,8.146709442138672,8.142138481140137,2892000.0,4.794426441192627,VLO
2001-02-05,8.688300132751465,8.393509864807129,8.68372917175293,8.402650833129883,8129700.0,4.947824954986572,VLO
2001-02-06,8.523765563964844,8.436928749084473,8.45521068572998,8.489487648010254,5471300.0,4.998958110809326,VLO
2001-02-07,8.797988891601562,8.500913619995117,8.500913619995117,8.777421951293945,3652600.0,5.168506622314453,VLO
2001-02-08,8.626599311828613,8.409506797790527,8.489487648010254,8.432358741760254,5227100.0,4.965320587158203,VLO
2001-02-09,8.567184448242188,8.398080825805664,8.478062629699707,8.507769584655762,3906000.0,5.009721279144287,VLO
2001-02-12,8.797988891601562,8.51233959197998,8.54661750793457,8.793418884277344,5585500.0,5.227077484130859,VLO
2001-02-13,8.935100555419922,8.848262786865234,8.907678604125977,8.909963607788086,3610600.0,5.296355724334717,VLO
2001-02-14,8.951096534729004,8.729433059692383,8.909963607788086,8.800273895263672,3059600.0,5.231152534484863,VLO
2001-02-15,8.754570007324219,8.366087913513184,8.75228500366211,8.427787780761719,2868900.0,5.009736061096191,VLO
2001-02-16,8.537477493286133,8.308958053588867,8.482632637023926,8.448354721069336,1964300.0,5.0219597816467285,VLO
2001-02-20,8.448354721069336,8.334095001220703,8.448354721069336,8.398080825805664,1983600.0,4.992074489593506,VLO
2001-02-21,8.409506797790527,8.244972229003906,8.340950965881348,8.283821105957031,2046200.0,4.924155235290527,VLO
2001-02-22,8.363802909851074,8.217550277709961,8.260969161987305,8.25411319732666,2450500.0,4.906497478485107,VLO
2001-02-23,8.409506797790527,8.203839302062988,8.398080825805664,8.274680137634277,2961600.0,4.9187235832214355,VLO
2001-02-26,8.626599311828613,8.32038402557373,8.329524993896484,8.596892356872559,4826200.0,5.110254764556885,VLO
2001-02-27,8.64945125579834,8.54661750793457,8.54661750793457,8.571755409240723,2079900.0,5.09531307220459,VLO
2001-02-28,8.375228881835938,8.094149589538574,8.112431526184082,8.375228881835938,4485800.0,4.9784932136535645,VLO
2001-03-01,8.375228881835938,8.267824172973633,8.363802909851074,8.340950965881348,2135400.0,4.958117485046387,VLO
2001-03-02,8.427787780761719,8.340950965881348,8.340950965881348,8.352376937866211,2840400.0,4.964910507202148,VLO
2001-03-05,8.626599311828613,8.363802909851074,8.375228881835938,8.523765563964844,1160500.0,5.066788196563721,VLO
2001-03-06,8.42093276977539,8.329524993896484,8.340950965881348,8.366087913513184,2642200.0,4.973057746887207,VLO
2001-03-07,8.523765563964844,8.352376937866211,8.352376937866211,8.503199577331543,2847400.0,5.054560661315918,VLO
2001-03-08,8.866544723510742,8.482632637023926,8.507769584655762,8.855118751525879,2761200.0,5.263753414154053,VLO
2001-03-09,9.133912086486816,8.797988891601562,8.855118751525879,8.866544723510742,2420300.0,5.270545959472656,VLO
2001-03-12,8.797988891601562,8.68372917175293,8.775136947631836,8.738574028015137,5320300.0,5.194476127624512,VLO
2001-03-13,8.759140968322754,8.404935836791992,8.729433059692383,8.569469451904297,3753200.0,5.093956470489502,VLO
2001-03-14,8.54661750793457,8.295247077941895,8.54661750793457,8.343235969543457,2166900.0,4.959474563598633,VLO
2001-03-15,8.416361808776855,8.112431526184082,8.340950965881348,8.146709442138672,1962100.0,4.842651844024658,VLO
2001-03-16,8.135283470153809,7.696526527404785,7.963893890380859,7.815356254577637,3141500.0,4.645687103271484,VLO
2001-03-19,8.041590690612793,7.803930759429932,7.849634170532227,7.993601322174072,2942400.0,4.75164270401001,VLO
2001-03-20,8.272395133972168,7.998171806335449,8.009597778320312,8.123857498168945,3437700.0,4.829070568084717,VLO
2001-03-21,8.3866548538208,8.103290557861328,8.340950965881348,8.192413330078125,3033000.0,4.869821548461914,VLO
2001-03-22,8.158135414123535,7.609689235687256,8.158135414123535,7.7787933349609375,2120600.0,4.623952388763428,VLO
2001-03-23,7.954753398895264,7.792504787445068,7.835923194885254,7.810786247253418,1527200.0,4.642971038818359,VLO
2001-03-26,7.993601322174072,7.847349166870117,7.849634170532227,7.993601322174072,1869800.0,4.75164270401001,VLO
2001-03-27,7.998171806335449,7.8267822265625,7.91133451461792,7.87705659866333,3042100.0,4.682363510131836,VLO
2001-03-28,8.057586669921875,7.817641735076904,7.838208198547363,8.021023750305176,2981300.0,4.767942428588867,VLO
2001-03-29,8.114716529846191,8.018738746643066,8.043875694274902,8.078153610229492,1582700.0,4.801900386810303,VLO
2001-03-30,8.494058609008789,8.078153610229492,8.078153610229492,8.112431526184082,3785200.0,4.822277069091797,VLO
2001-04-02,8.295247077941895,8.066727638244629,8.169561386108398,8.094149589538574,3832900.0,4.811408996582031,VLO
2001-04-03,8.135283470153809,7.99588680267334,8.037019729614258,8.011882781982422,3983400.0,4.762509346008301,VLO
2001-04-04,8.318099021911621,8.135283470153809,8.135283470153809,8.276965141296387,4396500.0,4.920083045959473,VLO
2001-04-05,8.832266807556152,8.514625549316406,8.569469451904297,8.768281936645508,5534700.0,5.212136268615723,VLO
2001-04-06,8.711152076721191,8.542047500610352,8.711152076721191,8.601462364196777,4170300.0,5.112970352172852,VLO
2001-04-09,9.156764030456543,8.727148056030273,8.729433059692383,9.156764030456543,5669100.0,5.443063259124756,VLO
2001-04-10,9.398994445800781,9.200182914733887,9.392138481140137,9.28016471862793,3653000.0,5.516414642333984,VLO
2001-04-11,9.449268341064453,9.090493202209473,9.449268341064453,9.24360179901123,3017600.0,5.494678497314453,VLO
2001-04-12,9.414990425109863,9.229889869689941,9.229889869689941,9.27787971496582,2376100.0,5.515056133270264,VLO
2001-04-16,9.840036392211914,9.273308753967285,9.273308753967285,9.814899444580078,3779100.0,5.83427619934082,VLO
2001-04-17,10.10283374786377,9.773765563964844,9.803473472595215,9.910877227783203,6628700.0,5.891328811645508,VLO
2001-04-18,10.740402221679688,10.210237503051758,10.740402221679688,10.367916107177734,9145800.0,6.1630072593688965,VLO
2001-04-19,10.35877513885498,10.214808464050293,10.351919174194336,10.23766040802002,3664400.0,6.085578441619873,VLO
2001-04-20,10.397623062133789,10.23766040802002,10.23766040802002,10.281078338623047,4420600.0,6.111388206481934,VLO
2001-04-23,10.85466194152832,10.452467918395996,10.454752922058105,10.610146522521973,3465700.0,6.306998252868652,VLO
2001-04-24,11.021480560302734,10.626142501831055,10.626142501831055,10.658135414123535,4909800.0,6.33552360534668,VLO
2001-04-25,10.628427505493164,10.434186935424805,10.626142501831055,10.534734725952148,5899700.0,6.262166500091553,VLO
2001-04-26,10.866087913513184,10.580438613891602,10.580438613891602,10.852376937866211,5033200.0,6.45098352432251,VLO
2001-04-27,11.243144035339355,10.927787780761719,11.083181381225586,11.06032943725586,4395200.0,6.574596405029297,VLO
2001-04-30,11.174588203430176,10.950639724731445,11.06032943725586,11.005484580993652,4986000.0,6.541997909545898,VLO
2001-05-01,10.99177360534668,10.744972229003906,10.99177360534668,10.934643745422363,3484100.0,6.499886512756348,VLO
2001-05-02,10.105118751525879,9.746343612670898,9.826325416564941,9.920018196105957,12071600.0,5.896763801574707,VLO
2001-05-03,10.075411796569824,9.77605152130127,9.952011108398438,10.027421951293945,6966100.0,5.960604190826416,VLO
2001-05-04,10.420475006103516,9.940585136413574,9.974863052368164,10.390768051147461,3812300.0,6.17658805847168,VLO
2001-05-07,10.39305305480957,9.597805976867676,10.39305305480957,9.757769584655762,37402100.0,5.800317287445068,VLO
2001-05-08,10.450182914733887,9.634368896484375,9.792047500610352,10.260512351989746,22321900.0,6.099161624908447,VLO
2001-05-09,11.01233959197998,10.281078338623047,10.281078338623047,10.968921661376953,13025600.0,6.520261287689209,VLO
2001-05-10,11.380255699157715,11.035191535949707,11.06032943725586,11.21572208404541,13302600.0,6.666967391967773,VLO
2001-05-11,11.585923194885254,11.119744300842285,11.231718063354492,11.425959587097168,16553500.0,6.791937351226807,VLO
2001-05-14,11.398537635803223,11.062614440917969,11.334551811218262,11.220292091369629,13026900.0,6.669684886932373,VLO
2001-05-15,11.471663475036621,11.154022216796875,11.243144035339355,11.471663475036621,14044300.0,6.8191094398498535,VLO
2001-05-16,11.425959587097168,11.074040412902832,11.425959587097168,11.311699867248535,13265800.0,6.724019527435303,VLO
2001-05-17,11.700182914733887,11.083181381225586,11.311699867248535,11.595064163208008,10708500.0,6.892460346221924,VLO
2001-05-18,12.020110130310059,11.197440147399902,11.197440147399902,11.789305686950684,11432700.0,7.007925033569336,VLO
2001-05-21,12.020110130310059,11.74588680267334,11.997258186340332,11.84872055053711,3990900.0,7.043244361877441,VLO
2001-05-22,11.8829984664917,11.67733097076416,11.84872055053711,11.691041946411133,4178200.0,6.9495110511779785,VLO
2001-05-23,11.686471939086914,11.048903465270996,11.668190002441406,11.128885269165039,9410100.0,6.615348815917969,VLO
2001-05-24,11.106033325195312,10.703839302062988,11.106033325195312,10.952924728393555,7950300.0,6.557895660400391,VLO
2001-05-25,10.950639724731445,10.740402221679688,10.946069717407227,10.89122486114502,6270300.0,6.520958423614502,VLO
2001-05-29,10.72212028503418,10.596435546875,10.626142501831055,10.671846389770508,6197700.0,6.389604091644287,VLO
2001-05-30,10.655850410461426,10.25822639465332,10.580438613891602,10.317641258239746,5976700.0,6.177530288696289,VLO
2001-05-31,10.283363342285156,10.009140968322754,10.283363342285156,10.075411796569824,13559000.0,6.032497406005859,VLO
2001-06-01,10.585009574890137,9.894881248474121,10.191956520080566,10.221663475036621,11356500.0,6.120066165924072,VLO
2001-06-04,10.909506797790527,10.605575561523438,10.797532081604004,10.639853477478027,10487900.0,6.370447158813477,VLO
2001-06-05,10.834095001220703,10.612431526184082,10.763254165649414,10.614716529846191,5642800.0,6.355396270751953,VLO
2001-06-06,10.228519439697266,9.940585136413574,10.226234436035156,10.13482666015625,18262700.0,6.068072319030762,VLO
2001-06-07,10.251371383666992,9.974863052368164,10.173674583435059,10.0365629196167,8362900.0,6.009238243103027,VLO
2001-06-08,10.0365629196167,9.883455276489258,10.0365629196167,9.993144035339355,5167600.0,5.983240127563477,VLO
2001-06-11,10.20338249206543,9.821755409240723,10.111974716186523,9.926874160766602,6340800.0,5.943560600280762,VLO
2001-06-12,10.267367362976074,9.837751388549805,9.926874160766602,10.217093467712402,7423800.0,6.11732816696167,VLO
2001-06-13,10.191956520080566,9.657220840454102,10.16910457611084,9.666361808776855,10567100.0,5.7875847816467285,VLO
2001-06-14,9.668646812438965,9.31215763092041,9.668646812438965,9.339579582214355,8660900.0,5.591928482055664,VLO
2001-06-15,9.424131393432617,9.10877513885498,9.323583602905273,9.133912086486816,10051600.0,5.468788146972656,VLO
2001-06-18,9.232175827026367,8.797988891601562,9.232175827026367,8.951096534729004,7798900.0,5.359332084655762,VLO
2001-06-19,9.129342079162598,8.727148056030273,9.117916107177734,8.907678604125977,7596200.0,5.333332538604736,VLO
2001-06-20,9.003656387329102,8.663162231445312,8.75228500366211,8.68372917175293,11020500.0,5.199249744415283,VLO
2001-06-21,8.660877227783203,8.292962074279785,8.660877227783203,8.359231948852539,12319700.0,5.004961013793945,VLO
2001-06-22,8.912248611450195,8.318099021911621,8.363802909851074,8.848262786865234,9352800.0,5.297760963439941,VLO
2001-06-25,8.877970695495605,8.603747367858887,8.848262786865234,8.68372917175293,4965000.0,5.199249744415283,VLO
2001-06-26,8.71800708770752,8.569469451904297,8.68372917175293,8.569469451904297,5866400.0,5.130839824676514,VLO
2001-06-27,8.571755409240723,8.203839302062988,8.569469451904297,8.233546257019043,11728500.0,4.9297075271606445,VLO
2001-06-28,8.233546257019043,8.089579582214355,8.233546257019043,8.1170015335083,6029600.0,4.859930038452148,VLO
2001-06-29,8.500913619995117,8.119287490844727,8.119287490844727,8.404935836791992,5609100.0,5.032326698303223,VLO
2001-07-02,8.475776672363281,8.180987358093262,8.45521068572998,8.249543190002441,4047800.0,4.939286231994629,VLO
2001-07-03,8.535191535949707,8.329524993896484,8.375228881835938,8.434643745422363,3029000.0,5.050111293792725,VLO
2001-07-05,8.775136947631836,8.409506797790527,8.434643745422363,8.731718063354492,5406900.0,5.227982997894287,VLO
2001-07-06,8.75228500366211,8.583181381225586,8.731718063354492,8.603747367858887,4435500.0,5.15136194229126,VLO
2001-07-09,8.64945125579834,8.45521068572998,8.64945125579834,8.466636657714844,3429000.0,5.069269180297852,VLO
2001-07-10,8.523765563964844,8.208409309387207,8.523765563964844,8.272395133972168,5536000.0,4.952970504760742,VLO
2001-07-11,8.238117218017578,7.952467918395996,8.215265274047852,8.025593757629395,6047100.0,4.805201530456543,VLO
2001-07-12,8.336380004882812,8.057586669921875,8.180987358093262,8.059871673583984,6887800.0,4.825723171234131,VLO
2001-07-13,8.112431526184082,7.838208198547363,8.055301666259766,7.986745834350586,8805800.0,4.7819414138793945,VLO
2001-07-16,8.055301666259766,7.655393123626709,8.055301666259766,7.687385559082031,7692500.0,4.60270357131958,VLO
2001-07-17,7.769652843475342,7.495429515838623,7.689671039581299,7.621115207672119,6883800.0,4.563024997711182,VLO
2001-07-18,7.870201110839844,7.5525593757629395,7.666819095611572,7.845064163208008,6095300.0,4.697112083435059,VLO
2001-07-19,7.918190002441406,7.769652843475342,7.89533805847168,7.769652843475342,3123100.0,4.651957988739014,VLO
2001-07-20,8.007312774658203,7.771937847137451,7.771937847137451,7.991316318511963,5343500.0,4.784677028656006,VLO
2001-07-23,8.107861518859863,7.742230415344238,8.048445701599121,7.776508331298828,3856100.0,4.656064510345459,VLO
2001-07-24,7.776508331298828,7.404021739959717,7.7742228507995605,7.51828145980835,7276400.0,4.501454830169678,VLO
2001-07-25,7.6988115310668945,7.429159164428711,7.538848400115967,7.5525593757629395,6335100.0,4.521978855133057,VLO
2001-07-26,7.824497222900391,7.554844379425049,7.6782450675964355,7.797074794769287,4910700.0,4.668380260467529,VLO
2001-07-27,8.034734725952148,7.648537635803223,7.797074794769287,7.96160888671875,4053000.0,4.766891956329346,VLO
2001-07-30,7.952467918395996,7.769652843475342,7.952467918395996,7.787934303283691,2539800.0,4.662905216217041,VLO
2001-07-31,8.066727638244629,7.799360275268555,7.799360275268555,8.066727638244629,4072700.0,4.829831123352051,VLO
2001-08-01,8.42093276977539,8.073583602905273,8.42093276977539,8.180987358093262,7573100.0,4.898240566253662,VLO
2001-08-02,8.238117218017578,8.009597778320312,8.180987358093262,8.112431526184082,4490200.0,4.8571929931640625,VLO
2001-08-03,8.203839302062988,8.071297645568848,8.135283470153809,8.135283470153809,2816800.0,4.870875358581543,VLO
2001-08-06,8.283821105957031,8.112431526184082,8.135283470153809,8.130712509155273,2132400.0,4.868138790130615,VLO
2001-08-07,8.231261253356934,7.966179370880127,8.158135414123535,8.06444263458252,2209000.0,4.828461170196533,VLO
2001-08-08,8.215265274047852,7.963893890380859,8.135283470153809,8.066727638244629,2093000.0,4.829831123352051,VLO
2001-08-09,8.039305686950684,7.815356254577637,8.021023750305176,7.915904998779297,2683300.0,4.73952579498291,VLO
2001-08-10,8.032449722290039,7.838208198547363,7.838208198547363,7.925045490264893,1935000.0,4.74500036239624,VLO
2001-08-13,8.080438613891602,7.86106014251709,7.86106014251709,7.975319862365723,1671100.0,4.823793888092041,VLO
2001-08-14,8.06215763092041,7.879342079162598,7.89533805847168,8.000456809997559,3379100.0,4.838996887207031,VLO
2001-08-15,8.318099021911621,8.066727638244629,8.066727638244629,8.25639820098877,3653000.0,4.99380350112915,VLO
2001-08-16,8.238117218017578,8.06215763092041,8.226691246032715,8.171846389770508,1818200.0,4.942660808563232,VLO
2001-08-17,8.281536102294922,8.135283470153809,8.158135414123535,8.190128326416016,3333100.0,4.953718662261963,VLO
2001-08-20,8.281536102294922,8.201554298400879,8.281536102294922,8.201554298400879,3113500.0,4.960628032684326,VLO
2001-08-21,8.3866548538208,8.235832214355469,8.238117218017578,8.270110130310059,3295500.0,5.0020952224731445,VLO
2001-08-22,8.91910457611084,8.3866548538208,8.398080825805664,8.68372917175293,10923800.0,5.2522687911987305,VLO
2001-08-23,8.706581115722656,8.528336524963379,8.656307220458984,8.530621528625488,3932700.0,5.159664154052734,VLO
2001-08-24,8.711152076721191,8.514625549316406,8.516910552978516,8.686014175415039,3873600.0,5.253651142120361,VLO
2001-08-27,8.802559852600098,8.71572208404541,8.7865629196167,8.745429992675781,3492000.0,5.289587020874023,VLO
2001-08-28,8.873400688171387,8.68372917175293,8.866544723510742,8.823125839233398,5732500.0,5.336582183837891,VLO
2001-08-29,9.428702354431152,9.200182914733887,9.255027770996094,9.335009574890137,11966600.0,5.646190643310547,VLO
2001-08-30,9.378427505493164,9.250456809997559,9.335009574890137,9.300731658935547,6123300.0,5.625454425811768,VLO
2001-08-31,9.483546257019043,9.191041946411133,9.266453742980957,9.483546257019043,5174100.0,5.73602819442749,VLO
2001-09-04,9.757769584655762,9.47212028503418,9.54067611694336,9.483546257019043,6895700.0,5.73602819442749,VLO
2001-09-05,9.597805976867676,9.414990425109863,9.494972229003906,9.597805976867676,5461600.0,5.805139541625977,VLO
2001-09-06,9.995429992675781,9.643509864807129,9.654935836791992,9.961152076721191,8055700.0,6.024906158447266,VLO
2001-09-07,10.06855583190918,9.771480560302734,9.922303199768066,9.773765563964844,7662300.0,5.911563873291016,VLO
2001-09-10,9.938300132751465,9.659506797790527,9.757769584655762,9.794332504272461,4338800.0,5.924005031585693,VLO
2001-09-17,9.643509864807129,8.88711166381836,9.622942924499512,8.937385559082031,8609700.0,5.405691146850586,VLO
2001-09-18,8.923674583435059,8.54661750793457,8.914533615112305,8.555758476257324,4941300.0,5.174866676330566,VLO
2001-09-19,8.626599311828613,7.6782450675964355,8.626599311828613,7.89305305480957,9810500.0,4.774035453796387,VLO
2001-09-20,7.986745834350586,7.632541179656982,7.6782450675964355,7.712522983551025,5861200.0,4.664844989776611,VLO
2001-09-21,7.918190002441406,7.426873683929443,7.541133403778076,7.904479026794434,5617400.0,4.780948162078857,VLO
2001-09-24,8.087294578552246,7.6782450675964355,7.998171806335449,7.769652843475342,8012000.0,4.699397087097168,VLO
2001-09-25,7.849634170532227,7.662248611450195,7.666819095611572,7.810786247253418,4036400.0,4.724278450012207,VLO
2001-09-26,7.9296159744262695,7.48400354385376,7.925045490264893,7.634826183319092,6756100.0,4.617849826812744,VLO
2001-09-27,7.733089447021484,7.340036392211914,7.632541179656982,7.733089447021484,4891900.0,4.67728328704834,VLO
2001-09-28,8.1329984664917,7.744515419006348,7.744515419006348,8.021023750305176,3859100.0,4.851437568664551,VLO
2001-10-01,8.226691246032715,7.849634170532227,8.043875694274902,8.1329984664917,4720800.0,4.919165134429932,VLO
2001-10-02,8.562614440917969,8.208409309387207,8.217550277709961,8.473491668701172,4912000.0,5.125108242034912,VLO
2001-10-03,8.475776672363281,8.359231948852539,8.475776672363281,8.439213752746582,4534800.0,5.104374885559082,VLO
2001-10-04,8.603747367858887,8.42093276977539,8.603747367858887,8.432358741760254,5592000.0,5.100231170654297,VLO
2001-10-05,8.487202644348145,8.414076805114746,8.443784713745117,8.45749568939209,8718700.0,5.1154327392578125,VLO
2001-10-08,8.478062629699707,8.377513885498047,8.45749568939209,8.400365829467773,4785100.0,5.080878257751465,VLO
2001-10-09,8.558043479919434,8.443784713745117,8.443784713745117,8.498628616333008,5145700.0,5.140312671661377,VLO
2001-10-10,8.569469451904297,8.473491668701172,8.489487648010254,8.54661750793457,5904500.0,5.169337272644043,VLO
2001-10-11,8.663162231445312,8.535191535949707,8.603747367858887,8.571755409240723,5353500.0,5.18454122543335,VLO
2001-10-12,8.617459297180176,8.478062629699707,8.571755409240723,8.558043479919434,5347900.0,5.176248550415039,VLO
2001-10-15,8.695155143737793,8.498628616333008,8.558043479919434,8.510054588317871,4454700.0,5.147223949432373,VLO
2001-10-16,8.68372917175293,8.558043479919434,8.569469451904297,8.603747367858887,4578100.0,5.203893661499023,VLO
2001-10-17,8.738574028015137,8.45521068572998,8.638025283813477,8.532906532287598,4798200.0,5.161046504974365,VLO
2001-10-18,8.489487648010254,8.203839302062988,8.478062629699707,8.226691246032715,4629800.0,4.975833415985107,VLO
2001-10-19,8.61517333984375,8.183272361755371,8.226691246032715,8.382083892822266,5089700.0,5.069820880889893,VLO
2001-10-22,8.532906532287598,8.384368896484375,8.398080825805664,8.443784713745117,1999300.0,5.107139587402344,VLO
2001-10-23,8.900822639465332,8.505484580993652,8.51233959197998,8.848262786865234,7973000.0,5.351785659790039,VLO
2001-10-24,8.823125839233398,8.503199577331543,8.820840835571289,8.521480560302734,5599500.0,5.154133319854736,VLO
2001-10-25,8.855118751525879,8.489487648010254,8.521480560302734,8.841407775878906,3350200.0,5.347639560699463,VLO
2001-10-26,9.21389389038086,8.967093467712402,9.003656387329102,9.138483047485352,4696700.0,5.527320861816406,VLO
2001-10-29,9.220749855041504,9.003656387329102,9.186471939086914,9.026508331298828,3332300.0,5.459592819213867,VLO
2001-10-30,9.001371383666992,8.585466384887695,8.992230415344238,8.775136947631836,5171500.0,5.30755615234375,VLO
2001-10-31,8.923674583435059,8.569469451904297,8.832266807556152,8.592321395874023,5356200.0,5.196982383728027,VLO
2001-11-01,8.722578048706055,8.29067611694336,8.592321395874023,8.695155143737793,5026200.0,5.259181022644043,VLO
2001-11-02,8.711152076721191,8.363802909851074,8.592321395874023,8.68372917175293,3548000.0,5.2522687911987305,VLO
2001-11-05,8.71572208404541,8.569469451904297,8.695155143737793,8.596892356872559,3441700.0,5.1997456550598145,VLO
2001-11-06,8.690585136413574,8.45521068572998,8.592321395874023,8.690585136413574,5185100.0,5.2564167976379395,VLO
2001-11-07,8.893966674804688,8.535191535949707,8.638025283813477,8.866544723510742,4475300.0,5.362842082977295,VLO
2001-11-08,9.133912086486816,8.841407775878906,8.923674583435059,8.85283374786377,7179200.0,5.354551792144775,VLO
2001-11-09,9.04250431060791,8.932815551757812,8.932815551757812,9.021937370300293,9000100.0,5.519173622131348,VLO
2001-11-12,9.060786247253418,8.71800708770752,9.015082359313965,9.060786247253418,6185900.0,5.542941093444824,VLO
2001-11-13,9.241315841674805,8.999086380004883,9.197897911071777,9.117916107177734,5422700.0,5.577889442443848,VLO
2001-11-14,8.944241523742676,8.688300132751465,8.912248611450195,8.775136947631836,4278400.0,5.368193626403809,VLO
2001-11-15,8.68372917175293,8.192413330078125,8.626599311828613,8.299817085266113,7430000.0,5.077418804168701,VLO
2001-11-16,8.61517333984375,8.155850410461426,8.299817085266113,8.583181381225586,11942500.0,5.250765323638916,VLO
2001-11-19,8.42093276977539,8.055301666259766,8.42093276977539,8.192413330078125,8918200.0,5.011712074279785,VLO
2001-11-20,8.452924728393555,8.210694313049316,8.283821105957031,8.446069717407227,9199200.0,5.166885852813721,VLO
2001-11-21,8.462065696716309,7.936471462249756,8.446069717407227,8.059871673583984,10704100.0,4.930629730224609,VLO
2001-11-23,8.158135414123535,7.938756942749023,8.021023750305176,8.123857498168945,4848100.0,4.969773769378662,VLO
2001-11-26,8.233546257019043,7.89533805847168,8.126142501831055,8.160420417785645,6230100.0,4.9921393394470215,VLO
2001-11-27,8.418646812438965,8.066727638244629,8.183272361755371,8.25411319732666,4652500.0,5.0494561195373535,VLO
2001-11-28,8.215265274047852,7.973034858703613,8.192413330078125,7.99588680267334,5562700.0,4.891486167907715,VLO
2001-11-29,8.137568473815918,7.998171806335449,7.998171806335449,8.055301666259766,4468300.0,4.9278340339660645,VLO
2001-11-30,8.126142501831055,7.9890313148498535,8.06444263458252,7.998171806335449,5208700.0,4.892884254455566,VLO
2001-12-03,8.382083892822266,7.941041946411133,8.050731658935547,8.372942924499512,16966600.0,5.122150897979736,VLO
2001-12-04,8.7865629196167,8.45749568939209,8.462065696716309,8.75,7268000.0,5.352816104888916,VLO
2001-12-05,8.985374450683594,8.75228500366211,8.75228500366211,8.912248611450195,8231200.0,5.452073097229004,VLO
2001-12-06,8.935100555419922,8.704296112060547,8.912248611450195,8.704296112060547,5290100.0,5.324856758117676,VLO
2001-12-07,9.00822639465332,8.624314308166504,8.68372917175293,8.928244590759277,6581000.0,5.461857318878174,VLO
2001-12-10,8.873400688171387,8.775136947631836,8.871114730834961,8.825411796569824,7518800.0,5.398952007293701,VLO
2001-12-11,8.857403755187988,8.523765563964844,8.825411796569824,8.58089542388916,6599400.0,5.249366760253906,VLO
2001-12-12,8.523765563964844,8.1170015335083,8.500913619995117,8.212980270385742,11415200.0,5.024293899536133,VLO
2001-12-13,8.208409309387207,8.043875694274902,8.190128326416016,8.089579582214355,9225900.0,4.948803424835205,VLO
2001-12-14,8.089579582214355,7.792504787445068,8.089579582214355,7.9341864585876465,17498700.0,4.85374116897583,VLO
2001-12-17,8.164990425109863,7.838208198547363,7.9341864585876465,7.904479026794434,10952200.0,4.835568428039551,VLO
2001-12-18,8.075868606567383,7.952467918395996,8.018738746643066,8.005027770996094,7014700.0,4.8970794677734375,VLO
2001-12-19,8.295247077941895,8.06215763092041,8.06215763092041,8.231261253356934,10343900.0,5.035479545593262,VLO
2001-12-20,8.329524993896484,8.192413330078125,8.231261253356934,8.235832214355469,4645100.0,5.038275241851807,VLO
2001-12-21,8.430072784423828,8.25182819366455,8.258684158325195,8.402650833129883,6958700.0,5.140323638916016,VLO
2001-12-24,8.42550277709961,8.3866548538208,8.402650833129883,8.39122486114502,3333100.0,5.133334159851074,VLO
2001-12-26,8.51233959197998,8.318099021911621,8.39122486114502,8.35466194152832,9694500.0,5.110967636108398,VLO
2001-12-27,8.402650833129883,8.226691246032715,8.35694694519043,8.242687225341797,12382700.0,5.0424675941467285,VLO
2001-12-28,8.722578048706055,8.318099021911621,8.340950965881348,8.640311241149902,11378000.0,5.285712242126465,VLO
2001-12-31,8.900822639465332,8.68372917175293,8.731718063354492,8.711152076721191,8947100.0,5.329050064086914,VLO
2002-01-02,8.877970695495605,8.452924728393555,8.859688758850098,8.843692779541016,8759000.0,5.41013240814209,VLO
2002-01-03,8.971663475036621,8.763710975646973,8.866544723510742,8.912248611450195,9040800.0,5.452073097229004,VLO
2002-01-04,9.015082359313965,8.61517333984375,8.626599311828613,9.015082359313965,25647700.0,5.514981269836426,VLO
2002-01-07,9.547532081604004,9.015082359313965,9.015082359313965,9.46983528137207,23859200.0,5.793174743652344,VLO
2002-01-08,9.712065696716309,9.357861518859863,9.712065696716309,9.403564453125,17465000.0,5.752633571624756,VLO
2002-01-09,9.595520973205566,9.095064163208008,9.255027770996094,9.517824172973633,16731600.0,5.822534561157227,VLO
2002-01-10,9.542962074279785,9.371572494506836,9.426416397094727,9.488117218017578,12750300.0,5.8043599128723145,VLO
2002-01-11,9.593235969543457,9.394424438476562,9.485832214355469,9.43784236907959,9095500.0,5.773604869842529,VLO
2002-01-14,9.403564453125,9.140768051147461,9.392138481140137,9.140768051147461,9390000.0,5.591869354248047,VLO
2002-01-15,9.344149589538574,9.117916107177734,9.140768051147461,9.250456809997559,8988300.0,5.658970355987549,VLO
2002-01-16,9.241315841674805,9.049360275268555,9.140768051147461,9.195612907409668,7790100.0,5.625419616699219,VLO
2002-01-17,9.293875694274902,9.186471939086914,9.252741813659668,9.255027770996094,4988200.0,5.661766529083252,VLO
2002-01-18,9.27787971496582,9.163619995117188,9.20932388305664,9.202467918395996,4385600.0,5.629612445831299,VLO
2002-01-22,9.3670015335083,9.165904998779297,9.21389389038086,9.282449722290039,6415200.0,5.6785407066345215,VLO
2002-01-23,9.426416397094727,9.255027770996094,9.282449722290039,9.426416397094727,5629700.0,5.766613960266113,VLO
2002-01-24,9.938300132751465,9.577239036560059,9.597805976867676,9.894881248474121,10116400.0,6.053196907043457,VLO
2002-01-25,9.974863052368164,9.82861042022705,9.872029304504395,9.96800708770752,7839100.0,6.097931861877441,VLO
2002-01-28,10.283363342285156,9.936014175415039,10.283363342285156,10.054844856262207,13711700.0,6.15105676651001,VLO
2002-01-29,10.271937370300293,10.020566940307617,10.10054874420166,10.178244590759277,10424900.0,6.226545333862305,VLO
2002-01-30,10.17138957977295,9.716636657714844,10.16910457611084,10.118829727172852,10094500.0,6.190197944641113,VLO
2002-01-31,10.511882781982422,10.089122772216797,10.23766040802002,10.49817180633545,8706400.0,6.422260284423828,VLO
2002-02-01,10.660420417785645,10.397623062133789,10.500456809997559,10.516453742980957,7819400.0,6.433448791503906,VLO
2002-02-04,10.438756942749023,10.308501243591309,10.409049034118652,10.39533805847168,6595500.0,6.359353065490723,VLO
2002-02-05,10.397623062133789,10.283363342285156,10.349634170532227,10.370201110839844,9060900.0,6.343972206115723,VLO
2002-02-06,10.409049034118652,10.32906723022461,10.3633451461792,10.367916107177734,6784900.0,6.3425774574279785,VLO
2002-02-07,10.457037925720215,10.308501243591309,10.374771118164062,10.402194023132324,5050700.0,6.363545894622803,VLO
2002-02-08,10.434186935424805,10.365631103515625,10.39533805847168,10.431900978088379,4256500.0,6.381721019744873,VLO
2002-02-11,10.445612907409668,10.340493202209473,10.42961597442627,10.443326950073242,5334300.0,6.450544357299805,VLO
2002-02-12,10.443326950073242,10.283363342285156,10.443326950073242,10.3633451461792,6102300.0,6.4011406898498535,VLO
2002-02-13,10.342779159545898,10.146252632141113,10.340493202209473,10.214808464050293,8440400.0,6.309395790100098,VLO
2002-02-14,10.3633451461792,10.16910457611084,10.214808464050293,10.351919174194336,9681400.0,6.394084930419922,VLO
2002-02-15,10.351919174194336,10.246800422668457,10.351919174194336,10.283363342285156,4573300.0,6.351738929748535,VLO
2002-02-19,10.271937370300293,10.06627082824707,10.260512351989746,10.06855583190918,4458700.0,6.219058036804199,VLO
2002-02-20,10.070840835571289,9.924588203430176,10.054844856262207,10.03199291229248,8024200.0,6.196473598480225,VLO
2002-02-21,10.082266807556152,9.961152076721191,10.054844856262207,9.99771499633789,7118000.0,6.1753034591674805,VLO
2002-02-22,10.045703887939453,9.904022216796875,9.974863052368164,9.99771499633789,4606600.0,6.1753034591674805,VLO
2002-02-25,10.123400688171387,9.986289024353027,10.054844856262207,10.086837768554688,5766600.0,6.23035192489624,VLO
2002-02-26,10.123400688171387,10.054844856262207,10.095977783203125,10.116544723510742,2510900.0,6.248701572418213,VLO
2002-02-27,10.180530548095703,10.06855583190918,10.13482666015625,10.10054874420166,2602800.0,6.238820552825928,VLO
2002-02-28,10.070840835571289,9.597805976867676,10.054844856262207,9.787477493286133,10534700.0,6.045444965362549,VLO
2002-03-01,10.029707908630371,9.803473472595215,9.81032943725586,9.913162231445312,9507200.0,6.123076438903809,VLO
2002-03-04,10.107403755187988,9.712065696716309,10.043418884277344,9.746343612670898,7885900.0,6.02003812789917,VLO
2002-03-05,9.929159164428711,9.792047500610352,9.803473472595215,9.926874160766602,4718600.0,6.131545543670654,VLO
2002-03-06,10.351919174194336,9.926874160766602,9.949726104736328,10.32906723022461,5575400.0,6.379971504211426,VLO
2002-03-07,10.774680137634277,10.477604866027832,10.511882781982422,10.56215763092041,9086700.0,6.523942470550537,VLO
2002-03-08,10.717550277709961,10.418190002441406,10.676416397094727,10.431900978088379,6113700.0,6.44348669052124,VLO
2002-03-11,10.569012641906738,10.317641258239746,10.317641258239746,10.518738746643066,4575100.0,6.497125148773193,VLO
2002-03-12,10.939213752746582,10.409049034118652,10.521023750305176,10.88893985748291,8482400.0,6.725786209106445,VLO
2002-03-13,11.334551811218262,10.934643745422363,11.231718063354492,10.996343612670898,10998600.0,6.792126178741455,VLO
2002-03-14,11.085466384887695,10.82495403289795,11.02605152130127,10.877513885498047,8313500.0,6.7187299728393555,VLO
2002-03-15,10.877513885498047,10.696983337402344,10.831809997558594,10.861516952514648,5273000.0,6.7088470458984375,VLO
2002-03-18,10.968921661376953,10.763254165649414,10.875228881835938,10.968921661376953,3357700.0,6.775190830230713,VLO
2002-03-19,11.240859031677246,10.868372917175293,10.900365829467773,11.108318328857422,4867800.0,6.86129093170166,VLO
2002-03-20,11.128885269165039,10.877513885498047,11.110603332519531,10.877513885498047,5687400.0,6.7187299728393555,VLO
2002-03-21,11.144881248474121,10.85466194152832,10.879798889160156,11.117459297180176,5550000.0,6.866937637329102,VLO
2002-03-22,11.051188468933105,10.946069717407227,11.048903465270996,10.99177360534668,4156300.0,6.789305210113525,VLO
2002-03-25,10.989487648010254,10.78610610961914,10.962065696716309,10.898080825805664,8661400.0,6.7314324378967285,VLO
2002-03-26,11.14945125579834,10.898080825805664,10.898080825805664,11.083181381225586,6373200.0,6.845764636993408,VLO
2002-03-27,11.359688758850098,11.197440147399902,11.208866119384766,11.293418884277344,5044600.0,6.975619792938232,VLO
2002-03-28,11.41910457611084,11.190585136413574,11.300273895263672,11.31627082824707,3746700.0,6.989738941192627,VLO
2002-04-01,11.304844856262207,11.110603332519531,11.304844856262207,11.211152076721191,3301200.0,6.924807071685791,VLO
2002-04-02,11.199726104736328,11.106033325195312,11.186014175415039,11.142596244812012,4361900.0,6.882462501525879,VLO
2002-04-03,11.144881248474121,10.683272361755371,11.144881248474121,10.75639820098877,6031400.0,6.643921852111816,VLO
2002-04-04,10.772395133972168,10.626142501831055,10.740402221679688,10.664990425109863,4052100.0,6.587459087371826,VLO
2002-04-05,10.808958053588867,10.521023750305176,10.699268341064453,10.75182819366455,4826200.0,6.641097545623779,VLO
2002-04-08,11.02605152130127,10.763254165649414,10.877513885498047,10.82038402557373,3211900.0,6.683437347412109,VLO
2002-04-09,10.866087913513184,10.696983337402344,10.763254165649414,10.772395133972168,2838700.0,6.653800964355469,VLO
2002-04-10,11.071755409240723,10.728976249694824,10.740402221679688,10.95749568939209,5904900.0,6.768131256103516,VLO
2002-04-11,11.016910552978516,10.82038402557373,10.85466194152832,10.936928749084473,5113700.0,6.755425930023193,VLO
2002-04-12,10.939213752746582,10.511882781982422,10.936928749084473,10.594149589538574,8657400.0,6.543703079223633,VLO
2002-04-15,11.014625549316406,10.706124305725098,10.738117218017578,10.861516952514648,5751800.0,6.7088470458984375,VLO
2002-04-16,10.918646812438965,10.740402221679688,10.918646812438965,10.799817085266113,2966400.0,6.670740127563477,VLO
2002-04-17,11.06032943725586,10.82038402557373,10.9232177734375,10.866087913513184,4025900.0,6.711673736572266,VLO
2002-04-18,11.197440147399902,10.92093276977539,10.9232177734375,11.108318328857422,4927800.0,6.86129093170166,VLO
2002-04-19,11.064899444580078,10.836380004882812,11.062614440917969,10.900365829467773,5793300.0,6.732844352722168,VLO
2002-04-22,10.946069717407227,10.71983528137207,10.902650833129883,10.82038402557373,3794800.0,6.683437347412109,VLO
2002-04-23,10.75182819366455,10.511882781982422,10.648994445800781,10.648994445800781,8447400.0,6.577578067779541,VLO
2002-04-24,10.614716529846191,10.399909019470215,10.511882781982422,10.477604866027832,6343800.0,6.471715450286865,VLO
2002-04-25,10.637568473815918,10.397623062133789,10.431900978088379,10.546160697937012,3309100.0,6.514059543609619,VLO
2002-04-26,10.614716529846191,10.42733097076416,10.585009574890137,10.49817180633545,2432600.0,6.484419345855713,VLO
2002-04-29,10.500456809997559,10.283363342285156,10.49817180633545,10.351919174194336,4321700.0,6.394084930419922,VLO
2002-04-30,10.03199291229248,9.780621528625488,9.826325416564941,9.86288833618164,18901200.0,6.092023849487305,VLO
2002-05-01,10.077696800231934,9.785191535949707,9.840036392211914,9.961152076721191,8320000.0,6.152718544006348,VLO
2002-05-02,9.698354721069336,9.31215763092041,9.620657920837402,9.552102088928223,18214200.0,5.900058269500732,VLO
2002-05-03,9.940585136413574,9.552102088928223,9.563528060913086,9.824040412902832,12402000.0,6.068027973175049,VLO
2002-05-06,9.792047500610352,9.483546257019043,9.789762496948242,9.513254165649414,4042100.0,5.876065254211426,VLO
2002-05-07,9.467550277709961,9.163619995117188,9.467550277709961,9.20932388305664,8797900.0,5.6883368492126465,VLO
2002-05-08,9.346435546875,9.163619995117188,9.223034858703613,9.163619995117188,7230400.0,5.6601057052612305,VLO
2002-05-09,9.63893985748291,9.154479026794434,9.197897911071777,9.50639820098877,11255000.0,5.871830940246582,VLO
2002-05-10,9.689213752746582,9.542962074279785,9.57495403289795,9.668646812438965,5571900.0,5.972044944763184,VLO
2002-05-13,9.714350700378418,9.50639820098877,9.622942924499512,9.714350700378418,5313300.0,6.000276565551758,VLO
2002-05-14,9.814899444580078,9.629798889160156,9.805758476257324,9.728062629699707,4635400.0,6.0087456703186035,VLO
2002-05-15,9.691498756408691,9.462980270385742,9.689213752746582,9.552102088928223,7476300.0,5.900058269500732,VLO
2002-05-16,9.643509864807129,9.3670015335083,9.597805976867676,9.3670015335083,4410100.0,5.785727024078369,VLO
2002-05-17,9.419561386108398,9.186471939086914,9.392138481140137,9.252741813659668,7390600.0,5.715156078338623,VLO
2002-05-20,9.321297645568848,9.14305305480957,9.14305305480957,9.275593757629395,4141800.0,5.729269981384277,VLO
2002-05-21,9.590950965881348,9.241315841674805,9.241315841674805,9.426416397094727,5765300.0,5.822428226470947,VLO
2002-05-22,9.600090980529785,9.394424438476562,9.414990425109863,9.597805976867676,5566700.0,5.9282917976379395,VLO
2002-05-23,9.648080825805664,9.43784236907959,9.597805976867676,9.545247077941895,5085700.0,5.9579010009765625,VLO
2002-05-24,9.54067611694336,9.378427505493164,9.529250144958496,9.380712509155273,2363400.0,5.855205535888672,VLO
2002-05-28,9.346435546875,9.072212219238281,9.266453742980957,9.081353187561035,9045100.0,5.668350696563721,VLO
2002-05-29,9.095064163208008,8.697440147399902,8.92138957977295,8.779707908630371,13512600.0,5.480068683624268,VLO
2002-05-30,9.019652366638184,8.756855964660645,8.775136947631836,8.978519439697266,7966900.0,5.604165077209473,VLO
2002-05-31,9.124771118164062,8.969378471374512,8.980804443359375,9.026508331298828,5002600.0,5.634117126464844,VLO
2002-06-03,9.026508331298828,8.706581115722656,9.015082359313965,8.71572208404541,4945700.0,5.440133571624756,VLO
2002-06-04,8.820840835571289,8.672303199768066,8.686014175415039,8.809414863586426,3501200.0,5.498615264892578,VLO
2002-06-05,8.7865629196167,8.638025283813477,8.706581115722656,8.690585136413574,5536500.0,5.424443244934082,VLO
2002-06-06,8.7865629196167,8.359231948852539,8.695155143737793,8.372942924499512,8402300.0,5.2261786460876465,VLO
2002-06-07,8.500913619995117,8.272395133972168,8.281536102294922,8.45521068572998,6445800.0,5.277529239654541,VLO
2002-06-10,8.480347633361816,8.306673049926758,8.432358741760254,8.411791801452637,3983900.0,5.25042724609375,VLO
2002-06-11,8.478062629699707,8.203839302062988,8.411791801452637,8.267824172973633,8786100.0,5.160565376281738,VLO
2002-06-12,8.402650833129883,8.228976249694824,8.283821105957031,8.402650833129883,6712300.0,5.244722843170166,VLO
2002-06-13,8.608318328857422,8.409506797790527,8.443784713745117,8.542047500610352,9908500.0,5.331728935241699,VLO
2002-06-14,8.537477493286133,8.363802909851074,8.473491668701172,8.537477493286133,4291500.0,5.328876495361328,VLO
2002-06-17,8.932815551757812,8.569469451904297,8.569469451904297,8.859688758850098,5171100.0,5.529994964599609,VLO
2002-06-18,9.117916107177734,8.861974716186523,8.861974716186523,9.010512351989746,8431200.0,5.624133110046387,VLO
2002-06-19,9.138483047485352,8.923674583435059,9.012797355651855,8.928244590759277,2932700.0,5.572783470153809,VLO
2002-06-20,8.969378471374512,8.813985824584961,8.923674583435059,8.912248611450195,5448100.0,5.562801837921143,VLO
2002-06-21,8.900822639465332,8.708866119384766,8.797988891601562,8.78199291229248,6774000.0,5.481499671936035,VLO
2002-06-24,8.797988891601562,8.464350700378418,8.724863052368164,8.626599311828613,4368500.0,5.384503364562988,VLO
2002-06-25,8.900822639465332,8.61517333984375,8.651737213134766,8.711152076721191,5377200.0,5.437281131744385,VLO
2002-06-26,8.654022216796875,8.500913619995117,8.654022216796875,8.61288833618164,3922600.0,5.375947952270508,VLO
2002-06-27,8.640311241149902,8.352376937866211,8.626599311828613,8.398080825805664,5764500.0,5.241869926452637,VLO
2002-06-28,8.672303199768066,8.318099021911621,8.363802909851074,8.551188468933105,8674900.0,5.337437152862549,VLO
2002-07-01,8.724863052368164,8.569469451904297,8.660877227783203,8.68372917175293,4984200.0,5.420161724090576,VLO
2002-07-02,8.628885269165039,8.368372917175293,8.628885269165039,8.45749568939209,6624300.0,5.278956890106201,VLO
2002-07-03,8.475776672363281,8.112431526184082,8.45521068572998,8.244972229003906,6818600.0,5.146303176879883,VLO
2002-07-05,8.475776672363281,8.272395133972168,8.302102088928223,8.42093276977539,2759000.0,5.2561354637146,VLO
2002-07-08,8.409506797790527,8.203839302062988,8.409506797790527,8.226691246032715,3524800.0,5.134893417358398,VLO
2002-07-09,8.363802909851074,8.15127944946289,8.226691246032715,8.162705421447754,2459300.0,5.094954013824463,VLO
2002-07-10,8.267824172973633,7.966179370880127,8.242687225341797,8.037019729614258,3848600.0,5.016504287719727,VLO
2002-07-11,8.313528060913086,7.94561243057251,7.94561243057251,8.249543190002441,8499000.0,5.149155616760254,VLO
2002-07-12,8.249543190002441,8.021023750305176,8.249543190002441,8.203839302062988,10666500.0,5.120629787445068,VLO
2002-07-15,8.306673049926758,8.043875694274902,8.112431526184082,8.306673049926758,9919000.0,5.184814929962158,VLO
2002-07-16,8.368372917175293,8.137568473815918,8.272395133972168,8.297532081604004,4976800.0,5.1791090965271,VLO
2002-07-17,8.58089542388916,8.340950965881348,8.411791801452637,8.475776672363281,8051400.0,5.290365695953369,VLO
2002-07-18,8.592321395874023,8.146709442138672,8.523765563964844,8.164990425109863,4059100.0,5.096380710601807,VLO
2002-07-19,7.998171806335449,7.787934303283691,7.906764030456543,7.8587751388549805,6905700.0,4.905247688293457,VLO
2002-07-22,7.998171806335449,7.255484580993652,7.769652843475342,7.255484580993652,8105600.0,4.528690338134766,VLO
2002-07-23,7.401736736297607,6.851005554199219,7.312614440917969,7.0109686851501465,9658700.0,4.376070022583008,VLO
2002-07-24,7.310328960418701,6.707038402557373,6.873857498168945,7.260055065155029,9178200.0,4.5315423011779785,VLO
2002-07-25,7.404021739959717,6.9949727058410645,7.266910552978516,7.250914096832275,5618300.0,4.525836944580078,VLO
2002-07-26,7.595978260040283,7.10694694519043,7.253199100494385,7.541133403778076,5007000.0,4.706984519958496,VLO
2002-07-29,7.849634170532227,7.5525593757629395,7.598263263702393,7.751370906829834,3800100.0,4.83820915222168,VLO
2002-07-30,7.906764030456543,7.506855487823486,7.717093467712402,7.746800899505615,4986000.0,4.83535623550415,VLO
2002-07-31,7.906764030456543,7.61883020401001,7.701097011566162,7.7833638191223145,5308900.0,4.858180046081543,VLO
2002-08-01,7.781078815460205,7.4520111083984375,7.726233959197998,7.4520111083984375,3662200.0,4.651356220245361,VLO
2002-08-02,7.6028337478637695,7.232632637023926,7.474863052368164,7.337751388549805,4992100.0,4.580039978027344,VLO
2002-08-05,7.440585136413574,7.063528537750244,7.292047500610352,7.0658135414123535,3423700.0,4.410301685333252,VLO
2002-08-06,7.420018196105957,7.100091457366943,7.100091457366943,7.294332504272461,3714300.0,4.5529375076293945,VLO
2002-08-07,7.504570484161377,7.200639724731445,7.408592224121094,7.388025760650635,3742700.0,4.611417770385742,VLO
2002-08-08,7.541133403778076,7.324040412902832,7.424588680267334,7.541133403778076,4462600.0,4.706984519958496,VLO
2002-08-09,7.739944934844971,7.346892356872559,7.461151599884033,7.675959587097168,3239100.0,4.791141510009766,VLO
2002-08-12,7.735374927520752,7.4520111083984375,7.6074042320251465,7.673674583435059,2543700.0,4.852936267852783,VLO
2002-08-13,7.769652843475342,7.563985347747803,7.675959587097168,7.611974239349365,3221100.0,4.8139166831970215,VLO
2002-08-14,7.8542046546936035,7.728518962860107,7.769652843475342,7.835923194885254,4704600.0,4.955544948577881,VLO
2002-08-15,7.998171806335449,7.867916107177734,7.89305305480957,7.959323406219482,2424700.0,5.033585071563721,VLO
2002-08-16,8.011882781982422,7.879342079162598,7.959323406219482,7.9890313148498535,4272700.0,5.05237340927124,VLO
2002-08-19,8.087294578552246,7.726233959197998,8.080438613891602,7.950182914733887,4301100.0,5.027803897857666,VLO
2002-08-20,7.950182914733887,7.746800899505615,7.950182914733887,7.8542046546936035,3454800.0,4.96710729598999,VLO
2002-08-21,8.135283470153809,7.769652843475342,7.8542046546936035,8.032449722290039,3560700.0,5.079831600189209,VLO
2002-08-22,8.45521068572998,8.053016662597656,8.055301666259766,8.443784713745117,4915500.0,5.339964866638184,VLO
2002-08-23,8.443784713745117,8.114716529846191,8.443784713745117,8.121572494506836,2820300.0,5.136192798614502,VLO
2002-08-26,8.292962074279785,8.021023750305176,8.158135414123535,8.28839111328125,2093900.0,5.2416911125183105,VLO
2002-08-27,8.42550277709961,8.110146522521973,8.42550277709961,8.176416397094727,3878000.0,5.1708760261535645,VLO
2002-08-28,8.078153610229492,7.689671039581299,8.075868606567383,7.735374927520752,5722000.0,4.891955375671387,VLO
2002-08-29,7.655393123626709,7.278336524963379,7.655393123626709,7.426873683929443,11097500.0,4.6968536376953125,VLO
2002-08-30,7.470292568206787,7.340036392211914,7.436014652252197,7.420018196105957,6309700.0,4.692519664764404,VLO
2002-09-03,7.335466384887695,7.084095001220703,7.305758476257324,7.127513885498047,4577200.0,4.507537841796875,VLO
2002-09-04,7.164076805114746,6.832724094390869,7.10466194152832,7.120657920837402,7448800.0,4.503201484680176,VLO
2002-09-05,7.346892356872559,7.03839111328125,7.120657920837402,7.170932292938232,5491800.0,4.534995079040527,VLO
2002-09-06,7.344606876373291,7.186928749084473,7.273766040802002,7.310328960418701,2976500.0,4.623151779174805,VLO
2002-09-09,7.310328960418701,7.1457953453063965,7.276051044464111,7.150365829467773,2885900.0,4.521989345550537,VLO
2002-09-10,7.479433059692383,7.223491668701172,7.2417731285095215,7.458866596221924,4468700.0,4.717087745666504,VLO
2002-09-11,7.595978260040283,7.346892356872559,7.595978260040283,7.365173816680908,1567000.0,4.657835960388184,VLO
2002-09-12,7.365173816680908,7.047532081604004,7.365173816680908,7.10694694519043,4198300.0,4.4945292472839355,VLO
2002-09-13,7.125228404998779,7.015539169311523,7.084095001220703,7.047532081604004,2859700.0,4.456954002380371,VLO
2002-09-16,7.129798889160156,6.96983528137207,7.0703840255737305,7.129798889160156,3677100.0,4.508981227874756,VLO
2002-09-17,7.095520973205566,6.885283470153809,7.07266902923584,6.917275905609131,3189600.0,4.374580383300781,VLO
2002-09-18,7.015539169311523,6.723034858703613,6.871572017669678,6.960694789886475,4181700.0,4.402039527893066,VLO
2002-09-19,6.903564929962158,6.702467918395996,6.855576038360596,6.702467918395996,2701700.0,4.238732814788818,VLO
2002-09-20,6.793875694274902,6.540219306945801,6.793875694274902,6.638482570648193,5604300.0,4.198266506195068,VLO
2002-09-23,6.6841864585876465,6.439671039581299,6.640768051147461,6.531078815460205,3563300.0,4.130342960357666,VLO
2002-09-24,6.5333638191223145,6.1471662521362305,6.485374927520752,6.188299655914307,5817400.0,3.913566827774048,VLO
2002-09-25,6.487659931182861,6.174588680267334,6.188299655914307,6.457952499389648,5562700.0,4.084096908569336,VLO
2002-09-26,6.6590495109558105,6.489944934844971,6.5333638191223145,6.656764030456543,2449600.0,4.209827899932861,VLO
2002-09-27,6.654479026794434,6.295703887939453,6.654479026794434,6.398537635803223,3523900.0,4.04652214050293,VLO
2002-09-30,6.3528337478637695,5.964351177215576,6.3528337478637695,6.048902988433838,9067000.0,3.8254098892211914,VLO
2002-10-01,6.144881248474121,5.964351177215576,6.124314308166504,6.13116979598999,5909300.0,3.8774373531341553,VLO
2002-10-02,6.446526527404785,6.101462364196777,6.1425957679748535,6.254570484161377,5970100.0,3.9554760456085205,VLO
2002-10-03,6.336837291717529,5.80438756942749,6.254570484161377,5.80438756942749,8830300.0,3.6707732677459717,VLO
2002-10-04,5.861517429351807,5.418190002441406,5.827239513397217,5.454753398895264,8810600.0,3.449660539627075,VLO
2002-10-07,5.591864585876465,5.415904998779297,5.454753398895264,5.473034858703613,4892800.0,3.461221218109131,VLO
2002-10-08,5.712979793548584,5.290219306945801,5.53016471862793,5.5895795822143555,6160500.0,3.5349268913269043,VLO
2002-10-09,5.5895795822143555,5.36106014251709,5.553016662597656,5.36106014251709,4405300.0,3.3904061317443848,VLO
2002-10-10,5.934643745422363,5.303930759429932,5.303930759429932,5.808958053588867,8908200.0,3.6736655235290527,VLO
2002-10-11,6.227148056030273,5.964351177215576,5.964351177215576,6.076325416564941,5465100.0,3.842749834060669,VLO
2002-10-14,6.339122295379639,6.055758476257324,6.076325416564941,6.275136947631836,4740000.0,3.9684813022613525,VLO
2002-10-15,6.787020206451416,6.462522983551025,6.6841864585876465,6.64533805847168,7168300.0,4.202602863311768,VLO
2002-10-16,6.837294101715088,6.55850076675415,6.615630626678467,6.697897434234619,7729300.0,4.235841274261475,VLO
2002-10-17,7.367458820343018,6.912705898284912,6.912705898284912,7.280621528625488,8093800.0,4.604363441467285,VLO
2002-10-18,7.273766040802002,7.084095001220703,7.271481037139893,7.2212066650390625,5175900.0,4.5667901039123535,VLO
2002-10-21,7.266910552978516,7.102376461029053,7.175502777099609,7.143509864807129,5488800.0,4.51765251159668,VLO
2002-10-22,7.426873683929443,7.074954509735107,7.074954509735107,7.200639724731445,6783600.0,4.553781986236572,VLO
2002-10-23,7.369743824005127,7.095520973205566,7.175502777099609,7.369743824005127,5532500.0,4.660726070404053,VLO
2002-10-24,7.504570484161377,7.248629093170166,7.426873683929443,7.287477016448975,6267300.0,4.608699798583984,VLO
2002-10-25,7.312614440917969,7.068098545074463,7.298902988433838,7.161791801452637,6346000.0,4.529215335845947,VLO
2002-10-28,7.298902988433838,7.175502777099609,7.266910552978516,7.186928749084473,7140300.0,4.545112133026123,VLO
2002-10-29,7.186928749084473,6.912705898284912,7.186928749084473,6.9858317375183105,6357000.0,4.417938709259033,VLO
2002-10-30,7.975319862365723,7.522851943969727,7.575411319732666,7.874771595001221,16013900.0,4.980114459991455,VLO
2002-10-31,8.226691246032715,7.838208198547363,7.938756942749023,8.046160697937012,9560200.0,5.088501453399658,VLO
2002-11-01,8.158135414123535,7.936471462249756,8.080438613891602,8.112431526184082,5126900.0,5.130411624908447,VLO
2002-11-04,8.274680137634277,7.998171806335449,8.169561386108398,8.000456809997559,6603800.0,5.059597492218018,VLO
2002-11-05,8.215265274047852,7.966179370880127,8.03016471862793,8.196983337402344,3989100.0,5.1838836669921875,VLO
2002-11-06,8.3866548538208,8.183272361755371,8.25411319732666,8.260969161987305,4809200.0,5.224350452423096,VLO
2002-11-07,8.306673049926758,8.02787971496582,8.169561386108398,8.242687225341797,5252500.0,5.212787628173828,VLO
2002-11-08,8.226691246032715,7.957038402557373,8.21983528137207,8.059871673583984,7354300.0,5.159770965576172,VLO
2002-11-11,8.057586669921875,7.835923194885254,8.057586669921875,7.883912086486816,8794400.0,5.04712438583374,VLO
2002-11-12,7.963893890380859,7.4725775718688965,7.883912086486816,7.5274224281311035,11107600.0,4.818907260894775,VLO
2002-11-13,7.5274224281311035,7.095520973205566,7.5274224281311035,7.1732177734375,11679500.0,4.5921525955200195,VLO
2002-11-14,7.43144416809082,7.298902988433838,7.312614440917969,7.310328960418701,13302100.0,4.679929256439209,VLO
2002-11-15,7.312614440917969,7.253199100494385,7.253199100494385,7.289762496948242,5063000.0,4.666762351989746,VLO
2002-11-18,7.38116979598999,7.289762496948242,7.312614440917969,7.312614440917969,5617000.0,4.681390762329102,VLO
2002-11-19,7.328610420227051,7.152650833129883,7.312614440917969,7.1732177734375,8376900.0,4.5921525955200195,VLO
2002-11-20,7.424588680267334,7.1732177734375,7.1732177734375,7.346892356872559,5523800.0,4.703335762023926,VLO
2002-11-21,7.51828145980835,7.335466384887695,7.346892356872559,7.502285003662109,5176300.0,4.80281400680542,VLO
2002-11-22,7.493144512176514,7.3971662521362305,7.445155620574951,7.44972562789917,4476200.0,4.769167423248291,VLO
2002-11-25,7.51828145980835,7.324040412902832,7.495429515838623,7.369743824005127,4734300.0,4.717965126037598,VLO
2002-11-26,7.358318328857422,7.1732177734375,7.346892356872559,7.289762496948242,2713100.0,4.666762351989746,VLO
2002-11-27,7.358318328857422,7.285192012786865,7.335466384887695,7.312614440917969,4147500.0,4.681390762329102,VLO
2002-11-29,7.346892356872559,7.303473472595215,7.312614440917969,7.305758476257324,1809000.0,4.677002906799316,VLO
2002-12-02,7.3925957679748535,7.248629093170166,7.312614440917969,7.248629093170166,5754000.0,4.6404290199279785,VLO
2002-12-03,7.420018196105957,7.250914096832275,7.250914096832275,7.417733192443848,10253400.0,4.748687267303467,VLO
2002-12-04,7.865630626678467,7.324040412902832,7.3720293045043945,7.824497222900391,10010900.0,5.009087562561035,VLO
2002-12-05,8.180987358093262,7.975319862365723,8.09872055053711,8.066727638244629,10764500.0,5.16416072845459,VLO
2002-12-06,8.32038402557373,8.043875694274902,8.066727638244629,8.315813064575195,5672100.0,5.323617458343506,VLO
2002-12-09,8.404935836791992,8.091864585876465,8.372942924499512,8.1170015335083,6732000.0,5.19634485244751,VLO
2002-12-10,8.231261253356934,8.094149589538574,8.162705421447754,8.158135414123535,4605700.0,5.222677707672119,VLO
2002-12-11,8.160420417785645,7.659963607788086,8.160420417785645,7.749085903167725,9673100.0,4.960813045501709,VLO
2002-12-12,7.998171806335449,7.86106014251709,7.89533805847168,7.975319862365723,5989800.0,5.1056413650512695,VLO
2002-12-13,8.06215763092041,7.819926738739014,7.975319862365723,8.034734725952148,4484900.0,5.143679618835449,VLO
2002-12-16,8.487202644348145,8.226691246032715,8.226691246032715,8.468921661376953,9938700.0,5.421637535095215,VLO
2002-12-17,8.809414863586426,8.471206665039062,8.471206665039062,8.585466384887695,9322100.0,5.496246337890625,VLO
2002-12-18,8.642596244812012,8.345520973205566,8.642596244812012,8.400365829467773,5292700.0,5.377750396728516,VLO
2002-12-19,8.498628616333008,8.340950965881348,8.411791801452637,8.409506797790527,4870400.0,5.383600234985352,VLO
2002-12-20,8.617459297180176,8.42550277709961,8.478062629699707,8.54661750793457,4400000.0,5.471375942230225,VLO
2002-12-23,8.562614440917969,8.42093276977539,8.54661750793457,8.468921661376953,2629900.0,5.421637535095215,VLO
2002-12-24,8.45749568939209,8.32266902923584,8.38893985748291,8.443784713745117,1129400.0,5.405544281005859,VLO
2002-12-26,8.514625549316406,8.402650833129883,8.478062629699707,8.432358741760254,1847500.0,5.398229598999023,VLO
2002-12-27,8.475776672363281,8.226691246032715,8.430072784423828,8.231261253356934,2216000.0,5.2694902420043945,VLO
2002-12-30,8.452924728393555,8.311243057250977,8.311243057250977,8.393509864807129,2916100.0,5.373359680175781,VLO
2002-12-31,8.498628616333008,8.404935836791992,8.409506797790527,8.441498756408691,2833400.0,5.40408182144165,VLO
2003-01-02,8.729433059692383,8.464350700378418,8.464350700378418,8.711152076721191,3274500.0,5.5767059326171875,VLO
2003-01-03,8.731718063354492,8.519195556640625,8.7134370803833,8.585466384887695,3304700.0,5.496246337890625,VLO
2003-01-06,8.75228500366211,8.535191535949707,8.539762496948242,8.574040412902832,3739700.0,5.488930702209473,VLO
2003-01-07,8.59460735321045,8.329524993896484,8.56032943725586,8.468921661376953,5128600.0,5.421637535095215,VLO
2003-01-08,8.352376937866211,8.075868606567383,8.343235969543457,8.1170015335083,5337400.0,5.19634485244751,VLO
2003-01-09,8.603747367858887,8.194698333740234,8.208409309387207,8.58089542388916,5589000.0,5.493319988250732,VLO
2003-01-10,8.622029304504395,8.500913619995117,8.58089542388916,8.583181381225586,3817600.0,5.4947829246521,VLO
2003-01-13,8.765995979309082,8.569469451904297,8.571755409240723,8.763710975646973,5329500.0,5.610353946685791,VLO
2003-01-14,8.797988891601562,8.663162231445312,8.763710975646973,8.756855964660645,3362500.0,5.605967044830322,VLO
2003-01-15,8.738574028015137,8.674588203430176,8.734004020690918,8.697440147399902,3891100.0,5.567930221557617,VLO
2003-01-16,8.88711166381836,8.68144416809082,8.743144035339355,8.68144416809082,5396000.0,5.557689189910889,VLO
2003-01-17,8.638025283813477,8.404935836791992,8.569469451904297,8.478062629699707,3668800.0,5.427489280700684,VLO
2003-01-21,8.480347633361816,8.233546257019043,8.480347633361816,8.238117218017578,3023800.0,5.2738800048828125,VLO
2003-01-22,8.308958053588867,8.075868606567383,8.180987358093262,8.139853477478027,4356700.0,5.210974216461182,VLO
2003-01-23,8.313528060913086,8.169561386108398,8.208409309387207,8.28610610961914,4439000.0,5.304600715637207,VLO
2003-01-24,8.247258186340332,8.066727638244629,8.203839302062988,8.114716529846191,3038600.0,5.194881916046143,VLO
2003-01-27,8.066727638244629,7.632541179656982,8.057586669921875,7.717093467712402,5673400.0,4.940329551696777,VLO
2003-01-28,8.037019729614258,7.358318328857422,7.8267822265625,7.563985347747803,12286000.0,4.842314720153809,VLO
2003-01-29,8.055301666259766,7.575411319732666,7.675959587097168,7.975319862365723,6495700.0,5.1056413650512695,VLO
2003-01-30,8.112431526184082,7.771937847137451,7.97760534286499,7.803930759429932,6460700.0,4.995923042297363,VLO
2003-01-31,7.86106014251709,7.575411319732666,7.655393123626709,7.8587751388549805,5290500.0,5.031033039093018,VLO
2003-02-03,8.375228881835938,7.8587751388549805,7.8587751388549805,8.313528060913086,7516200.0,5.322154998779297,VLO
2003-02-04,8.596892356872559,8.226691246032715,8.283821105957031,8.487202644348145,6885100.0,5.433339595794678,VLO
2003-02-05,8.729433059692383,8.398080825805664,8.592321395874023,8.398080825805664,6392400.0,5.376286029815674,VLO
2003-02-06,8.672303199768066,8.306673049926758,8.340950965881348,8.665448188781738,8778600.0,5.547450065612793,VLO
2003-02-07,8.775136947631836,8.555758476257324,8.68372917175293,8.68372917175293,7420300.0,5.559152126312256,VLO
2003-02-10,8.68144416809082,8.411791801452637,8.660877227783203,8.606033325195312,6335100.0,5.5735955238342285,VLO
2003-02-11,8.658592224121094,8.49177360534668,8.617459297180176,8.640311241149902,5180700.0,5.595797538757324,VLO
2003-02-12,8.640311241149902,8.32495403289795,8.640311241149902,8.398080825805664,5308000.0,5.438919544219971,VLO
2003-02-13,8.400365829467773,8.114716529846191,8.398080825805664,8.228976249694824,7858800.0,5.329400062561035,VLO
2003-02-14,8.32495403289795,8.139853477478027,8.228976249694824,8.162705421447754,5130400.0,5.2864813804626465,VLO
2003-02-18,8.489487648010254,8.135283470153809,8.18784236907959,8.45521068572998,7005900.0,5.475919246673584,VLO
2003-02-19,8.478062629699707,8.242687225341797,8.42093276977539,8.407220840454102,5088800.0,5.444836616516113,VLO
2003-02-20,8.475776672363281,8.28839111328125,8.407220840454102,8.292962074279785,3475400.0,5.370841979980469,VLO
2003-02-21,8.651737213134766,8.295247077941895,8.295247077941895,8.571755409240723,7976500.0,5.551398754119873,VLO
2003-02-24,8.877970695495605,8.537477493286133,8.617459297180176,8.871114730834961,7826400.0,5.745275020599365,VLO
2003-02-25,9.058501243591309,8.58089542388916,8.871114730834961,8.736289024353027,7401100.0,5.657957077026367,VLO
2003-02-26,9.163619995117188,8.736289024353027,8.775136947631836,8.992230415344238,11658900.0,5.8237128257751465,VLO
2003-02-27,9.081353187561035,8.836837768554688,9.026508331298828,8.912248611450195,6580100.0,5.771914482116699,VLO
2003-02-28,9.017367362976074,8.855118751525879,8.946526527404785,8.914533615112305,8915600.0,5.77339506149292,VLO
2003-03-03,9.0402193069458,8.912248611450195,8.948811531066895,9.001371383666992,4035900.0,5.829634666442871,VLO
2003-03-04,9.17504596710205,8.976234436035156,9.015082359313965,9.099634170532227,5337400.0,5.8932719230651855,VLO
2003-03-05,9.325868606567383,9.060786247253418,9.065356254577637,9.300731658935547,11501800.0,6.023509979248047,VLO
2003-03-06,9.483546257019043,9.165904998779297,9.369287490844727,9.184186935424805,11200300.0,5.948033332824707,VLO
2003-03-07,9.300731658935547,9.124771118164062,9.186471939086914,9.252741813659668,4752700.0,5.992432594299316,VLO
2003-03-10,9.414990425109863,9.31215763092041,9.414990425109863,9.396709442138672,6440100.0,6.085670471191406,VLO
2003-03-11,9.577239036560059,9.207037925720215,9.483546257019043,9.21389389038086,10410000.0,5.967268943786621,VLO
2003-03-12,9.204752922058105,9.003656387329102,9.17961597442627,9.106490135192871,8162100.0,5.897712230682373,VLO
2003-03-13,9.140768051147461,8.889396667480469,9.138483047485352,9.037934303283691,7404600.0,5.853312969207764,VLO
2003-03-14,9.163619995117188,9.058501243591309,9.083638191223145,9.129342079162598,4438500.0,5.912511825561523,VLO
2003-03-17,9.357861518859863,9.049360275268555,9.049360275268555,9.346435546875,5650700.0,6.053109645843506,VLO
2003-03-18,9.373857498168945,9.138483047485352,9.298445701599121,9.360146522521973,5833600.0,6.0619893074035645,VLO
2003-03-19,9.449268341064453,9.21389389038086,9.405850410461426,9.31215763092041,3867500.0,6.030909538269043,VLO
2003-03-20,9.593235969543457,9.227604866027832,9.31215763092041,9.563528060913086,4794300.0,6.193708419799805,VLO
2003-03-21,9.654935836791992,9.47212028503418,9.563528060913086,9.558958053588867,6302300.0,6.190745830535889,VLO
2003-03-24,9.586380004882812,9.364716529846191,9.47212028503418,9.405850410461426,3529600.0,6.091586589813232,VLO
2003-03-25,9.634368896484375,9.398994445800781,9.424131393432617,9.465265274047852,5458100.0,6.130067825317383,VLO
2003-03-26,9.31215763092041,9.14305305480957,9.21160888671875,9.152194023132324,23050100.0,5.92731237411499,VLO
2003-03-27,9.28016471862793,9.117916107177734,9.184186935424805,9.273308753967285,7439200.0,6.005748271942139,VLO
2003-03-28,9.529250144958496,9.261882781982422,9.273308753967285,9.510969161987305,6280800.0,6.159668445587158,VLO
2003-03-31,9.689213752746582,9.451554298400879,9.677787780761719,9.456124305725098,5826600.0,6.124149799346924,VLO
2003-04-01,9.632083892822266,9.50639820098877,9.547532081604004,9.57038402557373,4329100.0,6.198146820068359,VLO
2003-04-02,9.57266902923584,9.31215763092041,9.57038402557373,9.351005554199219,6601100.0,6.0560688972473145,VLO
2003-04-03,9.357861518859863,9.140768051147461,9.357861518859863,9.225319862365723,11308000.0,5.974671363830566,VLO
2003-04-04,9.289305686950684,9.140768051147461,9.225319862365723,9.195612907409668,7973000.0,5.955430030822754,VLO
2003-04-07,9.220749855041504,8.957952499389648,9.195612907409668,8.992230415344238,7356000.0,5.8237128257751465,VLO
2003-04-08,8.797988891601562,8.436928749084473,8.743144035339355,8.450639724731445,15526400.0,5.472958564758301,VLO
2003-04-09,8.644881248474121,8.500913619995117,8.564899444580078,8.622029304504395,11230500.0,5.583956241607666,VLO
2003-04-10,8.692870140075684,8.489487648010254,8.642596244812012,8.500913619995117,6960000.0,5.5055155754089355,VLO
2003-04-11,8.61517333984375,8.434643745422363,8.503199577331543,8.45521068572998,5519000.0,5.475919246673584,VLO
2003-04-14,8.569469451904297,8.464350700378418,8.496343612670898,8.523765563964844,3607500.0,5.520317077636719,VLO
2003-04-15,8.54661750793457,8.35694694519043,8.544332504272461,8.480347633361816,8496800.0,5.4921956062316895,VLO
2003-04-16,8.638025283813477,8.466636657714844,8.500913619995117,8.574040412902832,11845300.0,5.552876949310303,VLO
2003-04-17,8.692870140075684,8.478062629699707,8.574040412902832,8.644881248474121,7290400.0,5.598755836486816,VLO
2003-04-21,8.877970695495605,8.660877227783203,8.759140968322754,8.804844856262207,6428300.0,5.70235538482666,VLO
2003-04-22,8.78199291229248,8.54661750793457,8.775136947631836,8.71572208404541,7923100.0,5.64463472366333,VLO
2003-04-23,8.811699867248535,8.569469451904297,8.7865629196167,8.640311241149902,5533400.0,5.595797538757324,VLO
2003-04-24,8.704296112060547,8.592321395874023,8.628885269165039,8.61288833618164,3988200.0,5.578035831451416,VLO
2003-04-25,8.64945125579834,8.432358741760254,8.603747367858887,8.571755409240723,4296700.0,5.551398754119873,VLO
2003-04-28,8.59460735321045,8.500913619995117,8.548903465270996,8.558043479919434,5433200.0,5.542516708374023,VLO
2003-04-29,8.558043479919434,8.311243057250977,8.51233959197998,8.313528060913086,6109300.0,5.384157180786133,VLO
2003-04-30,8.489487648010254,8.311243057250977,8.359231948852539,8.398080825805664,8669700.0,5.438919544219971,VLO
2003-05-01,8.398080825805664,8.18784236907959,8.3866548538208,8.313528060913086,4707200.0,5.384157180786133,VLO
2003-05-02,8.443784713745117,8.267824172973633,8.32495403289795,8.267824172973633,4995600.0,5.354561805725098,VLO
2003-05-05,8.338665008544922,8.192413330078125,8.308958053588867,8.238117218017578,5737300.0,5.335319995880127,VLO
2003-05-06,8.272395133972168,8.135283470153809,8.135283470153809,8.199268341064453,5600800.0,5.310161113739014,VLO
2003-05-07,8.340950965881348,8.114716529846191,8.178702354431152,8.29067611694336,4809600.0,5.36936092376709,VLO
2003-05-08,8.281536102294922,8.110146522521973,8.272395133972168,8.126142501831055,5554400.0,5.262802600860596,VLO
2003-05-09,8.183272361755371,8.034734725952148,8.139853477478027,8.130712509155273,4148800.0,5.265760898590088,VLO
2003-05-12,8.496343612670898,8.192413330078125,8.199268341064453,8.4232177734375,9270900.0,5.455197811126709,VLO
2003-05-13,8.658592224121094,8.414076805114746,8.4232177734375,8.603747367858887,7382300.0,5.572115421295166,VLO
2003-05-14,8.868829727172852,8.74771499633789,8.775136947631836,8.791133880615234,9014500.0,5.69347620010376,VLO
2003-05-15,8.946526527404785,8.731718063354492,8.855118751525879,8.791133880615234,6947300.0,5.69347620010376,VLO
2003-05-16,8.912248611450195,8.775136947631836,8.791133880615234,8.827696800231934,5829700.0,5.717157363891602,VLO
2003-05-19,8.825411796569824,8.603747367858887,8.770566940307617,8.670018196105957,5198200.0,5.615035057067871,VLO
2003-05-20,8.738574028015137,8.592321395874023,8.71572208404541,8.670018196105957,4755300.0,5.615035057067871,VLO
2003-05-21,8.866544723510742,8.617459297180176,8.658592224121094,8.843692779541016,4603500.0,5.727513790130615,VLO
2003-05-22,8.820840835571289,8.61517333984375,8.820840835571289,8.651737213134766,5554400.0,5.6672797203063965,VLO
2003-05-23,8.724863052368164,8.569469451904297,8.642596244812012,8.638025283813477,3914700.0,5.658296585083008,VLO
2003-05-27,8.75,8.626599311828613,8.656307220458984,8.702011108398438,5066000.0,5.700212001800537,VLO
2003-05-28,8.7134370803833,8.448354721069336,8.702011108398438,8.494058609008789,4984200.0,5.563991546630859,VLO
2003-05-29,8.58089542388916,8.343235969543457,8.45521068572998,8.379798889160156,6889100.0,5.489147186279297,VLO
2003-05-30,8.660877227783203,8.45521068572998,8.482632637023926,8.569469451904297,9997800.0,5.6133880615234375,VLO
2003-06-02,8.52605152130127,8.343235969543457,8.4597806930542,8.507769584655762,8220300.0,5.572973251342773,VLO
2003-06-03,8.558043479919434,8.393509864807129,8.553473472595215,8.432358741760254,5122500.0,5.52357816696167,VLO
2003-06-04,8.54661750793457,8.42093276977539,8.432358741760254,8.51233959197998,5554400.0,5.575967788696289,VLO
2003-06-05,8.658592224121094,8.45749568939209,8.523765563964844,8.569469451904297,5653300.0,5.6133880615234375,VLO
2003-06-06,8.599177360534668,8.398080825805664,8.587751388549805,8.443784713745117,4686200.0,5.531061172485352,VLO
2003-06-09,8.537477493286133,8.363802909851074,8.398080825805664,8.3866548538208,3756700.0,5.49363899230957,VLO
2003-06-10,8.528336524963379,8.404935836791992,8.409506797790527,8.505484580993652,4403100.0,5.571476936340332,VLO
2003-06-11,8.754570007324219,8.489487648010254,8.523765563964844,8.754570007324219,7872800.0,5.734638690948486,VLO
2003-06-12,8.843692779541016,8.58089542388916,8.807129859924316,8.708866119384766,4947500.0,5.704700469970703,VLO
2003-06-13,8.722578048706055,8.436928749084473,8.708866119384766,8.521480560302734,4330400.0,5.581955909729004,VLO
2003-06-16,8.68144416809082,8.489487648010254,8.57861042022705,8.68144416809082,4817100.0,5.686739921569824,VLO
2003-06-17,8.704296112060547,8.569469451904297,8.68372917175293,8.704296112060547,5486100.0,5.70170783996582,VLO
2003-06-18,8.706581115722656,8.539762496948242,8.704296112060547,8.590036392211914,3698500.0,5.6268630027771,VLO
2003-06-19,8.704296112060547,8.514625549316406,8.590036392211914,8.59460735321045,4809200.0,5.629857540130615,VLO
2003-06-20,8.608318328857422,8.318099021911621,8.59460735321045,8.54661750793457,11062900.0,5.598421096801758,VLO
2003-06-23,8.699726104736328,8.587751388549805,8.61517333984375,8.692870140075684,5925500.0,5.694223403930664,VLO
2003-06-24,8.64716625213623,8.471206665039062,8.64716625213623,8.480347633361816,6877700.0,5.5550103187561035,VLO
2003-06-25,8.585466384887695,8.452924728393555,8.500913619995117,8.45749568939209,4975900.0,5.540041446685791,VLO
2003-06-26,8.505484580993652,8.340950965881348,8.45749568939209,8.350090980529785,5814300.0,5.469687461853027,VLO
2003-06-27,8.432358741760254,8.345520973205566,8.345520973205566,8.368372917175293,3993900.0,5.481659412384033,VLO
2003-06-30,8.404935836791992,8.233546257019043,8.3866548538208,8.302102088928223,5136900.0,5.438251972198486,VLO
2003-07-01,8.331809997558594,8.15127944946289,8.226691246032715,8.258684158325195,5438900.0,5.409812927246094,VLO
2003-07-02,8.45521068572998,8.194698333740234,8.258684158325195,8.411791801452637,6690900.0,5.510106086730957,VLO
2003-07-03,8.45521068572998,8.340950965881348,8.411791801452637,8.414076805114746,4422800.0,5.511600971221924,VLO
2003-07-07,8.45521068572998,8.25639820098877,8.42550277709961,8.274680137634277,6013000.0,5.420289516448975,VLO
2003-07-08,8.430072784423828,8.247258186340332,8.274680137634277,8.382083892822266,4091900.0,5.490644454956055,VLO
2003-07-09,8.722578048706055,8.404935836791992,8.404935836791992,8.61517333984375,9176400.0,5.643327713012695,VLO
2003-07-10,8.68372917175293,8.462065696716309,8.592321395874023,8.516910552978516,4109000.0,5.578962326049805,VLO
2003-07-11,8.638025283813477,8.484917640686035,8.532906532287598,8.592321395874023,2771300.0,5.628359317779541,VLO
2003-07-14,8.64945125579834,8.443784713745117,8.64945125579834,8.443784713745117,4081000.0,5.531061172485352,VLO
2003-07-15,8.738574028015137,8.466636657714844,8.500913619995117,8.68372917175293,5806000.0,5.688234806060791,VLO
2003-07-16,8.702011108398438,8.4597806930542,8.68372917175293,8.471206665039062,6178400.0,5.549025058746338,VLO
2003-07-17,8.516910552978516,8.393509864807129,8.45749568939209,8.407220840454102,2829000.0,5.507110118865967,VLO
2003-07-18,8.528336524963379,8.32495403289795,8.464350700378418,8.489487648010254,3857400.0,5.560997009277344,VLO
2003-07-21,8.487202644348145,8.318099021911621,8.466636657714844,8.366087913513184,3228600.0,5.480165004730225,VLO
2003-07-22,8.475776672363281,8.361516952514648,8.404935836791992,8.450639724731445,8095600.0,5.535552024841309,VLO
2003-07-23,8.553473472595215,8.32495403289795,8.416361808776855,8.375228881835938,4698900.0,5.486154079437256,VLO
2003-07-24,8.452924728393555,8.258684158325195,8.42093276977539,8.272395133972168,4630600.0,5.4187912940979,VLO
2003-07-25,8.327239036560059,8.192413330078125,8.272395133972168,8.279250144958496,3973800.0,5.42328405380249,VLO
2003-07-28,8.306673049926758,8.199268341064453,8.272395133972168,8.258684158325195,2298200.0,5.409812927246094,VLO
2003-07-29,8.372942924499512,8.226691246032715,8.295247077941895,8.276965141296387,4051700.0,5.421785831451416,VLO
2003-07-30,8.45521068572998,8.247258186340332,8.32266902923584,8.359231948852539,3997000.0,5.475674629211426,VLO
2003-07-31,8.39122486114502,8.283821105957031,8.370657920837402,8.318099021911621,2781300.0,5.448731422424316,VLO
2003-08-01,8.340950965881348,8.231261253356934,8.283821105957031,8.249543190002441,3464000.0,5.4038238525390625,VLO
2003-08-04,8.228976249694824,8.041590690612793,8.228976249694824,8.119287490844727,3981200.0,5.3185014724731445,VLO
2003-08-05,8.224406242370605,8.096435546875,8.119287490844727,8.123857498168945,2417300.0,5.321495056152344,VLO
2003-08-06,8.281536102294922,8.15127944946289,8.158135414123535,8.276965141296387,3689800.0,5.421785831451416,VLO
2003-08-07,8.638025283813477,8.299817085266113,8.340950965881348,8.638025283813477,7608100.0,5.658296585083008,VLO
2003-08-08,8.75228500366211,8.562614440917969,8.644881248474121,8.738574028015137,4770200.0,5.724160194396973,VLO
2003-08-11,8.807129859924316,8.640311241149902,8.672303199768066,8.729433059692383,3110800.0,5.784366607666016,VLO
2003-08-12,8.946526527404785,8.740859031677246,8.7865629196167,8.946526527404785,3615800.0,5.928219318389893,VLO
2003-08-13,9.101919174194336,8.912248611450195,8.946526527404785,9.035649299621582,6023100.0,5.987275123596191,VLO
2003-08-14,9.106490135192871,8.994515419006348,9.092779159545898,9.010512351989746,3391400.0,5.970617294311523,VLO
2003-08-15,9.154479026794434,9.049360275268555,9.140768051147461,9.095064163208008,3282800.0,6.026643753051758,VLO
2003-08-18,9.140768051147461,8.955667495727539,9.140768051147461,9.047075271606445,4246900.0,5.994845867156982,VLO
2003-08-19,9.163619995117188,8.868829727172852,8.992230415344238,9.159049034118652,7078100.0,6.069041728973389,VLO
2003-08-20,9.161334991455078,8.923674583435059,9.161334991455078,8.989945411682129,5997700.0,5.9569902420043945,VLO
2003-08-21,9.129342079162598,8.923674583435059,8.980804443359375,9.115631103515625,4122100.0,6.040270805358887,VLO
2003-08-22,9.163619995117188,8.98766040802002,9.159049034118652,9.017367362976074,3314300.0,5.975161075592041,VLO
2003-08-25,9.090493202209473,8.912248611450195,9.0402193069458,8.930530548095703,4065300.0,5.917621612548828,VLO
2003-08-26,8.841407775878906,8.729433059692383,8.839122772216797,8.78199291229248,5929900.0,5.8191962242126465,VLO
2003-08-27,8.85054874420166,8.71800708770752,8.770566940307617,8.81855583190918,6796300.0,5.843423843383789,VLO
2003-08-28,8.969378471374512,8.832266807556152,8.843692779541016,8.969378471374512,5464700.0,5.943359851837158,VLO
2003-08-29,9.026508331298828,8.893966674804688,8.893966674804688,9.003656387329102,4153200.0,5.966073989868164,VLO
2003-09-02,9.010512351989746,8.923674583435059,9.003656387329102,8.980804443359375,5403000.0,5.950932502746582,VLO
2003-09-03,8.877970695495605,8.61517333984375,8.797988891601562,8.740859031677246,9993900.0,5.791937351226807,VLO
2003-09-04,8.809414863586426,8.592321395874023,8.775136947631836,8.624314308166504,8454400.0,5.714713096618652,VLO
2003-09-05,8.695155143737793,8.58089542388916,8.672303199768066,8.695155143737793,4303300.0,5.761655807495117,VLO
2003-09-08,8.832266807556152,8.697440147399902,8.697440147399902,8.81627082824707,3195300.0,5.841907978057861,VLO
2003-09-09,8.820840835571289,8.71800708770752,8.809414863586426,8.745429992675781,4633300.0,5.794966697692871,VLO
2003-09-10,8.827696800231934,8.720292091369629,8.761425971984863,8.743144035339355,6582800.0,5.793450355529785,VLO
2003-09-11,8.759140968322754,8.676874160766602,8.759140968322754,8.724863052368164,4070100.0,5.781338691711426,VLO
2003-09-12,8.727148056030273,8.660877227783203,8.695155143737793,8.7134370803833,2133300.0,5.773766994476318,VLO
2003-09-15,8.729433059692383,8.670018196105957,8.71800708770752,8.692870140075684,3041700.0,5.7601399421691895,VLO
2003-09-16,8.740859031677246,8.656307220458984,8.71800708770752,8.704296112060547,2899100.0,5.767709732055664,VLO
2003-09-17,8.75228500366211,8.644881248474121,8.729433059692383,8.658592224121094,3159000.0,5.737425327301025,VLO
2003-09-18,8.676874160766602,8.576325416564941,8.665448188781738,8.61517333984375,6014300.0,5.708657264709473,VLO
2003-09-19,8.617459297180176,8.523765563964844,8.58089542388916,8.537477493286133,5208300.0,5.657173156738281,VLO
2003-09-22,8.660877227783203,8.535191535949707,8.537477493286133,8.626599311828613,3803600.0,5.716227054595947,VLO
2003-09-23,8.736289024353027,8.617459297180176,8.638025283813477,8.628885269165039,2962500.0,5.717740535736084,VLO
2003-09-24,8.75,8.608318328857422,8.706581115722656,8.61517333984375,4633300.0,5.708657264709473,VLO
2003-09-25,8.64716625213623,8.468921661376953,8.622029304504395,8.489487648010254,2808500.0,5.62537145614624,VLO
2003-09-26,8.478062629699707,8.379798889160156,8.466636657714844,8.443784713745117,3592600.0,5.59508752822876,VLO
2003-09-29,8.505484580993652,8.409506797790527,8.478062629699707,8.478062629699707,2605000.0,5.617802143096924,VLO
2003-09-30,8.7865629196167,8.432358741760254,8.466636657714844,8.745429992675781,9085000.0,5.794966697692871,VLO
2003-10-01,8.729433059692383,8.61517333984375,8.706581115722656,8.638025283813477,7114000.0,5.72379732131958,VLO
2003-10-02,8.777421951293945,8.642596244812012,8.679159164428711,8.775136947631836,4728700.0,5.814650535583496,VLO
2003-10-03,8.946526527404785,8.797988891601562,8.866544723510742,8.903107643127441,4423200.0,5.899447917938232,VLO
2003-10-06,8.912248611450195,8.800273895263672,8.866544723510742,8.912248611450195,2668400.0,5.905505657196045,VLO
2003-10-07,8.946526527404785,8.820840835571289,8.912248611450195,8.914533615112305,3625000.0,5.90701961517334,VLO
2003-10-08,9.003656387329102,8.891681671142578,8.92138957977295,8.957952499389648,3998300.0,5.935790538787842,VLO
2003-10-09,9.072212219238281,8.944241523742676,9.015082359313965,9.019652366638184,4989500.0,5.976675033569336,VLO
2003-10-10,9.090493202209473,9.010512351989746,9.056215286254883,9.058501243591309,2489000.0,6.00241756439209,VLO
2003-10-13,9.117916107177734,9.072212219238281,9.083638191223145,9.10877513885498,2830300.0,6.035728454589844,VLO
2003-10-14,9.140768051147461,9.028793334960938,9.140768051147461,9.085923194885254,2713500.0,6.0205864906311035,VLO
2003-10-15,9.138483047485352,9.058501243591309,9.095064163208008,9.081353187561035,3353300.0,6.017560005187988,VLO
2003-10-16,9.140768051147461,9.07906723022461,9.104205131530762,9.129342079162598,3059200.0,6.049358367919922,VLO
2003-10-17,9.181900978088379,9.07449722290039,9.140768051147461,9.090493202209473,3070200.0,6.023614406585693,VLO
2003-10-20,9.129342079162598,8.98766040802002,9.033363342285156,9.092779159545898,2268500.0,6.02513313293457,VLO
2003-10-21,9.136197090148926,9.003656387329102,9.122486114501953,9.015082359313965,2920900.0,5.97364616394043,VLO
2003-10-22,8.980804443359375,8.877970695495605,8.957952499389648,8.896252632141113,3338400.0,5.8949079513549805,VLO
2003-10-23,9.117916107177734,8.861974716186523,8.896252632141113,9.101919174194336,4323000.0,6.031187534332275,VLO
2003-10-24,9.124771118164062,8.978519439697266,9.122486114501953,9.001371383666992,2601000.0,5.964561939239502,VLO
2003-10-27,9.17504596710205,8.971663475036621,9.049360275268555,9.149909019470215,5252000.0,6.06298303604126,VLO
2003-10-28,9.026508331298828,8.772851943969727,8.912248611450195,8.969378471374512,10257700.0,5.943359851837158,VLO
2003-10-29,9.060786247253418,8.900822639465332,8.969378471374512,9.031078338623047,12826400.0,5.984246253967285,VLO
2003-10-30,9.462980270385742,9.083638191223145,9.083638191223145,9.460694313049316,14200500.0,6.268921852111816,VLO
2003-10-31,9.833181381225586,9.188756942749023,9.451554298400879,9.757769584655762,12067200.0,6.465771198272705,VLO
2003-11-03,9.840036392211914,9.686928749084473,9.757769584655762,9.714350700378418,5907100.0,6.437002182006836,VLO
2003-11-04,9.853747367858887,9.712065696716309,9.716636657714844,9.837751388549805,4350100.0,6.518771171569824,VLO
2003-11-05,9.86288833618164,9.760054588317871,9.803473472595215,9.858318328857422,3169500.0,6.5323967933654785,VLO
2003-11-06,9.894881248474121,9.718921661376953,9.849177360534668,9.894881248474121,3371200.0,6.5566253662109375,VLO
2003-11-07,10.054844856262207,9.808043479919434,9.86517333984375,10.054844856262207,4649900.0,6.744414329528809,VLO
2003-11-10,9.96572208404541,9.819469451904297,9.9634370803833,9.920018196105957,4204400.0,6.653979778289795,VLO
2003-11-11,9.920018196105957,9.6732177734375,9.920018196105957,9.7097806930542,4522100.0,6.512955665588379,VLO
2003-11-12,9.883455276489258,9.689213752746582,9.689213752746582,9.883455276489258,2165200.0,6.629452705383301,VLO
2003-11-13,9.995429992675781,9.792047500610352,9.792047500610352,9.986289024353027,3594400.0,6.698432922363281,VLO
2003-11-14,10.150822639465332,9.93372917175293,10.009140968322754,10.148537635803223,5324700.0,6.807258605957031,VLO
2003-11-17,10.10283374786377,9.885740280151367,10.10283374786377,9.913162231445312,2977400.0,6.649378776550293,VLO
2003-11-18,9.954296112060547,9.856033325195312,9.915448188781738,9.906307220458984,4120800.0,6.644782066345215,VLO
2003-11-19,9.872029304504395,9.7097806930542,9.860603332519531,9.792047500610352,5942100.0,6.568141937255859,VLO
2003-11-20,9.824040412902832,9.721206665039062,9.76233959197998,9.766910552978516,3719100.0,6.551278591156006,VLO
2003-11-21,9.858318328857422,9.769195556640625,9.858318328857422,9.826325416564941,3597000.0,6.591132164001465,VLO
2003-11-24,9.819469451904297,9.7097806930542,9.803473472595215,9.803473472595215,3768100.0,6.575803756713867,VLO
2003-11-25,9.888025283813477,9.757769584655762,9.805758476257324,9.878885269165039,4824900.0,6.626385688781738,VLO
2003-11-26,9.986289024353027,9.851462364196777,9.878885269165039,9.958866119384766,2974800.0,6.680036544799805,VLO
2003-11-28,9.915448188781738,9.803473472595215,9.913162231445312,9.849177360534668,2275900.0,6.606459617614746,VLO
2003-12-01,10.025136947631836,9.842321395874023,9.849177360534668,10.025136947631836,3923000.0,6.7244873046875,VLO
2003-12-02,10.075411796569824,9.888025283813477,10.025136947631836,9.922303199768066,5447600.0,6.6555094718933105,VLO
2003-12-03,10.13482666015625,9.947440147399902,9.958866119384766,10.020566940307617,5523300.0,6.72142219543457,VLO
2003-12-04,10.233089447021484,9.952011108398438,10.041133880615234,10.230804443359375,4512500.0,6.86244010925293,VLO
2003-12-05,10.299360275268555,10.210237503051758,10.230804443359375,10.29250431060791,4465700.0,6.9038262367248535,VLO
2003-12-08,10.390768051147461,10.201096534729004,10.29250431060791,10.372486114501953,4486700.0,6.957477569580078,VLO
2003-12-09,10.431900978088379,10.276508331298828,10.420475006103516,10.315356254577637,5313700.0,6.919154644012451,VLO
2003-12-10,10.283363342285156,9.986289024353027,10.271937370300293,9.99771499633789,5224500.0,6.706095218658447,VLO
2003-12-11,10.086837768554688,9.824040412902832,9.99771499633789,10.059414863586426,6361300.0,6.747481346130371,VLO
2003-12-12,10.347349166870117,10.054844856262207,10.059414863586426,10.308501243591309,6613000.0,6.914556503295898,VLO
2003-12-15,10.319927215576172,10.13482666015625,10.317641258239746,10.166818618774414,3095100.0,6.819522380828857,VLO
2003-12-16,10.178244590759277,10.057129859924316,10.164533615112305,10.077696800231934,4093700.0,6.759744644165039,VLO
2003-12-17,10.317641258239746,10.027421951293945,10.077696800231934,10.283363342285156,5508500.0,6.897695541381836,VLO
2003-12-18,10.717550277709961,10.319927215576172,10.32906723022461,10.639853477478027,9446400.0,7.136818885803223,VLO
2003-12-19,10.726691246032715,10.56215763092041,10.717550277709961,10.694698333740234,7050100.0,7.173605442047119,VLO
2003-12-22,10.694698333740234,10.537019729614258,10.694698333740234,10.559871673583984,5510600.0,7.083165645599365,VLO
2003-12-23,10.559871673583984,10.39533805847168,10.559871673583984,10.484460830688477,4879200.0,7.032586097717285,VLO
2003-12-24,10.514167785644531,10.42961597442627,10.484460830688477,10.486745834350586,1710500.0,7.034116268157959,VLO
2003-12-26,10.559871673583984,10.46160888671875,10.489030838012695,10.507312774658203,731200.0,7.04791259765625,VLO
2003-12-29,10.660420417785645,10.489030838012695,10.511882781982422,10.639853477478027,3106000.0,7.136818885803223,VLO
2003-12-30,10.758684158325195,10.582723617553711,10.626142501831055,10.683272361755371,3790900.0,7.165938377380371,VLO
2003-12-31,10.646709442138672,10.42733097076416,10.646709442138672,10.589579582214355,5754000.0,7.10309362411499,VLO
2004-01-02,10.671846389770508,10.443326950073242,10.626142501831055,10.516453742980957,6103200.0,7.054043769836426,VLO
2004-01-05,10.78610610961914,10.523308753967285,10.557586669921875,10.740402221679688,8241300.0,7.204261302947998,VLO
2004-01-06,10.831809997558594,10.68555736541748,10.740402221679688,10.831809997558594,6908300.0,7.265575408935547,VLO
2004-01-07,10.831809997558594,10.671846389770508,10.831809997558594,10.715265274047852,9454300.0,7.187401294708252,VLO
2004-01-08,10.712980270385742,10.452467918395996,10.712980270385742,10.614716529846191,7677200.0,7.119955539703369,VLO
2004-01-09,10.772395133972168,10.477604866027832,10.603290557861328,10.644424438476562,6509300.0,7.139883995056152,VLO
2004-01-12,10.877513885498047,10.59872055053711,10.653564453125,10.859231948852539,6732400.0,7.283967018127441,VLO
2004-01-13,11.597349166870117,10.980347633361816,10.980347633361816,11.471663475036621,14172100.0,7.694762706756592,VLO
2004-01-14,11.533363342285156,10.968921661376953,11.197440147399902,11.45338249206543,12616800.0,7.682500839233398,VLO
2004-01-15,11.519652366638184,11.265995979309082,11.425959587097168,11.304844856262207,7016400.0,7.582867622375488,VLO
2004-01-16,11.501371383666992,11.293418884277344,11.304844856262207,11.48766040802002,3983900.0,7.705493927001953,VLO
2004-01-20,11.93555736541748,11.48766040802002,11.48766040802002,11.905850410461426,4510300.0,7.986000061035156,VLO
2004-01-21,12.111516952514648,11.77787971496582,11.974406242370605,11.940128326416016,4863000.0,8.008990287780762,VLO
2004-01-22,11.93555736541748,11.77787971496582,11.830438613891602,11.887568473815918,4231500.0,7.973737716674805,VLO
2004-01-23,12.24177360534668,11.887568473815918,11.887568473815918,11.992687225341797,5627000.0,8.0442476272583,VLO
2004-01-26,12.255484580993652,11.830438613891602,11.985832214355469,12.214350700378418,4869600.0,8.1929292678833,VLO
2004-01-27,12.447440147399902,12.161791801452637,12.358318328857422,12.324040412902832,8089400.0,8.266505241394043,VLO
2004-01-28,12.56627082824707,12.285191535949707,12.39716625213623,12.417733192443848,6780100.0,8.329351425170898,VLO
2004-01-29,12.470292091369629,12.065813064575195,12.43144416809082,12.246343612670898,5703200.0,8.214388847351074,VLO
2004-01-30,12.129798889160156,11.8829984664917,11.962980270385742,12.093235969543457,5522000.0,8.111690521240234,VLO
2004-02-02,12.408592224121094,11.96983528137207,12.054387092590332,12.27605152130127,5066900.0,8.234320640563965,VLO
2004-02-03,12.36288833618164,12.068099021911621,12.145794868469238,12.244058609008789,4330900.0,8.212859153747559,VLO
2004-02-04,12.294332504272461,12.054387092590332,12.225776672363281,12.102376937866211,4790800.0,8.117822647094727,VLO
2004-02-05,12.53427791595459,12.116087913513184,12.202924728393555,12.191498756408691,8608000.0,8.177605628967285,VLO
2004-02-06,12.186928749084473,12.00182819366455,12.152650833129883,12.063528060913086,17971300.0,8.091765403747559,VLO
2004-02-09,12.271480560302734,12.063528060913086,12.084095001220703,12.248628616333008,7490800.0,8.29847240447998,VLO
2004-02-10,12.470292091369629,12.202924728393555,12.237202644348145,12.404022216796875,5153100.0,8.403751373291016,VLO
2004-02-11,12.746800422668457,12.392596244812012,12.43144416809082,12.657678604125977,7493400.0,8.575603485107422,VLO
2004-02-12,12.82449722290039,12.579981803894043,12.63711166381836,12.728519439697266,5536900.0,8.623598098754883,VLO
2004-02-13,12.817641258239746,12.53199291229248,12.774223327636719,12.726234436035156,5068700.0,8.622048377990723,VLO
2004-02-17,13.069012641906738,12.751371383666992,12.783363342285156,13.002741813659668,4912900.0,8.809383392333984,VLO
2004-02-18,13.025593757629395,12.79250431060791,13.002741813659668,12.8633451461792,3152000.0,8.71493911743164,VLO
2004-02-19,13.023308753967285,12.801645278930664,12.8633451461792,12.808501243591309,2861000.0,8.677785873413086,VLO
2004-02-20,12.79250431060791,12.653107643127441,12.785649299621582,12.735374450683594,3459600.0,8.628240585327148,VLO
2004-02-23,12.82449722290039,12.60283374786377,12.714808464050293,12.749086380004883,2795300.0,8.637532234191895,VLO
2004-02-24,12.833638191223145,12.559414863586426,12.691956520080566,12.803930282592773,4009700.0,8.67468547821045,VLO
2004-02-25,13.203839302062988,12.717093467712402,12.774223327636719,13.196983337402344,7326700.0,8.940979957580566,VLO
2004-02-26,13.510054588317871,13.094149589538574,13.139853477478027,13.487202644348145,6729800.0,9.13761043548584,VLO
2004-02-27,13.736289024353027,13.42550277709961,13.484917640686035,13.711152076721191,6633100.0,9.289334297180176,VLO
2004-03-01,13.88711166381836,13.654022216796875,13.722578048706055,13.861974716186523,5226600.0,9.391517639160156,VLO
2004-03-02,13.882540702819824,13.462065696716309,13.859688758850098,13.462065696716309,6297500.0,9.120573997497559,VLO
2004-03-03,13.59460735321045,13.105575561523438,13.379798889160156,13.544332504272461,7330200.0,9.176315307617188,VLO
2004-03-04,13.553473472595215,13.39122486114502,13.544332504272461,13.553473472595215,3782100.0,9.182506561279297,VLO
2004-03-05,13.765995979309082,13.537477493286133,13.553473472595215,13.765995979309082,4445100.0,9.32649040222168,VLO
2004-03-08,14.053930282592773,13.765995979309082,13.765995979309082,13.896252632141113,5352200.0,9.414740562438965,VLO
2004-03-09,13.923674583435059,13.660877227783203,13.896252632141113,13.663162231445312,5961400.0,9.256818771362305,VLO
2004-03-10,13.809414863586426,13.475776672363281,13.690585136413574,13.478062629699707,8953200.0,9.131415367126465,VLO
2004-03-11,13.448354721069336,13.178702354431152,13.414076805114746,13.196983337402344,6308400.0,8.940979957580566,VLO
2004-03-12,13.315813064575195,12.957037925720215,13.25411319732666,13.25411319732666,5949600.0,8.979687690734863,VLO
2004-03-15,13.25411319732666,12.913619995117188,13.25411319732666,12.968463897705078,9246000.0,8.786157608032227,VLO
2004-03-16,13.021023750305176,12.685100555419922,12.936471939086914,12.767367362976074,8808000.0,8.649920463562012,VLO
2004-03-17,13.053016662597656,12.797075271606445,12.82449722290039,13.016453742980957,7989700.0,8.818673133850098,VLO
2004-03-18,13.363802909851074,13.094149589538574,13.128427505493164,13.340950965881348,8923100.0,9.038519859313965,VLO
2004-03-19,13.642596244812012,13.272395133972168,13.368372917175293,13.28839111328125,5406900.0,9.002912521362305,VLO
2004-03-22,13.336380004882812,13.208409309387207,13.29067611694336,13.25411319732666,7472000.0,8.979687690734863,VLO
2004-03-23,13.436928749084473,13.276965141296387,13.318099021911621,13.311243057250977,7505200.0,9.018394470214844,VLO
2004-03-24,13.39122486114502,13.025593757629395,13.311243057250977,13.053016662597656,6471600.0,8.843445777893066,VLO
2004-03-25,13.094149589538574,12.85877513885498,13.082723617553711,12.922760963439941,6364400.0,8.755195617675781,VLO
2004-03-26,13.208409309387207,12.984460830688477,13.025593757629395,13.078153610229492,5789000.0,8.860474586486816,VLO
2004-03-29,13.446069717407227,13.137568473815918,13.139853477478027,13.38893985748291,4017100.0,9.071032524108887,VLO
2004-03-30,13.4597806930542,13.25411319732666,13.38893985748291,13.436928749084473,7435200.0,9.103548049926758,VLO
2004-03-31,13.711152076721191,13.484917640686035,13.676874160766602,13.702011108398438,7527100.0,9.283140182495117,VLO
2004-04-01,13.802559852600098,13.167276382446289,13.800273895263672,13.238117218017578,14250000.0,8.968849182128906,VLO
2004-04-02,13.238117218017578,12.771937370300293,13.235832214355469,12.867916107177734,14722100.0,8.718040466308594,VLO
2004-04-05,13.18555736541748,12.911334991455078,12.911334991455078,13.128427505493164,8055300.0,8.894537925720215,VLO
2004-04-06,13.228976249694824,12.947897911071777,13.199268341064453,13.021023750305176,6345200.0,8.821771621704102,VLO
2004-04-07,13.128427505493164,12.854205131530762,13.055301666259766,13.071297645568848,9155000.0,8.855831146240234,VLO
2004-04-08,13.311243057250977,13.089579582214355,13.25411319732666,13.208409309387207,5874300.0,8.948723793029785,VLO
2004-04-12,13.841407775878906,13.265539169311523,13.265539169311523,13.768281936645508,8614100.0,9.328042030334473,VLO
2004-04-13,14.218463897705078,13.674588203430176,13.955667495727539,13.68372917175293,10301900.0,9.270756721496582,VLO
2004-04-14,13.711152076721191,13.272395133972168,13.596892356872559,13.370657920837402,6815600.0,9.058649063110352,VLO
2004-04-15,13.544332504272461,13.272395133972168,13.432358741760254,13.39122486114502,9378600.0,9.07258129119873,VLO
2004-04-16,13.480347633361816,13.267824172973633,13.4232177734375,13.32266902923584,7139800.0,9.026134490966797,VLO
2004-04-19,13.539762496948242,13.359231948852539,13.427787780761719,13.416361808776855,8347200.0,9.089614868164062,VLO
2004-04-20,14.1133451461792,13.631170272827148,13.654022216796875,13.64945125579834,21088800.0,9.24753189086914,VLO
2004-04-21,13.768281936645508,13.32266902923584,13.768281936645508,13.626599311828613,6771800.0,9.232049942016602,VLO
2004-04-22,14.225319862365723,13.603747367858887,13.626599311828613,14.159049034118652,8002300.0,9.592784881591797,VLO
2004-04-23,14.138483047485352,13.802559852600098,14.138483047485352,13.925959587097168,6963500.0,9.434866905212402,VLO
2004-04-26,14.373857498168945,13.976234436035156,13.983089447021484,14.220749855041504,6260700.0,9.634587287902832,VLO
2004-04-27,14.545247077941895,14.170475006103516,14.24817180633545,14.298445701599121,5887900.0,9.687226295471191,VLO
2004-04-28,14.842321395874023,14.319012641906738,14.396709442138672,14.728062629699707,84719300.0,9.978289604187012,VLO
2004-04-29,14.908592224121094,14.40127944946289,14.785191535949707,14.549817085266113,14636800.0,9.857527732849121,VLO
2004-04-30,14.814899444580078,14.510969161987305,14.602376937866211,14.57038402557373,7665800.0,9.871461868286133,VLO
2004-05-03,14.851462364196777,14.430987358093262,14.57038402557373,14.840036392211914,10700600.0,10.054158210754395,VLO
2004-05-04,15.095977783203125,14.808043479919434,14.853747367858887,15.009140968322754,8926600.0,10.168725967407227,VLO
2004-05-05,15.17138957977295,14.833181381225586,15.013710975646973,15.084551811218262,9144000.0,10.219816207885742,VLO
2004-05-06,15.173674583435059,14.785191535949707,15.130255699157715,14.888025283813477,7082500.0,10.086665153503418,VLO
2004-05-07,14.940585136413574,14.661791801452637,14.888025283813477,14.728062629699707,7134100.0,9.978289604187012,VLO
2004-05-10,14.524680137634277,14.181900978088379,14.524680137634277,14.305301666259766,8762900.0,9.69187068939209,VLO
2004-05-11,14.732632637023926,14.307586669921875,14.307586669921875,14.718921661376953,7169600.0,9.972094535827637,VLO
2004-05-12,14.910877227783203,14.542962074279785,14.819469451904297,14.853747367858887,6567500.0,10.063446044921875,VLO
2004-05-13,14.938300132751465,14.682358741760254,14.819469451904297,14.798903465270996,4690600.0,10.026286125183105,VLO
2004-05-14,15.132540702819824,14.74177360534668,14.801188468933105,15.06855583190918,6598500.0,10.208976745605469,VLO
2004-05-17,15.356490135192871,15.00228500366211,15.164533615112305,15.020566940307617,6704000.0,10.27878475189209,VLO
2004-05-18,15.020566940307617,14.490402221679688,15.020566940307617,14.53839111328125,9525600.0,9.948823928833008,VLO
2004-05-19,14.725776672363281,14.462980270385742,14.611516952514648,14.53839111328125,9634200.0,9.948823928833008,VLO
2004-05-20,14.618372917175293,14.341864585876465,14.549817085266113,14.341864585876465,5357500.0,9.814340591430664,VLO
2004-05-21,14.611516952514648,14.408135414123535,14.453839302062988,14.524680137634277,6843600.0,9.939440727233887,VLO
2004-05-24,14.86288833618164,14.476691246032715,14.625228881835938,14.853747367858887,11380600.0,10.164628028869629,VLO
2004-05-25,15.013710975646973,14.819469451904297,14.860603332519531,14.958866119384766,11496100.0,10.236560821533203,VLO
2004-05-26,15.173674583435059,14.924588203430176,15.082266807556152,15.086837768554688,9508100.0,10.324132919311523,VLO
2004-05-27,15.15539264678955,14.785191535949707,15.139396667480469,14.849177360534668,9984200.0,10.161500930786133,VLO
2004-05-28,15.118829727172852,14.83089542388916,14.849177360534668,15.107403755187988,5964900.0,10.33820629119873,VLO
2004-06-01,15.701554298400879,15.16910457611084,15.219378471374512,15.683272361755371,10396000.0,10.732280731201172,VLO
2004-06-02,15.75639820098877,15.301645278930664,15.710694313049316,15.310786247253418,8039100.0,10.477387428283691,VLO
2004-06-03,15.516453742980957,15.111974716186523,15.345064163208008,15.13711166381836,10516400.0,10.358534812927246,VLO
2004-06-04,15.191956520080566,14.677787780761719,15.191956520080566,14.84460735321045,13147200.0,10.158374786376953,VLO
2004-06-07,15.308501243591309,14.750913619995117,14.881170272827148,15.297075271606445,8059700.0,10.468005180358887,VLO
2004-06-08,15.516453742980957,14.748628616333008,15.297075271606445,14.771480560302734,12592800.0,10.108330726623535,VLO
2004-06-09,15.196526527404785,14.590950965881348,14.79661750793457,15.130255699157715,19087600.0,10.353843688964844,VLO
2004-06-10,15.196526527404785,14.894881248474121,15.166818618774414,14.984004020690918,9003100.0,10.253766059875488,VLO
2004-06-14,15.114259719848633,14.842321395874023,14.986289024353027,14.929159164428711,7130200.0,10.21623420715332,VLO
2004-06-15,15.411334991455078,15.070840835571289,15.070840835571289,15.319927215576172,8500300.0,10.48363971710205,VLO
2004-06-16,15.740402221679688,15.388483047485352,15.420475006103516,15.56444263458252,8433800.0,10.650967597961426,VLO
2004-06-17,15.902650833129883,15.49588680267334,15.580438613891602,15.882083892822266,8933600.0,10.868334770202637,VLO
2004-06-18,16.06032943725586,15.836380004882812,15.870657920837402,16.028335571289062,9353700.0,10.968411445617676,VLO
2004-06-21,16.430530548095703,16.026050567626953,16.366544723510742,16.039762496948242,12231700.0,10.976234436035156,VLO
2004-06-22,16.339122772216797,16.04433250427246,16.04433250427246,16.3231258392334,8222000.0,11.170143127441406,VLO
2004-06-23,16.994972229003906,16.339122772216797,16.339122772216797,16.9766902923584,13174800.0,11.617385864257812,VLO
2004-06-24,17.116086959838867,16.798446655273438,16.96755027770996,16.800731658935547,7234800.0,11.496979713439941,VLO
2004-06-25,16.937843322753906,16.64533805847168,16.70703887939453,16.720748901367188,5009600.0,11.442239761352539,VLO
2004-06-28,16.8304386138916,16.31855583190918,16.796161651611328,16.407678604125977,8297300.0,11.22800064086914,VLO
2004-06-29,16.57906723022461,16.361974716186523,16.38025665283203,16.489944458007812,6271600.0,11.28429889678955,VLO
2004-06-30,16.91727638244629,16.544790267944336,16.595064163208008,16.855575561523438,6117600.0,11.53451156616211,VLO
2004-07-01,17.10923194885254,16.807586669921875,16.876142501831055,17.095521926879883,6403800.0,11.698709487915039,VLO
2004-07-02,17.278335571289062,16.97212028503418,17.081809997558594,17.17093276977539,4644600.0,11.750310897827148,VLO
2004-07-06,17.595977783203125,17.276050567626953,17.321754455566406,17.314899444580078,7442200.0,11.84882640838623,VLO
2004-07-07,17.728519439697266,17.180072784423828,17.314899444580078,17.728519439697266,7279400.0,12.131874084472656,VLO
2004-07-08,17.847349166870117,17.344606399536133,17.728519439697266,17.36288833618164,10061700.0,11.881667137145996,VLO
2004-07-09,17.56398582458496,17.401737213134766,17.413162231445312,17.41773223876953,5354000.0,11.919195175170898,VLO
2004-07-12,17.62568473815918,17.207494735717773,17.534276962280273,17.328611373901367,7240900.0,11.858211517333984,VLO
2004-07-13,17.458866119384766,17.22577667236328,17.333181381225586,17.392595291137695,5037600.0,11.901992797851562,VLO
2004-07-14,17.70109748840332,17.31032943725586,17.335466384887695,17.527421951293945,9162900.0,11.994260787963867,VLO
2004-07-15,17.584552764892578,17.31032943725586,17.5731258392334,17.474863052368164,8657400.0,11.958293914794922,VLO
2004-07-16,18.01645278930664,17.794790267944336,17.88162612915039,17.90904998779297,11919700.0,12.255411148071289,VLO
2004-07-19,17.952468872070312,17.68967056274414,17.911334991455078,17.75594139099121,7317900.0,12.150641441345215,VLO
2004-07-20,17.813072204589844,17.56398582458496,17.801645278930664,17.641681671142578,6492200.0,12.072449684143066,VLO
2004-07-21,17.721664428710938,16.83957862854004,17.669103622436523,16.935558319091797,11714100.0,11.589239120483398,VLO
2004-07-22,17.074954986572266,16.567642211914062,16.956125259399414,16.759597778320312,9623600.0,11.468826293945312,VLO
2004-07-23,16.878427505493164,16.636198043823242,16.759597778320312,16.862430572509766,5887400.0,11.539202690124512,VLO
2004-07-26,16.930986404418945,16.416818618774414,16.9195613861084,16.537933349609375,7212000.0,11.317139625549316,VLO
2004-07-27,16.819013595581055,16.170019149780273,16.45338249206543,16.748172760009766,11715400.0,11.461010932922363,VLO
2004-07-28,16.953838348388672,16.599634170532227,16.828153610229492,16.805301666259766,11160900.0,11.500102996826172,VLO
2004-07-29,17.344606399536133,16.825868606567383,17.02467918395996,17.166362762451172,24196600.0,11.747184753417969,VLO
2004-07-30,17.401737213134766,17.09323501586914,17.36745834350586,17.12065887451172,8290700.0,11.715909004211426,VLO
2004-08-02,17.16179084777832,16.887569427490234,17.16179084777832,17.013254165649414,9094200.0,11.64240837097168,VLO
2004-08-03,17.285192489624023,17.05210304260254,17.10466194152832,17.184642791748047,6186300.0,11.759695053100586,VLO
2004-08-04,17.1732177734375,16.499086380004883,17.132083892822266,16.528793334960938,13699900.0,11.310883522033691,VLO
2004-08-05,16.64762306213379,15.345064163208008,16.531078338623047,15.42504596710205,30489300.0,10.555572509765625,VLO
2004-08-06,15.585009574890137,15.253656387329102,15.42504596710205,15.470749855041504,16385000.0,10.586853981018066,VLO
2004-08-09,16.035192489624023,15.500456809997559,15.539305686950684,15.927787780761719,10930800.0,11.006324768066406,VLO
2004-08-10,15.914076805114746,15.587294578552246,15.882083892822266,15.621572494506836,14044700.0,10.794720649719238,VLO
2004-08-11,15.623857498168945,14.769195556640625,15.623857498168945,14.93144416809082,23024700.0,10.31783390045166,VLO
2004-08-12,15.217093467712402,14.849177360534668,15.070840835571289,14.881170272827148,10484000.0,10.283096313476562,VLO
2004-08-13,15.46160888671875,14.910877227783203,14.910877227783203,15.212522506713867,7311800.0,10.512065887451172,VLO
2004-08-16,15.635283470153809,15.105118751525879,15.196526527404785,15.532449722290039,9702900.0,10.733142852783203,VLO
2004-08-17,15.534734725952148,14.666361808776855,15.532449722290039,14.70749568939209,18173000.0,10.163084030151367,VLO
2004-08-18,14.995429992675781,14.556673049926758,14.739487648010254,14.876599311828613,19139300.0,10.279936790466309,VLO
2004-08-19,15.196526527404785,14.915448188781738,15.162248611450195,15.020566940307617,11065100.0,10.37942123413086,VLO
2004-08-20,15.32906723022461,14.940585136413574,15.043418884277344,15.011425971984863,9376400.0,10.3731050491333,VLO
2004-08-23,15.130255699157715,14.686928749084473,15.052559852600098,14.716636657714844,9055600.0,10.169400215148926,VLO
2004-08-24,14.888025283813477,14.529250144958496,14.718921661376953,14.76233959197998,10757000.0,10.200982093811035,VLO
2004-08-25,15.006855964660645,14.588665008544922,15.00228500366211,14.819469451904297,8584300.0,10.240457534790039,VLO
2004-08-26,15.063985824584961,14.6366548538208,14.821755409240723,15.03427791595459,7719200.0,10.388895034790039,VLO
2004-08-27,15.143966674804688,14.869744300842285,14.981718063354492,15.091407775878906,5029300.0,10.42837142944336,VLO
2004-08-30,15.182815551757812,14.728062629699707,15.050273895263672,14.819469451904297,5494500.0,10.240457534790039,VLO
2004-08-31,15.130255699157715,14.760054588317871,14.842321395874023,15.089122772216797,6132900.0,10.426794052124023,VLO
2004-09-01,15.49588680267334,15.105118751525879,15.109688758850098,15.406764030456543,10861600.0,10.646289825439453,VLO
2004-09-02,15.580438613891602,15.178244590759277,15.436471939086914,15.342779159545898,7902100.0,10.602073669433594,VLO
2004-09-03,15.3633451461792,15.082266807556152,15.345064163208008,15.127970695495605,6938100.0,10.453634262084961,VLO
2004-09-07,15.457037925720215,14.693784713745117,15.013710975646973,15.436471939086914,16709700.0,10.666817665100098,VLO
2004-09-08,15.486745834350586,15.205667495727539,15.287934303283691,15.242230415344238,8403600.0,10.532593727111816,VLO
2004-09-09,15.975776672363281,15.205667495727539,15.207952499389648,15.941498756408691,12892500.0,11.01579761505127,VLO
2004-09-10,15.879798889160156,15.610146522521973,15.877513885498047,15.696983337402344,10103700.0,10.846834182739258,VLO
2004-09-13,16.25,15.813528060913086,15.870657920837402,16.240859985351562,10368400.0,11.222661018371582,VLO
2004-09-14,16.663619995117188,16.281991958618164,16.350547790527344,16.567642211914062,12464500.0,11.448468208312988,VLO
2004-09-15,16.84186553955078,16.391681671142578,16.679616928100586,16.421388626098633,11733300.0,11.347405433654785,VLO
2004-09-16,16.396251678466797,16.227148056030273,16.396251678466797,16.31627082824707,6379300.0,11.274770736694336,VLO
2004-09-17,16.567642211914062,16.343692779541016,16.352832794189453,16.476234436035156,8518700.0,11.385307312011719,VLO
2004-09-20,16.677330017089844,16.480804443359375,16.613346099853516,16.565357208251953,6652300.0,11.446889877319336,VLO
2004-09-21,17.493144989013672,16.6499080657959,16.761882781982422,17.440584182739258,11559200.0,12.051685333251953,VLO
2004-09-22,17.470293045043945,17.2463436126709,17.337751388549805,17.287477493286133,10935100.0,11.945887565612793,VLO
2004-09-23,17.44287109375,16.933273315429688,17.287477493286133,17.273765563964844,7819400.0,11.936412811279297,VLO
2004-09-24,17.8427791595459,17.29890251159668,17.330896377563477,17.749086380004883,15684400.0,12.26486587524414,VLO
2004-09-27,17.833637237548828,17.4840030670166,17.806215286254883,17.607404708862305,8186600.0,12.166959762573242,VLO
2004-09-28,18.258684158325195,17.83820915222168,17.938756942749023,18.073583602905273,16226600.0,12.48909854888916,VLO
2004-09-29,18.208410263061523,17.76736831665039,18.208410263061523,17.95018196105957,11013900.0,12.403828620910645,VLO
2004-09-30,18.55347442626953,17.968463897705078,18.002742767333984,18.329524993896484,10840600.0,12.66595458984375,VLO
2004-10-01,18.596891403198242,18.21755027770996,18.594606399536133,18.567184448242188,7843900.0,12.830182075500488,VLO
2004-10-04,18.738574981689453,18.4232177734375,18.578611373901367,18.464351654052734,8393600.0,12.759122848510742,VLO
2004-10-05,19.232175827026367,18.73628807067871,18.738574981689453,19.127056121826172,14449500.0,13.217061996459961,VLO
2004-10-06,19.79204750061035,18.90082359313965,19.184186935424805,19.760055541992188,12721900.0,13.6544771194458,VLO
2004-10-07,20.159963607788086,19.380712509155273,19.949726104736328,19.53839111328125,14267900.0,13.501300811767578,VLO
2004-10-08,19.789762496948242,19.049360275268555,19.433273315429688,19.186471939086914,9272300.0,13.258116722106934,VLO
2004-10-11,19.510969161987305,18.898536682128906,19.492687225341797,19.07221221923828,7081000.0,13.179165840148926,VLO
2004-10-12,19.41042137145996,18.670019149780273,19.1499080657959,19.02193832397461,6681400.0,13.144426345825195,VLO
2004-10-13,18.743144989013672,17.746801376342773,18.738574981689453,18.4232177734375,11402500.0,12.730695724487305,VLO
2004-10-14,19.049360275268555,18.464351654052734,18.49177360534668,18.857404708862305,8437800.0,13.030729293823242,VLO
2004-10-15,19.026508331298828,18.40950584411621,19.01279640197754,18.69744110107422,6857800.0,12.92019271850586,VLO
2004-10-18,18.921388626098633,18.199268341064453,18.74771499633789,18.276966094970703,7104200.0,12.629636764526367,VLO
2004-10-19,18.62431526184082,17.938756942749023,18.062156677246094,18.500913619995117,7641100.0,12.78438949584961,VLO
2004-10-20,19.300731658935547,18.4232177734375,18.537477493286133,19.19561195373535,9247300.0,13.264435768127441,VLO
2004-10-21,19.757770538330078,19.28244972229004,19.424131393432617,19.67550277709961,9743600.0,13.59604549407959,VLO
2004-10-22,19.99542999267578,19.52467918395996,19.721206665039062,19.588665008544922,5722200.0,13.53603744506836,VLO
2004-10-25,19.872028350830078,19.309871673583984,19.872028350830078,19.53382110595703,5827000.0,13.498146057128906,VLO
2004-10-26,19.990859985351562,19.33272361755371,19.908592224121094,19.766910552978516,7293200.0,13.65920639038086,VLO
2004-10-27,20.32906723022461,19.387569427490234,19.99542999267578,19.638938903808594,12913100.0,13.570775032043457,VLO
2004-10-28,19.73948860168457,18.848262786865234,19.60694694519043,19.117916107177734,8194200.0,13.210745811462402,VLO
2004-10-29,19.652650833129883,19.1499080657959,19.19561195373535,19.638938903808594,5872500.0,13.570775032043457,VLO
2004-11-01,20.086837768554688,19.204753875732422,20.086837768554688,19.346435546875,7930800.0,13.368656158447266,VLO
2004-11-02,19.579524993896484,18.925960540771484,19.424131393432617,19.044790267944336,8134500.0,13.160212516784668,VLO
2004-11-03,19.497257232666016,18.784276962280273,19.497257232666016,19.168190002441406,9778600.0,13.245487213134766,VLO
2004-11-04,19.392139434814453,18.843692779541016,19.168190002441406,19.373857498168945,8971600.0,13.387603759765625,VLO
2004-11-05,19.652650833129883,19.287019729614258,19.369287490844727,19.497257232666016,6377800.0,13.472875595092773,VLO
2004-11-08,19.241315841674805,18.578611373901367,19.20932388305664,18.738574981689453,7718100.0,13.00196361541748,VLO
2004-11-09,18.87568473815918,18.41864776611328,18.69287109375,18.651737213134766,5622000.0,12.94171142578125,VLO
2004-11-10,19.0767822265625,18.519195556640625,18.756855010986328,18.94881248474121,5752000.0,13.147842407226562,VLO
2004-11-11,19.181901931762695,18.69287109375,18.95338249206543,18.95338249206543,4070900.0,13.151009559631348,VLO
2004-11-12,19.364717483520508,18.81627082824707,19.01736831665039,19.314441680908203,4504400.0,13.401534080505371,VLO
2004-11-15,19.319013595581055,18.843692779541016,19.314441680908203,19.044790267944336,4711200.0,13.214432716369629,VLO
2004-11-16,19.456125259399414,19.104204177856445,19.309871673583984,19.168190002441406,4507700.0,13.300054550170898,VLO
2004-11-17,20.027421951293945,19.26416778564453,19.424131393432617,19.963436126708984,10013100.0,13.851845741271973,VLO
2004-11-18,20.429616928100586,19.748628616333008,20.05484390258789,20.37934112548828,7503300.0,14.140430450439453,VLO
2004-11-19,20.845521926879883,20.443326950073242,20.521024703979492,20.575868606567383,8061000.0,14.276787757873535,VLO
2004-11-22,21.18372917175293,20.639854431152344,20.84095001220703,21.12888526916504,7228200.0,14.660504341125488,VLO
2004-11-23,21.704753875732422,21.11517333984375,21.206581115722656,21.229433059692383,7084000.0,14.730271339416504,VLO
2004-11-24,21.595064163208008,20.955209732055664,21.595064163208008,21.334552764892578,6088700.0,14.803208351135254,VLO
2004-11-26,21.846435546875,21.412248611450195,21.435100555419922,21.76873779296875,2236100.0,15.104475021362305,VLO
2004-11-29,21.855575561523438,21.142595291137695,21.846435546875,21.480804443359375,4688600.0,14.904691696166992,VLO
2004-11-30,21.567642211914062,20.98263168334961,21.480804443359375,21.38482666015625,6329400.0,14.838099479675293,VLO
2004-12-01,21.393966674804688,20.361061096191406,21.393966674804688,20.402193069458008,9037000.0,14.156288146972656,VLO
2004-12-02,20.06398582458496,18.87568473815918,19.972578048706055,19.634368896484375,17340500.0,13.623519897460938,VLO
2004-12-03,20.178245544433594,19.236745834350586,19.26416778564453,19.87660026550293,9009000.0,13.791596412658691,VLO
2004-12-06,20.301645278930664,19.73491859436035,20.08226776123047,19.98628807067871,5392700.0,13.867700576782227,VLO
2004-12-07,19.9268741607666,19.296161651611328,19.91773223876953,19.300731658935547,6511000.0,13.3920259475708,VLO
2004-12-08,19.757770538330078,18.829980850219727,19.300731658935547,19.716636657714844,6605300.0,13.680606842041016,VLO
2004-12-09,19.9268741607666,19.382997512817383,19.7303466796875,19.680072784423828,5558800.0,13.655232429504395,VLO
2004-12-10,20.210237503051758,19.424131393432617,20.210237503051758,19.652650833129883,5224200.0,13.636202812194824,VLO
2004-12-13,20.33820915222168,19.80347442626953,19.830896377563477,20.301645278930664,5862500.0,14.086525917053223,VLO
2004-12-14,20.557586669921875,19.84917640686035,20.39762306213379,19.972578048706055,6664600.0,13.858192443847656,VLO
2004-12-15,20.92778778076172,19.963436126708984,20.022851943969727,20.92778778076172,8312600.0,14.520971298217773,VLO
2004-12-16,21.078611373901367,20.479890823364258,20.92778778076172,20.626142501831055,5002600.0,14.311674118041992,VLO
2004-12-17,20.767824172973633,20.470748901367188,20.489030838012695,20.548446655273438,5822900.0,14.257763862609863,VLO
2004-12-20,20.818098068237305,20.383913040161133,20.66270637512207,20.59872055053711,3497500.0,14.29265308380127,VLO
2004-12-21,20.97806167602539,20.292505264282227,20.767824172973633,20.97806167602539,5163600.0,14.555859565734863,VLO
2004-12-22,21.243144989013672,19.890310287475586,21.023765563964844,20.53473472595215,6721500.0,14.248248100280762,VLO
2004-12-23,20.891225814819336,20.498172760009766,20.703838348388672,20.626142501831055,3020500.0,14.311674118041992,VLO
2004-12-27,20.680986404418945,19.99542999267578,20.630712509155273,20.036563873291016,4000300.0,13.90258502960205,VLO
2004-12-28,20.47532081604004,20.036563873291016,20.050273895263672,20.297075271606445,3237500.0,14.08335018157959,VLO
2004-12-29,20.548446655273438,20.178245544433594,20.347349166870117,20.46160888671875,2950700.0,14.197505950927734,VLO
2004-12-30,20.53473472595215,20.33820915222168,20.46617889404297,20.425045013427734,2051200.0,14.172138214111328,VLO
2004-12-31,20.882083892822266,20.429616928100586,20.47532081604004,20.749542236328125,2903000.0,14.397293090820312,VLO
2005-01-03,20.699268341064453,19.597806930541992,20.694698333740234,19.680072784423828,6442100.0,13.655232429504395,VLO
2005-01-04,20.031991958618164,19.666362762451172,19.766910552978516,19.684642791748047,5729400.0,13.658404350280762,VLO
2005-01-05,20.06855583190918,19.232175827026367,19.79890251159668,19.26873779296875,7802400.0,13.36982536315918,VLO
2005-01-06,19.940584182739258,19.20018196105957,19.2733097076416,19.844606399536133,7185300.0,13.769396781921387,VLO
2005-01-07,19.88117027282715,19.309871673583984,19.858318328857422,19.780622482299805,5539100.0,13.725003242492676,VLO
2005-01-10,20.420475006103516,19.885740280151367,20.009140014648438,20.018281936645508,5811700.0,13.889902114868164,VLO
2005-01-11,20.361061096191406,20.045703887939453,20.105119705200195,20.26508140563965,5219000.0,14.061148643493652,VLO
2005-01-12,20.795246124267578,19.990859985351562,20.26508140563965,20.73126220703125,6974400.0,14.384613037109375,VLO
2005-01-13,21.72760581970215,20.543874740600586,20.543874740600586,21.467092514038086,11446900.0,14.895177841186523,VLO
2005-01-14,21.997257232666016,21.297988891601562,21.462522506713867,21.946983337402344,9156500.0,15.228153228759766,VLO
2005-01-18,22.96160888671875,22.1892147064209,22.212066650390625,22.36745834350586,11187000.0,15.519905090332031,VLO
2005-01-19,22.833637237548828,22.184642791748047,22.394880294799805,22.24405860900879,5669500.0,15.434282302856445,VLO
2005-01-20,22.372028350830078,21.70932388305664,22.166362762451172,21.992687225341797,5875800.0,15.259865760803223,VLO
2005-01-21,22.61882972717285,22.16179084777832,22.221206665039062,22.24405860900879,6267500.0,15.434282302856445,VLO
2005-01-24,22.83820915222168,22.330896377563477,22.82906723022461,22.330896377563477,5122900.0,15.49453353881836,VLO
2005-01-25,22.68738555908203,21.98354721069336,22.440584182739258,22.148080825805664,5864900.0,15.36768913269043,VLO
2005-01-26,22.751371383666992,22.180072784423828,22.36288833618164,22.70109748840332,6294600.0,15.75140380859375,VLO
2005-01-27,23.400365829467773,22.70566749572754,22.806215286254883,23.395795822143555,6077600.0,16.233427047729492,VLO
2005-01-28,23.468921661376953,22.938756942749023,23.395795822143555,23.16270637512207,3490000.0,16.071693420410156,VLO
2005-01-31,23.848262786865234,22.883913040161133,23.126142501831055,23.779706954956055,5645000.0,16.499807357788086,VLO
2005-02-01,26.064899444580078,24.520109176635742,24.840036392211914,26.032907485961914,18270000.0,18.063217163085938,VLO
2005-02-02,27.51371192932129,26.211151123046875,26.2659969329834,27.020109176635742,14540500.0,18.748191833496094,VLO
2005-02-03,28.208410263061523,26.6499080657959,26.96526527404785,27.97532081604004,12598900.0,19.410980224609375,VLO
2005-02-04,28.117002487182617,27.48628807067871,27.97532081604004,27.76051139831543,9997800.0,19.261932373046875,VLO
2005-02-07,27.8427791595459,26.480804443359375,27.76508140563965,26.663619995117188,13362500.0,18.500852584838867,VLO
2005-02-08,27.184642791748047,26.348262786865234,26.599634170532227,27.125228881835938,10398900.0,18.821134567260742,VLO
2005-02-09,27.454296112060547,26.595064163208008,27.056673049926758,26.846435546875,6635900.0,18.627696990966797,VLO
2005-02-10,28.053016662597656,26.90584945678711,27.05210304260254,27.989030838012695,7355100.0,19.42049217224121,VLO
2005-02-11,28.36837387084961,27.751371383666992,28.043874740600586,28.075868606567383,6348700.0,19.480754852294922,VLO
2005-02-14,28.56032943725586,28.007312774658203,28.107860565185547,28.212980270385742,7468900.0,19.63182258605957,VLO
2005-02-15,28.67915916442871,28.135282516479492,28.212980270385742,28.382083892822266,6286700.0,19.74949836730957,VLO
2005-02-16,29.067642211914062,28.267824172973633,28.450639724731445,28.980804443359375,8297100.0,20.166105270385742,VLO
2005-02-17,29.53839111328125,28.537477493286133,29.095064163208008,28.537477493286133,8897000.0,19.85761833190918,VLO
2005-02-18,30.223949432373047,28.670019149780273,28.69744110107422,29.830896377563477,11719300.0,20.75763702392578,VLO
2005-02-22,31.215723037719727,30.301645278930664,30.59872055053711,30.365631103515625,15013300.0,21.129724502563477,VLO
2005-02-23,30.758684158325195,29.981718063354492,30.39305305480957,30.690128326416016,7741800.0,21.355527877807617,VLO
2005-02-24,31.549360275268555,30.66727638244629,30.767824172973633,31.462522506713867,10680200.0,21.893001556396484,VLO
2005-02-25,33.68373107910156,31.30712890625,31.467092514038086,33.31809997558594,12432400.0,23.18417739868164,VLO
2005-02-28,34.227603912353516,29.93601417541504,33.50091552734375,32.55941390991211,24802700.0,22.656261444091797,VLO
2005-03-01,32.294334411621094,30.973491668701172,32.22120666503906,31.106033325195312,15164300.0,21.644939422607422,VLO
2005-03-02,32.17550277709961,31.078611373901367,31.106033325195312,31.887569427490234,13809700.0,22.188766479492188,VLO
2005-03-03,33.17641830444336,32.052101135253906,32.83820724487305,33.06672668457031,10180900.0,23.00926971435547,VLO
2005-03-04,34.00822830200195,32.70109558105469,33.07129669189453,33.75685501098633,9135500.0,23.489486694335938,VLO
2005-03-07,33.93510055541992,32.83820724487305,33.75685501098633,33.272396087646484,11432700.0,23.15238380432129,VLO
2005-03-08,33.88482666015625,32.792503356933594,33.272396087646484,33.5466194152832,11400100.0,23.343196868896484,VLO
2005-03-09,35.26051330566406,33.07129669189453,33.70201110839844,33.07129669189453,21583000.0,23.012453079223633,VLO
2005-03-10,33.01188278198242,30.936927795410156,32.90676498413086,31.531078338623047,25175300.0,21.940698623657227,VLO
2005-03-11,31.819013595581055,31.12431526184082,31.531078338623047,31.5036563873291,18404500.0,21.921615600585938,VLO
2005-03-14,31.58135223388672,30.086837768554688,31.535648345947266,30.836380004882812,16642300.0,21.45730209350586,VLO
2005-03-15,31.170019149780273,30.233089447021484,30.8500919342041,30.306215286254883,11681500.0,21.088390350341797,VLO
2005-03-16,31.165447235107422,29.437843322753906,30.095977783203125,30.863801956176758,17861300.0,21.476383209228516,VLO
2005-03-17,32.06124496459961,31.352832794189453,31.535648345947266,31.951553344726562,18055800.0,22.233280181884766,VLO
2005-03-18,32.0840950012207,31.5767822265625,31.956125259399414,31.76416778564453,9789300.0,22.1028995513916,VLO
2005-03-21,31.7733097076416,30.85466194152832,31.76416778564453,31.38482666015625,9554500.0,21.838937759399414,VLO
2005-03-22,32.541133880615234,31.160877227783203,31.467092514038086,31.549360275268555,12742900.0,21.953418731689453,VLO
2005-03-23,32.95246887207031,31.30712890625,31.549360275268555,32.88848114013672,22446900.0,22.88524627685547,VLO
2005-03-24,33.711151123046875,32.56855392456055,33.36380386352539,33.0073127746582,16559200.0,22.96792984008789,VLO
2005-03-28,33.31809997558594,32.344608306884766,32.95703887939453,32.3857421875,12029800.0,22.535415649414062,VLO
2005-03-29,32.650821685791016,31.421388626098633,32.3765983581543,31.51736831665039,13620300.0,21.931161880493164,VLO
2005-03-30,32.17550277709961,30.99177360534668,31.64533805847168,32.17550277709961,14237900.0,22.38912010192871,VLO
2005-03-31,33.81169891357422,32.56398391723633,32.63254165649414,33.48720169067383,16464700.0,23.301860809326172,VLO
2005-04-01,35.66270446777344,34.13619613647461,34.73491668701172,35.539306640625,21826800.0,24.729801177978516,VLO
2005-04-04,36.425960540771484,34.50639724731445,36.288848876953125,35.0319938659668,23441100.0,24.376787185668945,VLO
2005-04-05,35.53473663330078,34.16361999511719,35.036563873291016,34.45155334472656,13901800.0,23.97289276123047,VLO
2005-04-06,36.65447998046875,34.232173919677734,34.460693359375,36.64076614379883,21878600.0,25.496234893798828,VLO
2005-04-07,37.45429611206055,35.502742767333984,36.97440719604492,35.89579391479492,25420800.0,24.977863311767578,VLO
2005-04-08,36.284278869628906,35.20109558105469,35.882083892822266,35.283363342285156,16131000.0,24.551706314086914,VLO
2005-04-11,35.365631103515625,34.28245162963867,35.100547790527344,34.958866119384766,18596900.0,24.32590103149414,VLO
2005-04-12,35.10968780517578,33.5466194152832,34.91773223876953,34.035648345947266,17988400.0,23.683490753173828,VLO
2005-04-13,34.60694885253906,33.249542236328125,33.843692779541016,33.3912239074707,16092300.0,23.235071182250977,VLO
2005-04-14,34.0447883605957,32.90676498413086,33.62431335449219,32.98903274536133,14028700.0,22.955204010009766,VLO
2005-04-15,32.8839111328125,30.39305305480957,32.50914001464844,30.900365829467773,24536000.0,21.501827239990234,VLO
2005-04-18,32.216636657714844,29.821754455566406,30.53016471862793,32.079524993896484,18390700.0,22.32232666015625,VLO
2005-04-19,33.9625244140625,32.6234016418457,32.71480941772461,33.82998275756836,18686300.0,23.54037857055664,VLO
2005-04-20,35.07769775390625,33.249542236328125,33.93510055541992,33.58774948120117,23050300.0,23.37181854248047,VLO
2005-04-21,34.45612335205078,31.787019729614258,33.36380386352539,34.33729553222656,20805400.0,23.89337921142578,VLO
2005-04-22,34.91773223876953,33.5466194152832,34.33729553222656,34.29616165161133,12350800.0,23.86475944519043,VLO
2005-04-25,36.08317947387695,33.94424057006836,34.29616165161133,34.67550277709961,34043300.0,24.12871551513672,VLO
2005-04-26,34.89031219482422,33.45064163208008,34.87202835083008,33.47806167602539,14943300.0,23.295495986938477,VLO
2005-04-27,33.459781646728516,31.329980850219727,33.36380386352539,31.499086380004883,28978900.0,21.918445587158203,VLO
2005-04-28,31.741315841674805,30.278793334960938,31.5036563873291,30.85466194152832,21700100.0,21.470022201538086,VLO
2005-04-29,31.76416778564453,30.808958053588867,31.69561195373535,31.32084083557129,19035300.0,21.794408798217773,VLO
2005-05-02,31.44424057006836,30.484460830688477,31.275136947631836,31.32084083557129,19201200.0,21.794408798217773,VLO
2005-05-03,31.032907485961914,29.79890251159668,30.85923194885254,30.0731258392334,17565000.0,20.926191329956055,VLO
2005-05-04,30.521024703979492,29.34186553955078,30.297075271606445,30.438756942749023,22534400.0,21.180614471435547,VLO
2005-05-05,31.11060333251953,30.37934112548828,30.507312774658203,30.676416397094727,14429800.0,21.345989227294922,VLO
2005-05-06,31.416818618774414,30.85466194152832,30.936927795410156,30.964351654052734,12256300.0,21.546348571777344,VLO
2005-05-09,31.37568473815918,30.900365829467773,31.30712890625,31.37568473815918,9596700.0,21.832571029663086,VLO
2005-05-10,31.924131393432617,30.895795822143555,31.293418884277344,31.032907485961914,12296900.0,21.59404754638672,VLO
2005-05-11,31.074039459228516,30.210237503051758,30.8500919342041,30.712980270385742,12282900.0,21.371431350708008,VLO
2005-05-12,30.59415054321289,28.22212028503418,30.575868606567383,28.3500919342041,23245900.0,19.72723388671875,VLO
2005-05-13,29.204753875732422,27.787933349609375,28.793418884277344,28.27239418029785,21693500.0,19.673168182373047,VLO
2005-05-16,28.199268341064453,26.416818618774414,28.039304733276367,27.723949432373047,31753500.0,19.36001205444336,VLO
2005-05-17,28.88482666015625,27.536563873291016,27.655393600463867,28.74771499633789,18886800.0,20.07492446899414,VLO
2005-05-18,29.570383071899414,28.656307220458984,29.250457763671875,28.893966674804688,22076000.0,20.177051544189453,VLO
2005-05-19,30.228519439697266,29.08135223388672,29.250457763671875,30.228519439697266,17062200.0,21.108991622924805,VLO
2005-05-20,30.365631103515625,29.666362762451172,30.365631103515625,29.79433250427246,10448700.0,20.805784225463867,VLO
2005-05-23,30.484460830688477,29.565813064575195,29.79890251159668,30.164533615112305,11468600.0,21.064302444458008,VLO
2005-05-24,30.98263168334961,30.51645278930664,30.767824172973633,30.813528060913086,11118900.0,21.517507553100586,VLO
2005-05-25,31.352832794189453,30.027421951293945,31.074039459228516,31.005483627319336,15706500.0,21.65155029296875,VLO
2005-05-26,31.58135223388672,31.078611373901367,31.284276962280273,31.38482666015625,9179500.0,21.91645622253418,VLO
2005-05-27,32.2303466796875,31.425960540771484,31.430530548095703,32.216636657714844,9700900.0,22.497314453125,VLO
2005-05-31,32.22120666503906,31.361974716186523,32.129798889160156,31.361974716186523,14283400.0,21.900487899780273,VLO
2005-06-01,32.783363342285156,31.636198043823242,31.6499080657959,32.58683776855469,11836800.0,22.755826950073242,VLO
2005-06-02,32.842777252197266,32.0840950012207,32.31261444091797,32.330894470214844,11457400.0,22.577104568481445,VLO
2005-06-03,33.112430572509766,32.35831832885742,32.44058609008789,32.83820724487305,12114000.0,22.93135643005371,VLO
2005-06-06,33.34552001953125,32.5319938659668,32.95703887939453,33.167274475097656,8565500.0,23.161155700683594,VLO
2005-06-07,33.592323303222656,32.36288833618164,33.117000579833984,32.458866119384766,10200400.0,22.666471481323242,VLO
2005-06-08,33.34095001220703,32.10694885253906,32.30347442626953,32.58226776123047,13856100.0,22.752647399902344,VLO
2005-06-09,33.729434967041016,32.669105529785156,32.678245544433594,33.706581115722656,12007700.0,23.537769317626953,VLO
2005-06-10,34.1087760925293,33.386653900146484,33.592323303222656,33.86197280883789,15105900.0,23.646272659301758,VLO
2005-06-13,34.02650833129883,33.249542236328125,33.592323303222656,33.66544723510742,12764100.0,23.509042739868164,VLO
2005-06-14,34.01736831665039,33.5466194152832,33.77513885498047,33.99908447265625,10240700.0,23.742023468017578,VLO
2005-06-15,34.92687225341797,33.82084274291992,34.117916107177734,34.707496643066406,15970400.0,24.236709594726562,VLO
2005-06-16,35.05027389526367,34.460693359375,34.66179275512695,35.05027389526367,9139200.0,24.476083755493164,VLO
2005-06-17,36.79159164428711,35.694698333740234,36.43510055541992,36.540218353271484,21064700.0,25.516523361206055,VLO
2005-06-20,37.591407775878906,36.7001838684082,37.0840950012207,36.997257232666016,15155600.0,25.835681915283203,VLO
2005-06-21,36.90584945678711,35.83638000488281,36.745887756347656,36.12431335449219,14495500.0,25.226104736328125,VLO
2005-06-22,36.77330780029297,35.754112243652344,36.421390533447266,36.77330780029297,14970200.0,25.679304122924805,VLO
2005-06-23,37.31718444824219,36.17458724975586,36.7001838684082,36.211151123046875,13010500.0,25.2867374420166,VLO
2005-06-24,36.677330017089844,35.831809997558594,36.558502197265625,36.366546630859375,8350500.0,25.395248413085938,VLO
2005-06-27,37.55941390991211,36.74131774902344,36.860145568847656,36.997257232666016,11746200.0,25.835681915283203,VLO
2005-06-28,36.95612335205078,35.754112243652344,36.85557556152344,35.89579391479492,13524200.0,25.06652069091797,VLO
2005-06-29,36.33455276489258,35.420475006103516,35.71297836303711,36.0694694519043,12011000.0,25.187793731689453,VLO
2005-06-30,36.677330017089844,35.946067810058594,36.22029113769531,36.156307220458984,8549300.0,25.248430252075195,VLO
2005-07-01,37.22120666503906,36.22486114501953,36.49908447265625,37.12522888183594,8666400.0,25.925050735473633,VLO
2005-07-05,38.85283279418945,37.65996170043945,37.68281555175781,38.82998275756836,15333200.0,27.11551284790039,VLO
2005-07-06,39.168190002441406,38.07586669921875,38.82998275756836,38.16270446777344,13697300.0,26.649534225463867,VLO
2005-07-07,39.00822830200195,37.330894470214844,37.330894470214844,38.9625244140625,15916300.0,27.20805549621582,VLO
2005-07-08,39.12248611450195,38.080440521240234,39.03107833862305,38.651737213134766,14007700.0,26.991029739379883,VLO
2005-07-11,38.69287109375,37.477149963378906,37.522850036621094,38.66544723510742,11415800.0,27.000606536865234,VLO
2005-07-12,39.442413330078125,38.734004974365234,38.8391227722168,38.9305305480957,10175200.0,27.185720443725586,VLO
2005-07-13,39.191043853759766,38.50091552734375,38.9305305480957,38.633453369140625,11393700.0,26.978267669677734,VLO
2005-07-14,39.01736831665039,36.864715576171875,38.711151123046875,36.997257232666016,16744300.0,25.835681915283203,VLO
2005-07-15,37.93418502807617,37.31718444824219,37.49085998535156,37.513710021972656,11958200.0,26.196334838867188,VLO
2005-07-18,37.24863052368164,36.22029113769531,37.24863052368164,36.755027770996094,10975800.0,25.666528701782227,VLO
2005-07-19,37.463436126708984,36.51736831665039,36.91498947143555,37.39488220214844,9281000.0,26.11334800720215,VLO
2005-07-20,37.54570388793945,36.563072204589844,37.36288833618164,37.00639724731445,9091700.0,25.842069625854492,VLO
2005-07-21,37.08866500854492,35.99177169799805,37.04753112792969,36.43510055541992,10369100.0,25.4431209564209,VLO
2005-07-22,38.135284423828125,36.677330017089844,36.7230339050293,38.09415054321289,12001600.0,26.60167121887207,VLO
2005-07-25,39.113346099853516,37.861061096191406,38.039306640625,38.50548553466797,14044300.0,26.888898849487305,VLO
2005-07-26,38.848262786865234,37.6142578125,38.788848876953125,37.71023941040039,15854000.0,26.333576202392578,VLO
2005-07-27,38.01188278198242,37.00639724731445,37.842777252197266,37.975318908691406,9841100.0,26.518680572509766,VLO
2005-07-28,38.436927795410156,37.70109558105469,38.327239990234375,37.943328857421875,9009300.0,26.4963436126709,VLO
2005-07-29,38.36380386352539,37.76508331298828,38.36380386352539,37.83363723754883,10252900.0,26.419736862182617,VLO
2005-08-01,38.2998161315918,37.91133499145508,38.117000579833984,38.04844665527344,8729600.0,26.569751739501953,VLO
2005-08-02,38.88025665283203,38.002742767333984,38.16270446777344,38.75685501098633,10796000.0,27.064441680908203,VLO
2005-08-03,40.13711166381836,38.848262786865234,39.0767822265625,39.515541076660156,18695300.0,27.5942440032959,VLO
2005-08-04,41.27970886230469,39.5840950012207,39.849178314208984,40.78610610961914,15716600.0,28.481496810913086,VLO
2005-08-05,41.12431335449219,39.6160888671875,40.904937744140625,40.365631103515625,14982900.0,28.18785858154297,VLO
2005-08-08,41.11974334716797,40.27879333496094,40.81352996826172,40.365631103515625,10676100.0,28.257862091064453,VLO
2005-08-09,40.84095001220703,39.99085998535156,40.365631103515625,40.749542236328125,7652300.0,28.526630401611328,VLO
2005-08-10,41.590492248535156,40.7769660949707,41.00091552734375,41.485374450683594,13909900.0,29.0417423248291,VLO
2005-08-11,42.37202835083008,41.5447883605957,41.887569427490234,42.37202835083008,17467600.0,29.66245460510254,VLO
2005-08-12,43.053016662597656,42.16179275512695,42.77879333496094,42.870201110839844,10785300.0,30.011180877685547,VLO
2005-08-15,42.95703887939453,42.321754455566406,42.810787200927734,42.89305114746094,9935700.0,30.027183532714844,VLO
2005-08-16,42.84735107421875,41.44424057006836,42.733089447021484,41.46709442138672,12787900.0,29.028953552246094,VLO
2005-08-17,42.16179275512695,39.10420608520508,41.36197280883789,39.54296112060547,26035600.0,27.681970596313477,VLO
2005-08-18,39.707496643066406,38.322669982910156,39.13162612915039,39.227603912353516,23459000.0,27.461193084716797,VLO
2005-08-19,40.32449722290039,39.45155334472656,39.74863052368164,40.169105529785156,12327400.0,28.120290756225586,VLO
2005-08-22,40.92778778076172,39.64807891845703,40.66270446777344,40.27422332763672,11547100.0,28.193885803222656,VLO
2005-08-23,40.71297836303711,39.67093276977539,40.53473663330078,40.35649108886719,9743300.0,28.251474380493164,VLO
2005-08-24,41.540218353271484,40.26508331298828,40.40219497680664,41.35740280151367,14774900.0,28.952157974243164,VLO
2005-08-25,41.24314498901367,40.71297836303711,41.17915725708008,40.8912239074707,9588400.0,28.62580680847168,VLO
2005-08-26,41.19287109375,40.475318908691406,40.91407775878906,40.84095001220703,10008700.0,28.590625762939453,VLO
2005-08-29,41.9926872253418,40.904937744140625,41.77330780029297,41.9926872253418,15012000.0,29.396879196166992,VLO
2005-08-30,44.419559478759766,42.03839111328125,42.0840950012207,44.23674774169922,28977400.0,30.967845916748047,VLO
2005-08-31,49.70292663574219,44.250457763671875,44.442413330078125,48.67458724975586,79132300.0,34.07455062866211,VLO
2005-09-01,51.75959777832031,48.788848876953125,50.27422332763672,50.04570388793945,57417400.0,35.034385681152344,VLO
2005-09-02,50.38848114013672,48.194698333740234,48.980804443359375,49.556671142578125,41543700.0,34.69203186035156,VLO
2005-09-06,50.2376594543457,48.267826080322266,49.78062057495117,50.00457000732422,31270400.0,35.00559616088867,VLO
2005-09-07,51.32541275024414,50.06855392456055,50.667274475097656,50.744972229003906,36789600.0,35.52391815185547,VLO
2005-09-08,51.50822830200195,50.26051330566406,51.0694694519043,50.946067810058594,23122300.0,35.66468811035156,VLO
2005-09-09,52.6142578125,51.50822830200195,51.73674774169922,52.54570388793945,28717500.0,36.784507751464844,VLO
2005-09-12,52.4680061340332,50.45703887939453,52.23948669433594,50.66270446777344,25407700.0,35.46630859375,VLO
2005-09-13,51.348262786865234,50.292503356933594,50.79524612426758,50.7769660949707,19086500.0,35.54629898071289,VLO
2005-09-14,51.407676696777344,50.38848114013672,51.18830108642578,50.73126220703125,21735300.0,35.514312744140625,VLO
2005-09-15,51.05118942260742,49.21846389770508,51.05118942260742,49.67550277709961,27018500.0,34.77521896362305,VLO
2005-09-16,50.04570388793945,49.040218353271484,49.78519058227539,49.382999420166016,20029800.0,34.57047653198242,VLO
2005-09-19,51.54935836791992,50.20109558105469,50.31992721557617,50.85466003417969,28271800.0,35.60070037841797,VLO
2005-09-20,50.71297836303711,49.382999420166016,50.71297836303711,49.908592224121094,19678200.0,34.93839645385742,VLO
2005-09-21,51.78245162963867,50.64442443847656,51.06489944458008,51.70932388305664,26779300.0,36.1989860534668,VLO
2005-09-22,53.41864776611328,50.05941390991211,52.45429611206055,51.553932189941406,36023600.0,36.0902099609375,VLO
2005-09-23,51.343692779541016,50.13711166381836,51.32541275024414,50.62614440917969,18360800.0,35.440731048583984,VLO
2005-09-26,51.74131774902344,49.58866500854492,49.81718444824219,51.66361999511719,20983500.0,36.1670036315918,VLO
2005-09-27,51.98354721069336,50.90036392211914,51.485374450683594,51.4533805847168,13767700.0,36.019832611083984,VLO
2005-09-28,53.25868225097656,50.93235778808594,51.87385559082031,53.07129669189453,26246300.0,37.1524543762207,VLO
2005-09-29,53.58774948120117,52.28519058227539,53.459781646728516,52.55484390258789,17327400.0,36.7909049987793,VLO
2005-09-30,52.37202835083008,51.53107833862305,52.23948669433594,51.672760009765625,12952900.0,36.173404693603516,VLO
2005-10-03,53.14899444580078,51.937843322753906,52.09780502319336,53.04387664794922,13338000.0,37.13324737548828,VLO
2005-10-04,52.678245544433594,51.24314498901367,52.60511779785156,51.425960540771484,13576700.0,36.00064468383789,VLO
2005-10-05,51.919559478759766,48.080440521240234,51.52193832397461,48.34095001220703,36256400.0,33.840980529785156,VLO
2005-10-06,47.89762496948242,45.475318908691406,46.617916107177734,47.09323501586914,45148700.0,32.96750259399414,VLO
2005-10-07,49.346435546875,47.25320053100586,47.98903274536133,49.2230339050293,26097100.0,34.4584846496582,VLO
2005-10-10,49.01736831665039,47.64168167114258,48.99451446533203,48.0073127746582,16917100.0,33.607425689697266,VLO
2005-10-11,49.47440719604492,48.446067810058594,48.56032943725586,49.177330017089844,15198900.0,34.42648696899414,VLO
2005-10-12,49.177330017089844,47.03382110595703,49.13162612915039,47.536563873291016,18060600.0,33.27786636352539,VLO
2005-10-13,47.04753112792969,44.65264892578125,46.869285583496094,45.83638000488281,29450600.0,32.087650299072266,VLO
2005-10-14,46.65904998779297,43.76142501831055,45.018280029296875,46.284278869628906,31436900.0,32.401206970214844,VLO
2005-10-17,47.98903274536133,46.82815170288086,47.76051330566406,47.29890441894531,15689200.0,33.111488342285156,VLO
2005-10-18,47.69195556640625,45.475318908691406,47.074954986572266,45.64442443847656,19153700.0,31.95328712463379,VLO
2005-10-19,45.81809997558594,42.870201110839844,45.64442443847656,45.2376594543457,34943000.0,31.668519973754883,VLO
2005-10-20,44.881168365478516,41.91498947143555,44.3784294128418,42.481719970703125,31165800.0,29.739240646362305,VLO
2005-10-21,44.08135223388672,42.15264892578125,42.50457000732422,43.25868225097656,23837600.0,30.283157348632812,VLO
2005-10-24,44.91316223144531,42.458866119384766,43.190128326416016,44.67550277709961,20764900.0,31.274978637695312,VLO
2005-10-25,46.74131774902344,44.744056701660156,44.904022216796875,46.18373107910156,20575700.0,32.33082962036133,VLO
2005-10-26,48.153564453125,45.479888916015625,46.019195556640625,46.133453369140625,25933700.0,32.29562759399414,VLO
2005-10-27,47.12065887451172,44.67550277709961,46.70932388305664,44.707496643066406,20288600.0,31.297391891479492,VLO
2005-10-28,45.59872055053711,43.23583221435547,44.97257614135742,45.475318908691406,24249100.0,31.83490753173828,VLO
2005-10-31,48.73857498168945,47.326324462890625,47.37202835083008,48.09872055053711,34331000.0,33.671390533447266,VLO
2005-11-01,48.446067810058594,47.5319938659668,47.870201110839844,48.35923385620117,19008000.0,33.853782653808594,VLO
2005-11-02,49.634368896484375,47.98903274536133,48.35923385620117,49.369285583496094,19902900.0,34.560855865478516,VLO
2005-11-03,50.8912239074707,49.794334411621094,50.00914001464844,50.342777252197266,17242300.0,35.24235153198242,VLO
2005-11-04,50.08683776855469,47.87477111816406,50.08683776855469,48.17184829711914,22816200.0,33.72260284423828,VLO
2005-11-07,48.10329055786133,46.68647003173828,47.58226776123047,47.23491668701172,24704200.0,33.13549041748047,VLO
2005-11-08,47.673675537109375,46.74131774902344,47.326324462890625,47.37202835083008,15658800.0,33.231685638427734,VLO
2005-11-09,47.30347442626953,45.42961502075195,47.30347442626953,45.498172760009766,25799100.0,31.917165756225586,VLO
2005-11-10,45.40676498413086,43.4232177734375,45.21023941040039,43.61974334716797,25287100.0,30.59943389892578,VLO
2005-11-11,44.904022216796875,43.60603332519531,44.040218353271484,44.01736831665039,15871500.0,30.87837028503418,VLO
2005-11-14,45.886653900146484,44.5840950012207,44.92687225341797,45.831809997558594,14638100.0,32.15121078491211,VLO
2005-11-15,46.617916107177734,44.80347442626953,45.831809997558594,44.80347442626953,20056500.0,31.429807662963867,VLO
2005-11-16,45.86380386352539,44.56124496459961,45.155391693115234,45.46160888671875,19249800.0,31.891510009765625,VLO
2005-11-17,46.023765563964844,44.81261444091797,45.70383834838867,45.40676498413086,16742700.0,31.8530330657959,VLO
2005-11-18,45.557586669921875,44.2230339050293,45.13254165649414,44.86745834350586,15148300.0,31.474699020385742,VLO
2005-11-21,45.41133499145508,44.56124496459961,44.99542999267578,45.24679946899414,17412100.0,31.740812301635742,VLO
2005-11-22,47.00639724731445,45.73126220703125,45.772396087646484,46.79159164428711,15107700.0,32.824493408203125,VLO
2005-11-23,46.50365447998047,45.70840835571289,46.38939666748047,45.96892166137695,16080700.0,32.24738693237305,VLO
2005-11-25,46.617916107177734,46.17001724243164,46.31626892089844,46.288848876953125,3358300.0,32.471824645996094,VLO
2005-11-28,45.886653900146484,43.53290557861328,45.70383834838867,43.542049407958984,24095700.0,30.54494285583496,VLO
2005-11-29,44.4698371887207,43.446067810058594,43.898536682128906,43.601463317871094,18307200.0,30.586606979370117,VLO
2005-11-30,44.42413330078125,43.61517333984375,43.75685501098633,43.96709442138672,15520500.0,30.84310531616211,VLO
2005-12-01,46.366546630859375,44.41498947143555,44.419559478759766,46.206581115722656,21051800.0,32.41409683227539,VLO
2005-12-02,47.16636276245117,46.229434967041016,46.38025665283203,46.52650833129883,16618200.0,32.63853073120117,VLO
2005-12-05,48.50091552734375,47.16636276245117,47.45429611206055,47.755943298339844,18421600.0,33.500980377197266,VLO
2005-12-06,48.24040222167969,46.87385559082031,47.522850036621094,47.650821685791016,12544600.0,33.42724609375,VLO
2005-12-07,48.81169891357422,47.189212799072266,47.8839111328125,47.522850036621094,14780800.0,33.33747100830078,VLO
2005-12-08,48.784278869628906,47.595977783203125,47.6462516784668,48.70201110839844,14279700.0,34.16464614868164,VLO
2005-12-09,48.523765563964844,47.783363342285156,48.22669219970703,48.19926834106445,11444300.0,33.81197738647461,VLO
2005-12-12,49.881168365478516,48.5374755859375,48.788848876953125,49.56581497192383,15599700.0,34.7706184387207,VLO
2005-12-13,50.822669982910156,49.67093276977539,49.75777053833008,49.81718444824219,17534800.0,34.946956634521484,VLO
2005-12-14,50.29707336425781,49.2001838684082,49.58866500854492,50.13711166381836,13227300.0,35.171390533447266,VLO
2005-12-15,50.041133880615234,48.135284423828125,49.81718444824219,48.848262786865234,15381400.0,34.26725387573242,VLO
2005-12-16,48.793418884277344,47.595977783203125,48.793418884277344,47.77879333496094,12070100.0,33.51702117919922,VLO
2005-12-19,48.66544723510742,47.001827239990234,48.16270446777344,47.34003829956055,9349900.0,33.209224700927734,VLO
2005-12-20,47.89762496948242,46.65447998046875,47.30347442626953,46.81901168823242,12145100.0,32.843719482421875,VLO
2005-12-21,48.446067810058594,47.056671142578125,47.12065887451172,48.37294387817383,9780500.0,33.93381881713867,VLO
2005-12-22,49.177330017089844,48.308956146240234,48.464351654052734,48.793418884277344,8318300.0,34.22876739501953,VLO
2005-12-23,48.601463317871094,47.82449722290039,48.40036392211914,48.29067611694336,5224000.0,33.87609100341797,VLO
2005-12-27,47.705665588378906,46.270565032958984,47.705665588378906,46.52650833129883,9274200.0,32.63853073120117,VLO
2005-12-28,47.76051330566406,46.71846389770508,46.946983337402344,47.41316223144531,7398300.0,33.260520935058594,VLO
2005-12-29,48.26325225830078,46.809871673583984,47.31261444091797,47.16636276245117,6755800.0,33.087398529052734,VLO
2005-12-30,47.57769775390625,46.4625244140625,46.73674774169922,47.16636276245117,9009500.0,33.087398529052734,VLO
2006-01-03,49.844608306884766,47.98903274536133,48.03473663330078,49.689212799072266,14467800.0,34.85719299316406,VLO
2006-01-04,50.39305114746094,48.94881057739258,48.99451446533203,50.19195556640625,10120300.0,35.20985412597656,VLO
2006-01-05,50.41133499145508,48.903106689453125,50.091407775878906,50.06398391723633,10188800.0,35.12009048461914,VLO
2006-01-06,51.590492248535156,50.630714416503906,51.14259719848633,51.08774948120117,11374400.0,35.83826446533203,VLO
2006-01-09,51.727603912353516,50.822669982910156,51.63619613647461,51.41682052612305,8373900.0,36.06911087036133,VLO
2006-01-10,53.29067611694336,51.371116638183594,51.535648345947266,51.89213943481445,12319700.0,36.40254211425781,VLO
2006-01-11,52.678245544433594,50.32906723022461,52.001827239990234,52.056671142578125,12701100.0,36.51797103881836,VLO
2006-01-12,53.957950592041016,52.129798889160156,52.77879333496094,52.4680061340332,11858600.0,36.8065299987793,VLO
2006-01-13,53.436927795410156,52.14807891845703,52.14807891845703,53.23583221435547,6808700.0,37.34514617919922,VLO
2006-01-17,55.21023941040039,54.14076614379883,55.036563873291016,55.0,11598400.0,38.58271789550781,VLO
2006-01-18,55.3016471862793,52.63254165649414,55.118831634521484,53.985374450683594,12042800.0,37.8709602355957,VLO
2006-01-19,55.39305114746094,53.793418884277344,54.387569427490234,55.04570388793945,12805400.0,38.61479568481445,VLO
2006-01-20,56.52650833129883,54.87202835083008,55.51188278198242,55.13711166381836,12649400.0,38.67890930175781,VLO
2006-01-23,56.014625549316406,54.20475387573242,54.86288833618164,55.91407775878906,9014000.0,39.22395706176758,VLO
2006-01-24,56.042049407958984,54.68007278442383,55.41133499145508,55.118831634521484,8618500.0,38.66608428955078,VLO
2006-01-25,55.89579391479492,52.669105529785156,55.84095001220703,53.35466003417969,13340400.0,37.42850875854492,VLO
2006-01-26,54.15904998779297,51.78245162963867,53.74771499633789,54.095062255859375,12710900.0,37.947906494140625,VLO
2006-01-27,55.42961502075195,54.12248611450195,54.826324462890625,54.89031219482422,8472800.0,38.50577163696289,VLO
2006-01-30,57.81535720825195,55.43875503540039,55.75868225097656,57.7696533203125,12438000.0,40.52565002441406,VLO
2006-01-31,58.22669219970703,55.57586669921875,56.76416778564453,57.06581497192383,15153100.0,40.03190612792969,VLO
2006-02-01,57.39488220214844,53.9305305480957,57.06581497192383,54.515541076660156,13322900.0,38.24286651611328,VLO
2006-02-02,54.844608306884766,52.60511779785156,54.3784294128418,53.18098831176758,13291600.0,37.30669021606445,VLO
2006-02-03,54.29616165161133,52.55941390991211,53.656307220458984,53.592323303222656,10674000.0,37.595237731933594,VLO
2006-02-06,55.255943298339844,53.70201110839844,54.6160888671875,54.387569427490234,7959000.0,38.15310287475586,VLO
2006-02-07,53.70201110839844,51.51736831665039,53.70201110839844,51.745887756347656,11390200.0,36.299957275390625,VLO
2006-02-08,52.266910552978516,49.908592224121094,52.10237503051758,51.10603332519531,14864300.0,35.851097106933594,VLO
2006-02-09,52.18464279174805,48.26325225830078,52.18464279174805,48.42778778076172,16789700.0,33.97228240966797,VLO
2006-02-10,48.47349166870117,45.3839111328125,48.47349166870117,46.29798889160156,35688100.0,32.47822570800781,VLO
2006-02-13,47.43144607543945,46.096893310546875,46.51736831665039,46.24314498901367,15693100.0,32.48184585571289,VLO
2006-02-14,45.886653900146484,43.866546630859375,44.881168365478516,45.475318908691406,17918400.0,31.94251823425293,VLO
2006-02-15,47.0840950012207,45.95064163208008,46.29798889160156,46.22486114501953,18809200.0,32.46901321411133,VLO
2006-02-16,49.2230339050293,46.98354721069336,47.23948669433594,49.195613861083984,18141300.0,34.55569076538086,VLO
2006-02-17,50.27422332763672,49.28702163696289,49.83546447753906,49.80804443359375,13172100.0,34.98588562011719,VLO
2006-02-21,51.96526336669922,50.502742767333984,51.17915725708008,50.749542236328125,13309100.0,35.6472053527832,VLO
2006-02-22,50.49360275268555,49.53382110595703,50.27422332763672,49.86288833618164,9196000.0,35.024410247802734,VLO
2006-02-23,50.941497802734375,48.67458724975586,49.634368896484375,50.13711166381836,9976900.0,35.2170295715332,VLO
2006-02-24,51.864715576171875,50.96892166137695,51.425960540771484,51.36197280883789,10221700.0,36.0773811340332,VLO
2006-02-27,50.95064163208008,50.292503356933594,50.91407775878906,50.6855583190918,6534000.0,35.602264404296875,VLO
2006-02-28,50.04570388793945,48.903106689453125,49.908592224121094,49.168190002441406,10990100.0,34.53645324707031,VLO
2006-03-01,50.54844665527344,49.45155334472656,49.48811721801758,50.21937942504883,8063200.0,35.27480697631836,VLO
2006-03-02,52.056671142578125,50.27422332763672,50.475318908691406,51.85557556152344,10753500.0,36.4240837097168,VLO
2006-03-03,52.27605056762695,51.18830108642578,51.371116638183594,51.66361999511719,8007200.0,36.28927230834961,VLO
2006-03-06,51.371116638183594,50.00914001464844,51.31626892089844,50.07312774658203,7393500.0,35.17207717895508,VLO
2006-03-07,50.365631103515625,48.16270446777344,50.091407775878906,49.03107833862305,10438400.0,34.44013214111328,VLO
2006-03-08,49.908592224121094,47.95246887207031,47.98903274536133,49.168190002441406,12744900.0,34.53645324707031,VLO
2006-03-09,49.86288833618164,48.574039459228516,49.57038497924805,48.68373107910156,8404900.0,34.19615936279297,VLO
2006-03-10,49.45155334472656,48.02559280395508,48.628883361816406,48.93967056274414,8372900.0,34.37593460083008,VLO
2006-03-13,50.98720169067383,49.177330017089844,49.177330017089844,50.86837387084961,10852600.0,35.73067855834961,VLO
2006-03-14,52.17550277709961,50.41133499145508,51.234004974365234,51.809871673583984,12738500.0,36.39199447631836,VLO
2006-03-15,52.83363723754883,51.32541275024414,51.38025665283203,52.72394943237305,12683300.0,37.03406524658203,VLO
2006-03-16,53.8391227722168,52.44058609008789,52.650821685791016,53.49177169799805,11657900.0,37.573387145996094,VLO
2006-03-17,53.9305305480957,52.7696533203125,53.921390533447266,52.88848114013672,8451600.0,37.14964294433594,VLO
2006-03-20,53.23583221435547,51.48994445800781,52.486289978027344,51.87385559082031,8935500.0,36.436946868896484,VLO
2006-03-21,53.244972229003906,51.41682052612305,51.64533996582031,51.946983337402344,7601700.0,36.488311767578125,VLO
2006-03-22,53.55575942993164,52.056671142578125,52.193782806396484,52.522850036621094,10217700.0,36.8928108215332,VLO
2006-03-23,54.24131774902344,53.01645278930664,53.09872055053711,53.74771499633789,9643900.0,37.75318145751953,VLO
2006-03-24,54.744056701660156,53.74771499633789,53.93967056274414,54.10420608520508,6384600.0,38.003562927246094,VLO
2006-03-27,54.6160888671875,53.446067810058594,53.85740280151367,54.3144416809082,6632800.0,38.151241302490234,VLO
2006-03-28,55.6215705871582,54.67093276977539,54.844608306884766,54.716636657714844,9084300.0,38.43375778198242,VLO
2006-03-29,55.767826080322266,54.305301666259766,54.524681091308594,55.1462516784668,11918500.0,38.73552322387695,VLO
2006-03-30,55.96892166137695,54.844608306884766,55.557586669921875,55.13711166381836,7376800.0,38.729095458984375,VLO
2006-03-31,54.92687225341797,53.976234436035156,54.92687225341797,54.64350891113281,6612200.0,38.382381439208984,VLO
2006-04-03,55.51188278198242,53.793418884277344,54.87202835083008,53.903106689453125,8722800.0,37.862327575683594,VLO
2006-04-04,54.79890441894531,53.50091552734375,53.5466194152832,54.6983528137207,8471400.0,38.4209098815918,VLO
2006-04-05,57.22120666503906,54.6160888671875,54.83546447753906,57.129798889160156,13727900.0,40.1287956237793,VLO
2006-04-06,57.93418502807617,56.32541275024414,57.43144607543945,57.404022216796875,11043800.0,40.3214111328125,VLO
2006-04-07,57.22120666503906,56.014625549316406,57.056671142578125,56.12431335449219,8841800.0,39.42251968383789,VLO
2006-04-10,57.870201110839844,57.10237503051758,57.30347442626953,57.212066650390625,9253700.0,40.18658447265625,VLO
2006-04-11,58.3912239074707,56.41682052612305,57.58683776855469,56.809871673583984,11148600.0,39.90406036376953,VLO
2006-04-12,58.35466003417969,56.95612335205078,57.2303466796875,58.2998161315918,10620400.0,40.95063018798828,VLO
2006-04-13,58.88482666015625,57.14807891845703,57.669105529785156,58.77513885498047,8709300.0,41.28449630737305,VLO
2006-04-17,60.05484390258789,59.35100555419922,59.634368896484375,60.00914001464844,8859400.0,42.15128707885742,VLO
2006-04-18,61.96526336669922,60.58501052856445,61.078609466552734,61.65447998046875,11384100.0,43.30699920654297,VLO
2006-04-19,63.272396087646484,61.43510055541992,61.76416778564453,63.062156677246094,11839200.0,44.2957649230957,VLO
2006-04-20,63.20840835571289,60.56672668457031,63.190128326416016,61.76416778564453,14132700.0,43.38404083251953,VLO
2006-04-21,63.73857498168945,61.398536682128906,62.138938903808594,63.10786056518555,12207700.0,44.32786560058594,VLO
2006-04-24,63.49177169799805,62.04753112792969,62.93418502807617,63.16270446777344,12185500.0,44.36639404296875,VLO
2006-04-25,64.67092895507812,59.80804443359375,64.21389770507812,60.60329055786133,26639700.0,42.56862258911133,VLO
2006-04-26,61.846435546875,57.22120666503906,61.078609466552734,57.678245544433594,25430000.0,40.51402282714844,VLO
2006-04-27,58.976234436035156,55.365631103515625,56.81901168823242,58.866546630859375,18189600.0,41.34870529174805,VLO
2006-04-28,59.87202835083008,58.89396667480469,59.18647003173828,59.177330017089844,10714500.0,41.5670051574707,VLO
2006-05-01,61.042049407958984,59.47897720336914,59.771480560302734,60.283363342285156,9148900.0,42.34391784667969,VLO
2006-05-02,61.49908447265625,60.06398391723633,61.014625549316406,61.371116638183594,9250300.0,43.107948303222656,VLO
2006-05-03,61.6087760925293,59.2230339050293,61.6087760925293,59.78976058959961,13156800.0,41.99717712402344,VLO
2006-05-04,60.45703887939453,57.74222946166992,59.14076614379883,59.387569427490234,13847100.0,41.71467590332031,VLO
2006-05-05,60.18281555175781,58.793418884277344,59.99085998535156,59.41498947143555,8691000.0,41.73393630981445,VLO
2006-05-08,59.12248611450195,58.16270446777344,58.50091552734375,58.72029113769531,8356800.0,41.245967864990234,VLO
2006-05-09,59.844608306884766,58.729434967041016,59.15904998779297,59.34186553955078,6629000.0,41.682594299316406,VLO
2006-05-10,59.6983528137207,58.03473663330078,59.27787780761719,59.62522888183594,11330800.0,41.88162612915039,VLO
2006-05-11,60.767826080322266,58.866546630859375,60.2376594543457,59.095062255859375,9021900.0,41.50922393798828,VLO
2006-05-12,59.02193832397461,56.96526336669922,59.01279830932617,57.129798889160156,9854000.0,40.1287956237793,VLO
2006-05-15,56.535648345947266,54.15904998779297,55.75868225097656,55.35649108886719,13602500.0,38.93772506713867,VLO
2006-05-16,56.89213943481445,54.89031219482422,55.667274475097656,56.19744110107422,10179000.0,39.52923583984375,VLO
2006-05-17,56.19744110107422,54.095062255859375,56.10603332519531,54.66179275512695,12811000.0,38.44905471801758,VLO
2006-05-18,55.3016471862793,53.93967056274414,54.15904998779297,53.985374450683594,7991600.0,37.9732780456543,VLO
2006-05-19,54.53382110595703,52.09323501586914,53.56489944458008,53.8391227722168,14049500.0,37.870391845703125,VLO
2006-05-22,52.943328857421875,50.79524612426758,52.193782806396484,52.16636276245117,17230800.0,36.693782806396484,VLO
2006-05-23,55.20109558105469,53.33638000488281,53.464351654052734,53.64716720581055,12720500.0,37.73536682128906,VLO
2006-05-24,54.963436126708984,52.14807891845703,52.93418502807617,53.117000579833984,14223400.0,37.36247634887695,VLO
2006-05-25,55.33820724487305,53.244972229003906,55.07312774658203,55.19195556640625,11549600.0,38.821983337402344,VLO
2006-05-26,56.30712890625,55.13711166381836,55.420475006103516,56.1608772277832,7275300.0,39.50352096557617,VLO
2006-05-30,56.946983337402344,55.118831634521484,56.672760009765625,55.24679946899414,10126700.0,38.860557556152344,VLO
2006-05-31,56.17001724243164,54.716636657714844,54.8537483215332,56.078609466552734,8347500.0,39.44564437866211,VLO
2006-06-01,56.70932388305664,54.83546447753906,55.16453552246094,56.215721130371094,9262400.0,39.54209899902344,VLO
2006-06-02,57.842777252197266,56.76416778564453,57.541133880615234,57.63254165649414,10296700.0,40.53870391845703,VLO
2006-06-05,58.2998161315918,55.292503356933594,58.20840835571289,55.43875503540039,11509200.0,38.995582580566406,VLO
2006-06-06,56.18830108642578,54.94515609741211,55.255943298339844,55.6215705871582,9562800.0,39.12417221069336,VLO
2006-06-07,55.630714416503906,53.61974334716797,55.292503356933594,53.61974334716797,10834900.0,37.71609115600586,VLO
2006-06-08,53.74771499633789,51.05118942260742,52.69652557373047,53.58317947387695,17530000.0,37.690364837646484,VLO
2006-06-09,54.64350891113281,53.254112243652344,53.9305305480957,54.14076614379883,10537100.0,38.082576751708984,VLO
2006-06-12,54.844608306884766,52.20292663574219,54.2230339050293,52.541133880615234,8463700.0,36.95740509033203,VLO
2006-06-13,52.678245544433594,50.447898864746094,51.31626892089844,50.959781646728516,12285600.0,35.845069885253906,VLO
2006-06-14,52.55027389526367,51.06032943725586,51.096893310546875,52.4680061340332,10670400.0,36.90595626831055,VLO
2006-06-15,55.173675537109375,53.244972229003906,53.628883361816406,55.036563873291016,14701300.0,38.71268081665039,VLO
2006-06-16,54.981719970703125,53.793418884277344,54.87202835083008,54.844608306884766,10013100.0,38.57765197753906,VLO
2006-06-19,54.64350891113281,52.2303466796875,54.48811721801758,52.42230224609375,11887900.0,36.87382507324219,VLO
2006-06-20,53.82084274291992,52.330894470214844,53.327239990234375,52.64168167114258,8731900.0,37.02812576293945,VLO
2006-06-21,55.13711166381836,52.88848114013672,52.998172760009766,54.29616165161133,10516000.0,38.19187927246094,VLO
2006-06-22,55.5301628112793,54.058502197265625,54.844608306884766,55.45703887939453,10034800.0,39.00843048095703,VLO
2006-06-23,57.11151885986328,55.85009002685547,56.215721130371094,56.78245162963867,9930200.0,39.94075012207031,VLO
2006-06-26,57.330894470214844,55.941497802734375,56.76416778564453,57.129798889160156,6933700.0,40.1850700378418,VLO
2006-06-27,58.33638000488281,57.10237503051758,57.58683776855469,57.138938903808594,9355900.0,40.19148635864258,VLO
2006-06-28,58.272396087646484,57.22120666503906,57.25777053833008,57.979888916015625,8544500.0,40.78300857543945,VLO
2006-06-29,60.59415054321289,58.985374450683594,59.27787780761719,60.447898864746094,12060500.0,42.51900100708008,VLO
2006-06-30,61.12431335449219,59.93601608276367,60.767826080322266,60.804386138916016,7643100.0,42.76975631713867,VLO
2006-07-03,61.270565032958984,60.694698333740234,61.014625549316406,61.151737213134766,3605700.0,43.01408386230469,VLO
2006-07-05,61.32541275024414,59.899452209472656,60.51188278198242,60.767826080322266,8727800.0,42.74405288696289,VLO
2006-07-06,61.371116638183594,59.73491668701172,60.822669982910156,60.56672668457031,9983100.0,42.602596282958984,VLO
2006-07-07,61.44424057006836,59.524681091308594,60.6215705871582,59.81718444824219,8968200.0,42.07537078857422,VLO
2006-07-10,60.557586669921875,58.866546630859375,59.14076614379883,59.771480560302734,6781900.0,42.043216705322266,VLO
2006-07-11,60.64899444580078,59.64350891113281,60.1462516784668,60.43875503540039,6998800.0,42.51258850097656,VLO
2006-07-12,60.75868225097656,59.59780502319336,60.56672668457031,59.65264892578125,8483500.0,41.95963668823242,VLO
2006-07-13,60.32906723022461,58.96709442138672,59.65264892578125,58.96709442138672,10180200.0,41.4774169921875,VLO
2006-07-14,59.552101135253906,57.925045013427734,59.195613861083984,59.27787780761719,12552500.0,41.69602584838867,VLO
2006-07-17,59.13162612915039,57.001827239990234,58.77513885498047,57.650821685791016,9702900.0,40.55154800415039,VLO
2006-07-18,59.168190002441406,57.36745834350586,58.17184829711914,58.36380386352539,9102400.0,41.05306625366211,VLO
2006-07-19,59.32358169555664,57.79707336425781,58.36380386352539,58.765995025634766,9056500.0,41.33596420288086,VLO
2006-07-20,59.21389389038086,57.81535720825195,58.81169891357422,57.861061096191406,7260600.0,40.69942855834961,VLO
2006-07-21,58.135284423828125,56.535648345947266,58.135284423828125,56.62705612182617,9948000.0,39.83143615722656,VLO
2006-07-24,58.69287109375,56.78245162963867,56.80073165893555,58.14442443847656,7353400.0,40.89875030517578,VLO
2006-07-25,59.7623405456543,58.272396087646484,58.903106689453125,59.34186553955078,7650700.0,41.74104309082031,VLO
2006-07-26,61.32541275024414,58.957950592041016,59.40584945678711,60.557586669921875,10622900.0,42.596160888671875,VLO
2006-07-27,61.535648345947266,59.460693359375,61.4625244140625,59.899452209472656,8998900.0,42.133235931396484,VLO
2006-07-28,61.64533996582031,60.00914001464844,60.60329055786133,61.36197280883789,12451600.0,43.16197204589844,VLO
2006-07-31,62.3857421875,61.014625549316406,61.672760009765625,61.63619613647461,10668400.0,43.354854583740234,VLO
2006-08-01,62.321754455566406,60.749542236328125,61.52650833129883,61.270565032958984,14880100.0,43.09766387939453,VLO
2006-08-02,62.9159049987793,60.96892166137695,61.97440719604492,61.41682052612305,12701900.0,43.2005500793457,VLO
2006-08-03,62.25777053833008,60.32906723022461,60.557586669921875,61.65447998046875,9121800.0,43.36772537231445,VLO
2006-08-04,62.138938903808594,59.899452209472656,61.97440719604492,60.51188278198242,9777100.0,42.56401824951172,VLO
2006-08-07,61.38025665283203,60.19195556640625,61.288848876953125,60.67641830444336,7407500.0,42.679744720458984,VLO
2006-08-08,61.882999420166016,60.5301628112793,60.5301628112793,61.14259719848633,8024300.0,43.00767517089844,VLO
2006-08-09,62.49542999267578,61.26142501831055,61.51736831665039,61.36197280883789,10200300.0,43.16197204589844,VLO
2006-08-10,60.78610610961914,58.866546630859375,60.56672668457031,59.45155334472656,13312400.0,41.81819534301758,VLO
2006-08-11,59.79890441894531,58.91225051879883,59.460693359375,59.26873779296875,7775200.0,41.68959045410156,VLO
2006-08-14,58.4552116394043,56.89213943481445,58.29067611694336,57.806217193603516,10565500.0,40.71581268310547,VLO
2006-08-15,58.31809997558594,57.18464279174805,58.308956146240234,57.6142578125,9113500.0,40.580604553222656,VLO
2006-08-16,58.73857498168945,57.36745834350586,57.404022216796875,57.60511779785156,9077200.0,40.574180603027344,VLO
2006-08-17,56.78245162963867,55.71297836303711,56.58135223388672,55.78610610961914,11163200.0,39.29294967651367,VLO
2006-08-18,56.66361999511719,55.00914001464844,56.206581115722656,56.52650833129883,10810100.0,39.814456939697266,VLO
2006-08-21,57.60511779785156,57.02925109863281,57.3765983581543,57.31261444091797,8239000.0,40.36814498901367,VLO
2006-08-22,58.272396087646484,57.0840950012207,57.22120666503906,57.998172760009766,8104700.0,40.85102462768555,VLO
2006-08-23,57.998172760009766,56.22486114501953,57.669105529785156,56.47166442871094,9992100.0,39.77582550048828,VLO
2006-08-24,57.30347442626953,55.612430572509766,56.234004974365234,57.193782806396484,8215500.0,40.284461975097656,VLO
2006-08-25,58.22669219970703,56.864715576171875,57.541133880615234,57.03839111328125,6808800.0,40.17499542236328,VLO
2006-08-28,56.38939666748047,55.16453552246094,55.98720169067383,55.20109558105469,11590900.0,38.880897521972656,VLO
2006-08-29,54.963436126708984,54.15904998779297,54.826324462890625,54.744056701660156,10486400.0,38.558982849121094,VLO
2006-08-30,54.99085998535156,53.053016662597656,54.75320053100586,53.50091552734375,13577300.0,37.683372497558594,VLO
2006-08-31,53.436927795410156,52.34003829956055,53.382083892822266,52.4680061340332,14809600.0,36.95584487915039,VLO
2006-09-01,53.153564453125,52.212066650390625,52.55027389526367,52.806217193603516,8238300.0,37.19405746459961,VLO
2006-09-05,52.2303466796875,50.804386138916016,52.01096725463867,50.959781646728516,18607900.0,35.893516540527344,VLO
2006-09-06,50.475318908691406,48.17184829711914,49.66179275512695,48.464351654052734,25665000.0,34.1358757019043,VLO
2006-09-07,49.28702163696289,47.522850036621094,48.4552116394043,48.711151123046875,21164700.0,34.30970001220703,VLO
2006-09-08,49.10420608520508,47.16636276245117,48.711151123046875,47.30347442626953,18138500.0,33.318206787109375,VLO
2006-09-11,47.55027389526367,45.886653900146484,46.52650833129883,46.535648345947266,23801000.0,32.77738571166992,VLO
2006-09-12,47.321754455566406,46.343692779541016,46.35283279418945,46.91041946411133,17347100.0,33.041358947753906,VLO
2006-09-13,48.2998161315918,47.12065887451172,47.12065887451172,47.90676498413086,18957900.0,33.743133544921875,VLO
2006-09-14,48.23583221435547,45.831809997558594,47.979888916015625,46.234004974365234,18721000.0,32.564918518066406,VLO
2006-09-15,46.49908447265625,45.3839111328125,45.886653900146484,45.91407775878906,17880800.0,32.33959197998047,VLO
2006-09-18,47.87934112548828,46.151737213134766,46.29798889160156,47.85192108154297,17209100.0,33.70450210571289,VLO
2006-09-19,48.10786056518555,45.56672668457031,48.09872055053711,45.79524612426758,20452600.0,32.25588607788086,VLO
2006-09-20,46.11517333984375,44.10420608520508,45.6215705871582,44.232173919677734,23731400.0,31.15494155883789,VLO
2006-09-21,45.475318908691406,44.34186553955078,44.34186553955078,44.99085998535156,16384100.0,31.689329147338867,VLO
2006-09-22,45.365631103515625,43.75685501098633,45.365631103515625,44.04935836791992,14133600.0,31.026172637939453,VLO
2006-09-25,44.634368896484375,42.81535720825195,43.48263168334961,44.01279830932617,20911500.0,31.000423431396484,VLO
2006-09-26,45.502742767333984,43.73857498168945,43.87568664550781,45.365631103515625,18552500.0,31.95328712463379,VLO
2006-09-27,47.5319938659668,45.694698333740234,47.074954986572266,47.41316223144531,28538300.0,33.395469665527344,VLO
2006-09-28,47.74222946166992,46.691043853759766,47.5319938659668,46.87385559082031,16167600.0,33.015594482421875,VLO
2006-09-29,47.321754455566406,46.17001724243164,46.85557556152344,47.04753112792969,13102200.0,33.13792037963867,VLO
2006-10-02,47.522850036621094,46.480804443359375,46.919559478759766,46.563072204589844,9977700.0,32.79669952392578,VLO
2006-10-03,45.89579391479492,43.921390533447266,45.79524612426758,44.03107833862305,19181600.0,31.01329231262207,VLO
2006-10-04,45.84095001220703,43.436927795410156,44.3784294128418,45.79524612426758,27812700.0,32.25588607788086,VLO
2006-10-05,46.98354721069336,45.43875503540039,46.70932388305664,45.85009002685547,16956500.0,32.29450988769531,VLO
2006-10-06,46.35283279418945,45.02742385864258,45.79524612426758,46.288848876953125,13838100.0,32.60355758666992,VLO
2006-10-09,46.919559478759766,45.41133499145508,46.80073165893555,45.54844665527344,13555600.0,32.08205795288086,VLO
2006-10-10,46.480804443359375,45.155391693115234,45.24679946899414,46.11517333984375,14296300.0,32.481224060058594,VLO
2006-10-11,46.65447998046875,45.34735107421875,45.73126220703125,45.81352996826172,12310700.0,32.26876449584961,VLO
2006-10-12,47.82449722290039,45.91407775878906,46.023765563964844,47.68738555908203,20083700.0,33.58860397338867,VLO
2006-10-13,49.50639724731445,48.08958053588867,48.35466003417969,48.985374450683594,19217000.0,34.502864837646484,VLO
2006-10-16,49.60694885253906,48.36380386352539,49.305301666259766,49.10420608520508,14934100.0,34.58655548095703,VLO
2006-10-17,49.3144416809082,47.65996170043945,49.3144416809082,48.08958053588867,15386300.0,33.87189483642578,VLO
2006-10-18,49.058502197265625,47.458866119384766,48.062156677246094,47.69652557373047,17460700.0,33.59505844116211,VLO
2006-10-19,48.63802719116211,47.42230224609375,47.89762496948242,48.3912239074707,11609900.0,34.084354400634766,VLO
2006-10-20,48.5374755859375,47.25777053833008,48.446067810058594,47.6142578125,12235400.0,33.537109375,VLO
2006-10-23,47.6142578125,46.66361999511719,47.074954986572266,47.17550277709961,12765000.0,33.22806930541992,VLO
2006-10-24,48.190128326416016,46.87385559082031,47.074954986572266,48.190128326416016,13703500.0,33.942718505859375,VLO
2006-10-25,49.524681091308594,47.77879333496094,47.95246887207031,49.360145568847656,18080400.0,34.766822814941406,VLO
2006-10-26,50.02742385864258,48.21754837036133,49.8537483215332,48.31809997558594,15554800.0,34.03286361694336,VLO
2006-10-27,49.442413330078125,48.35466003417969,48.628883361816406,48.519195556640625,11252700.0,34.17449188232422,VLO
2006-10-30,48.41864776611328,47.330894470214844,47.98903274536133,47.65996170043945,10839000.0,33.569305419921875,VLO
2006-10-31,48.35466003417969,46.25228500366211,47.65996170043945,47.83363723754883,20747800.0,33.691627502441406,VLO
2006-11-01,47.98903274536133,46.59963607788086,47.486289978027344,46.755027770996094,19089200.0,32.93190002441406,VLO
2006-11-02,47.074954986572266,45.91407775878906,46.755027770996094,46.17001724243164,15193200.0,32.51984786987305,VLO
2006-11-03,47.669105529785156,46.52650833129883,46.62705612182617,47.44058609008789,12539800.0,33.41477966308594,VLO
2006-11-06,47.97074890136719,47.020111083984375,47.44058609008789,47.806217193603516,10071500.0,33.729183197021484,VLO
2006-11-07,47.7696533203125,46.68190002441406,47.76051330566406,46.91041946411133,10994000.0,33.09718322753906,VLO
2006-11-08,47.98903274536133,46.535648345947266,46.65447998046875,47.63254165649414,13610200.0,33.60666275024414,VLO
2006-11-09,49.3144416809082,48.19926834106445,48.29067611694336,48.51005554199219,16253500.0,34.22578430175781,VLO
2006-11-10,48.848262786865234,47.77879333496094,48.40036392211914,48.22669219970703,7460700.0,34.025848388671875,VLO
2006-11-13,48.81169891357422,47.79707336425781,47.925045013427734,48.464351654052734,9699200.0,34.193519592285156,VLO
2006-11-14,49.10420608520508,48.117000579833984,48.88482666015625,48.464351654052734,11669200.0,34.193519592285156,VLO
2006-11-15,49.981719970703125,48.5374755859375,48.75685501098633,49.58866500854492,13860400.0,34.98678970336914,VLO
2006-11-16,50.04570388793945,47.9159049987793,49.81718444824219,47.979888916015625,14996000.0,33.851707458496094,VLO
2006-11-17,48.711151123046875,47.16636276245117,47.5319938659668,48.31809997558594,13528600.0,34.0903434753418,VLO
2006-11-20,48.446067810058594,47.25777053833008,47.943328857421875,47.294334411621094,14944800.0,33.3680419921875,VLO
2006-11-21,48.574039459228516,47.669105529785156,47.89762496948242,48.50091552734375,11840300.0,34.21933364868164,VLO
2006-11-22,48.77513885498047,47.595977783203125,48.50091552734375,47.85192108154297,14562500.0,33.76144027709961,VLO
2006-11-24,48.29067611694336,47.72394943237305,48.12614440917969,47.81535720825195,3734000.0,33.735633850097656,VLO
2006-11-27,48.18098831176758,47.330894470214844,47.98903274536133,47.42230224609375,11722200.0,33.458316802978516,VLO
2006-11-28,48.592323303222656,47.64168167114258,47.98903274536133,48.5466194152832,14046600.0,34.2515754699707,VLO
2006-11-29,50.49360275268555,48.5374755859375,48.80255889892578,50.16453552246094,21230600.0,35.393089294433594,VLO
2006-11-30,50.7769660949707,49.86288833618164,50.43875503540039,50.33820724487305,15462700.0,35.515621185302734,VLO
2006-12-01,51.151737213134766,49.72577667236328,50.18281555175781,51.05118942260742,12154800.0,36.018653869628906,VLO
2006-12-04,50.98720169067383,50.21937942504883,50.96892166137695,50.904937744140625,9821800.0,35.915470123291016,VLO
2006-12-05,51.50822830200195,50.502742767333984,51.1608772277832,51.00548553466797,12055200.0,35.98640441894531,VLO
2006-12-06,52.18464279174805,50.78610610961914,50.959781646728516,51.44424057006836,15425400.0,36.29595947265625,VLO
2006-12-07,51.553932189941406,50.767826080322266,51.44424057006836,50.804386138916016,9886200.0,35.844520568847656,VLO
2006-12-08,51.288848876953125,50.07312774658203,51.288848876953125,50.19195556640625,12434400.0,35.41242599487305,VLO
2006-12-11,51.10603332519531,49.908592224121094,49.97257614135742,50.95064163208008,11717100.0,35.94770431518555,VLO
2006-12-12,51.05118942260742,49.72577667236328,50.75868225097656,50.00914001464844,10242100.0,35.283447265625,VLO
2006-12-13,50.502742767333984,49.78976058959961,49.92687225341797,49.8537483215332,12449900.0,35.173789978027344,VLO
2006-12-14,50.667274475097656,49.60694885253906,49.908592224121094,50.228519439697266,11181400.0,35.438232421875,VLO
2006-12-15,50.667274475097656,50.091407775878906,50.228519439697266,50.3839111328125,12806500.0,35.5478515625,VLO
2006-12-18,50.54844665527344,48.63802719116211,50.43875503540039,48.74771499633789,13397900.0,34.39344787597656,VLO
2006-12-19,50.018280029296875,48.01645278930664,48.58317947387695,49.771480560302734,10395800.0,35.11576843261719,VLO
2006-12-20,50.0,48.49177169799805,49.689212799072266,48.58317947387695,14214600.0,34.27737045288086,VLO
2006-12-21,48.99451446533203,47.79707336425781,48.75685501098633,47.979888916015625,11122300.0,33.851707458496094,VLO
2006-12-22,48.117000579833984,47.129798889160156,47.89762496948242,47.157222747802734,8401300.0,33.27130889892578,VLO
2006-12-26,47.943328857421875,46.946983337402344,46.98354721069336,47.294334411621094,6100600.0,33.3680419921875,VLO
2006-12-27,47.6234016418457,47.09323501586914,47.31261444091797,47.541133880615234,5434700.0,33.54216766357422,VLO
2006-12-28,47.513710021972656,46.672760009765625,47.349178314208984,47.17550277709961,11013100.0,33.2841911315918,VLO
2006-12-29,47.020111083984375,46.52650833129883,46.89213943481445,46.76416778564453,8850000.0,32.993980407714844,VLO
2007-01-03,46.6087760925293,45.31992721557617,46.51736831665039,45.749542236328125,15084200.0,32.27812576293945,VLO
2007-01-04,45.60329055786133,44.64350891113281,45.60329055786133,44.689212799072266,16571400.0,31.530027389526367,VLO
2007-01-05,45.21937942504883,44.3144416809082,44.68007278442383,45.118831634521484,13854600.0,31.833131790161133,VLO
2007-01-08,46.00548553466797,44.89031219482422,45.64899444580078,45.12797164916992,13070200.0,31.839588165283203,VLO
2007-01-09,45.100547790527344,44.29616165161133,44.73491668701172,44.73491668701172,14909600.0,31.562259674072266,VLO
2007-01-10,45.32906723022461,43.56489944458008,44.57038497924805,44.06764221191406,15918000.0,31.091468811035156,VLO
2007-01-11,45.64899444580078,44.10420608520508,44.3784294128418,44.47897720336914,18752200.0,31.381683349609375,VLO
2007-01-12,46.38939666748047,44.72577667236328,44.78062057495117,46.22486114501953,15705900.0,32.61349105834961,VLO
2007-01-16,46.31626892089844,45.3839111328125,46.014625549316406,45.51188278198242,11319700.0,32.110450744628906,VLO
2007-01-17,46.563072204589844,45.557586669921875,45.67641830444336,46.30712890625,12863300.0,32.67153549194336,VLO
2007-01-18,46.755027770996094,45.502742767333984,46.29798889160156,45.667274475097656,12462900.0,32.22008514404297,VLO
2007-01-19,46.755027770996094,45.7769660949707,45.87751388549805,46.65447998046875,14343900.0,32.91659164428711,VLO
2007-01-22,47.93418502807617,46.846435546875,47.02925109863281,47.458866119384766,18251700.0,33.48412322998047,VLO
2007-01-23,48.69287109375,47.68738555908203,47.68738555908203,48.436927795410156,15003400.0,34.1741943359375,VLO
2007-01-24,49.113346099853516,47.669105529785156,48.12614440917969,48.94881057739258,12229200.0,34.53533172607422,VLO
2007-01-25,48.957950592041016,47.541133880615234,48.82998275756836,47.65996170043945,9963200.0,33.625999450683594,VLO
2007-01-26,48.29067611694336,47.669105529785156,47.95246887207031,47.979888916015625,9002500.0,33.851707458496094,VLO
2007-01-29,48.903106689453125,47.76051330566406,48.20840835571289,48.08958053588867,12403800.0,33.92911148071289,VLO
2007-01-30,49.4698371887207,48.446067810058594,48.61974334716797,49.2230339050293,12747700.0,34.72880554199219,VLO
2007-01-31,49.78062057495117,48.793418884277344,49.25959777832031,49.6160888671875,13800900.0,35.00613021850586,VLO
2007-02-01,51.64533996582031,50.365631103515625,50.64899444580078,51.215721130371094,22293300.0,36.13472366333008,VLO
2007-02-02,51.71846389770508,50.59415054321289,51.691043853759766,51.398536682128906,11794300.0,36.26371765136719,VLO
2007-02-05,51.672760009765625,50.64899444580078,51.62705612182617,50.904937744140625,11145300.0,35.915470123291016,VLO
2007-02-06,51.41682052612305,50.39305114746094,51.371116638183594,50.54844665527344,9337300.0,35.663944244384766,VLO
2007-02-07,51.234004974365234,50.20109558105469,50.73126220703125,50.484458923339844,8913800.0,35.61879348754883,VLO
2007-02-08,51.24314498901367,49.92687225341797,50.310787200927734,51.11517333984375,10710200.0,36.063777923583984,VLO
2007-02-09,51.407676696777344,50.51188278198242,51.36197280883789,50.84095001220703,10928600.0,35.87031936645508,VLO
2007-02-12,50.502742767333984,49.94515609741211,50.27422332763672,50.32906723022461,10587700.0,35.59316635131836,VLO
2007-02-13,51.14259719848633,50.539306640625,50.59415054321289,50.97806167602539,7443200.0,36.05213928222656,VLO
2007-02-14,51.590492248535156,50.639854431152344,51.215721130371094,51.10603332519531,9620600.0,36.14264678955078,VLO
2007-02-15,51.1608772277832,50.502742767333984,50.87751388549805,50.78610610961914,8357100.0,35.916385650634766,VLO
2007-02-16,51.24314498901367,50.502742767333984,50.557586669921875,51.151737213134766,6644700.0,36.17497634887695,VLO
2007-02-20,51.1608772277832,50.292503356933594,50.46617889404297,51.1608772277832,7207700.0,36.18143844604492,VLO
2007-02-21,53.10786056518555,51.14259719848633,51.18830108642578,52.925045013427734,17460400.0,37.4290657043457,VLO
2007-02-22,53.921390533447266,52.85192108154297,52.98903274536133,53.729434967041016,13929500.0,37.99793243408203,VLO
2007-02-23,54.524681091308594,53.50091552734375,53.94881057739258,53.72029113769531,11595700.0,37.99147033691406,VLO
2007-02-26,54.54296112060547,53.61060333251953,54.369285583496094,53.9305305480957,9999400.0,38.14015579223633,VLO
2007-02-27,53.9305305480957,51.05118942260742,52.89762496948242,52.44972610473633,16501300.0,37.092933654785156,VLO
2007-02-28,53.190128326416016,52.212066650390625,52.31261444091797,52.595977783203125,13531000.0,37.19636917114258,VLO
2007-03-01,53.382083892822266,51.398536682128906,52.28519058227539,52.98903274536133,13127400.0,37.474327087402344,VLO
2007-03-02,53.062156677246094,51.92870330810547,52.98903274536133,52.10237503051758,10967100.0,36.84727478027344,VLO
2007-03-05,51.5447883605957,50.04570388793945,50.365631103515625,51.10603332519531,14107400.0,36.14264678955078,VLO
2007-03-06,52.998172760009766,51.76416778564453,52.0840950012207,52.870201110839844,13355400.0,37.39029312133789,VLO
2007-03-07,55.3839111328125,52.79707336425781,52.83363723754883,54.66179275512695,23987300.0,38.657325744628906,VLO
2007-03-08,55.475318908691406,54.3784294128418,55.1462516784668,54.844608306884766,18793100.0,38.78660202026367,VLO
2007-03-09,55.75868225097656,54.73491668701172,55.2376594543457,55.05484390258789,13460700.0,38.93528366088867,VLO
2007-03-12,55.56672668457031,54.57038497924805,54.62522888183594,55.10968780517578,10365300.0,38.97407150268555,VLO
2007-03-13,56.18830108642578,54.707496643066406,55.283363342285156,55.018280029296875,16981700.0,38.9094123840332,VLO
2007-03-14,56.078609466552734,54.8537483215332,55.091407775878906,56.00548553466797,18843400.0,39.60758972167969,VLO
2007-03-15,56.12431335449219,55.20109558105469,55.98720169067383,55.310787200927734,13101700.0,39.11629104614258,VLO
2007-03-16,55.447898864746094,54.45155334472656,55.091407775878906,54.8537483215332,12786500.0,38.79307174682617,VLO
2007-03-19,55.71297836303711,54.87202835083008,55.173675537109375,55.56672668457031,13021700.0,39.29729080200195,VLO
2007-03-20,56.33455276489258,55.06398391723633,55.72212219238281,56.30712890625,15167600.0,39.82091522216797,VLO
2007-03-21,56.809871673583984,56.00548553466797,56.59963607788086,56.50822830200195,14368100.0,39.963138580322266,VLO
2007-03-22,57.595977783203125,56.64533996582031,56.96526336669922,57.31261444091797,14474700.0,40.53200149536133,VLO
2007-03-23,58.37294387817383,57.49542999267578,57.72394943237305,58.18098831176758,13477200.0,41.146121978759766,VLO
2007-03-26,58.921390533447266,57.650821685791016,58.42778778076172,58.82084274291992,15178800.0,41.5986328125,VLO
2007-03-27,59.387569427490234,58.37294387817383,58.592323303222656,59.32358169555664,12636700.0,41.95417785644531,VLO
2007-03-28,60.34735107421875,58.409507751464844,59.80804443359375,58.56489944458008,21217200.0,41.417633056640625,VLO
2007-03-29,59.65264892578125,58.72029113769531,58.85740280151367,59.54296112060547,13457800.0,42.10932540893555,VLO
2007-03-30,60.21023941040039,58.88482666015625,59.716636657714844,58.94881057739258,14537700.0,41.68914031982422,VLO
2007-04-02,59.59780502319336,59.01279830932617,59.21389389038086,59.35100555419922,8759400.0,41.97357177734375,VLO
2007-04-03,59.64350891113281,58.07129669189453,58.88482666015625,59.04935836791992,13754000.0,41.76024627685547,VLO
2007-04-04,60.33820724487305,58.601463317871094,58.89396667480469,60.26508331298828,17114600.0,42.62002182006836,VLO
2007-04-05,60.749542236328125,60.100547790527344,60.32906723022461,60.33820724487305,9502500.0,42.67171859741211,VLO
2007-04-09,61.73674774169922,60.255943298339844,60.57586669921875,61.38025665283203,13647200.0,43.40867233276367,VLO
2007-04-10,61.7001838684082,61.042049407958984,61.38025665283203,61.51736831665039,12402800.0,43.50564193725586,VLO
2007-04-11,62.157222747802734,61.38025665283203,61.59963607788086,61.590492248535156,14357400.0,43.55735778808594,VLO
2007-04-12,62.83363723754883,61.5447883605957,61.70932388305664,62.76051330566406,12814200.0,44.384796142578125,VLO
2007-04-13,62.96160888671875,62.24863052368164,62.96160888671875,62.522850036621094,9763600.0,44.21672439575195,VLO
2007-04-16,62.28519058227539,60.60329055786133,62.28519058227539,61.17001724243164,19189100.0,43.259986877441406,VLO
2007-04-17,61.617916107177734,59.195613861083984,61.425960540771484,59.6983528137207,17644400.0,42.219207763671875,VLO
2007-04-18,59.53382110595703,58.42778778076172,59.195613861083984,59.3784294128418,22929400.0,41.992977142333984,VLO
2007-04-19,59.460693359375,58.75685501098633,59.08592224121094,59.2230339050293,13112400.0,41.88307189941406,VLO
2007-04-20,60.3839111328125,59.12248611450195,59.62522888183594,60.26508331298828,17196800.0,42.62002182006836,VLO
2007-04-23,62.513710021972656,60.804386138916016,61.08774948120117,62.3765983581543,22713100.0,44.11330032348633,VLO
2007-04-24,62.97074890136719,62.04753112792969,62.522850036621094,62.63254165649414,16469100.0,44.29430389404297,VLO
2007-04-25,64.74405670166016,62.477149963378906,62.979888916015625,64.27787780761719,22419900.0,45.4578857421875,VLO
2007-04-26,66.81901550292969,64.35100555419922,65.26508331298828,65.57586669921875,25027500.0,46.37586212158203,VLO
2007-04-27,65.77696228027344,64.6800765991211,65.228515625,65.0914077758789,13262400.0,46.033233642578125,VLO
2007-04-30,66.44424438476562,64.19561004638672,65.28336334228516,64.19561004638672,19289700.0,45.39971923828125,VLO
2007-05-01,65.23766326904297,63.985374450683594,64.3052978515625,65.03656005859375,17428900.0,45.994449615478516,VLO
2007-05-02,66.70932006835938,65.14625549316406,65.26508331298828,66.63619995117188,17204900.0,47.12572479248047,VLO
2007-05-03,67.5228500366211,65.62157440185547,65.6307144165039,67.02011108398438,18436600.0,47.39723587036133,VLO
2007-05-04,68.26325225830078,66.62705993652344,67.4771499633789,67.04753112792969,13338200.0,47.4166259765625,VLO
2007-05-07,67.41316223144531,66.13345336914062,66.9104232788086,66.25228881835938,10398000.0,46.854225158691406,VLO
2007-05-08,67.46800994873047,65.64899444580078,66.13345336914062,67.33089447021484,11412600.0,47.61702346801758,VLO
2007-05-09,67.9981689453125,66.59049224853516,67.21206665039062,67.76051330566406,12910400.0,47.92083740234375,VLO
2007-05-10,68.43692779541016,66.22486114501953,68.26325225830078,66.35283660888672,13995300.0,46.92531967163086,VLO
2007-05-11,67.97074890136719,66.79158782958984,66.79158782958984,67.48628997802734,14496900.0,47.726924896240234,VLO
2007-05-14,68.49177551269531,67.0932388305664,67.68738555908203,67.36746215820312,13571500.0,47.727745056152344,VLO
2007-05-15,67.50457000732422,66.49908447265625,66.77330780029297,66.50822448730469,12612200.0,47.11900329589844,VLO
2007-05-16,66.95612335205078,64.44241333007812,66.76416778564453,65.84095001220703,17564000.0,46.64625549316406,VLO
2007-05-17,67.36746215820312,65.37477111816406,65.94149780273438,66.79158782958984,14720200.0,47.319759368896484,VLO
2007-05-18,67.8336410522461,66.87385559082031,67.0932388305664,67.6142578125,13458800.0,47.902587890625,VLO
2007-05-21,69.99085998535156,68.00730895996094,68.31809997558594,69.26873779296875,24674600.0,49.07474136352539,VLO
2007-05-22,70.6032943725586,69.15904998779297,69.65264892578125,69.24131774902344,18295300.0,49.05531692504883,VLO
2007-05-23,69.9085922241211,68.10786437988281,69.65264892578125,68.10786437988281,27103500.0,48.25230026245117,VLO
2007-05-24,69.14990997314453,66.6910400390625,68.40950775146484,66.86471557617188,16980600.0,47.37156677246094,VLO
2007-05-25,68.45520782470703,67.58683776855469,67.65082550048828,68.31809997558594,10468400.0,48.40125274658203,VLO
2007-05-29,68.16270446777344,66.89213562011719,67.44972229003906,67.2943344116211,12396900.0,47.67594909667969,VLO
2007-05-30,68.9396743774414,66.74588775634766,66.95612335205078,68.72943115234375,15988100.0,48.692657470703125,VLO
2007-05-31,69.34186553955078,67.79707336425781,68.57404327392578,68.20841217041016,14911200.0,48.32353210449219,VLO
2007-06-01,69.69835662841797,68.55575561523438,68.68373107910156,69.36014556884766,9263000.0,49.139495849609375,VLO
2007-06-04,70.26508331298828,69.38756561279297,69.3967056274414,69.72577667236328,9380100.0,49.398536682128906,VLO
2007-06-05,70.1371078491211,69.0127944946289,69.5246810913086,69.48811340332031,10990400.0,49.23018264770508,VLO
2007-06-06,69.35100555419922,67.23948669433594,69.24131774902344,67.87934112548828,13472500.0,48.090389251708984,VLO
2007-06-07,68.99451446533203,66.61791229248047,68.16270446777344,66.76416778564453,15100700.0,47.30034637451172,VLO
2007-06-08,67.12065887451172,65.6764144897461,66.23400115966797,67.12065887451172,11690300.0,47.552894592285156,VLO
2007-06-11,67.82450103759766,66.846435546875,67.20292663574219,67.4771499633789,6907100.0,47.80546951293945,VLO
2007-06-12,67.6142578125,66.65447998046875,67.05667114257812,66.65447998046875,8651500.0,47.22262191772461,VLO
2007-06-13,68.55575561523438,66.80072784423828,67.02011108398438,68.2449722290039,12671900.0,48.34944152832031,VLO
2007-06-14,69.79890441894531,68.61974334716797,68.68373107910156,69.49726104736328,13363800.0,49.23664474487305,VLO
2007-06-15,70.53016662597656,69.76233673095703,70.10054779052734,69.92687225341797,9236300.0,49.54100799560547,VLO
2007-06-18,71.19744110107422,70.40219116210938,70.56672668457031,70.65813446044922,7954100.0,50.05908966064453,VLO
2007-06-19,70.57586669921875,69.79890441894531,70.42047882080078,70.14625549316406,7050200.0,49.69643783569336,VLO
2007-06-20,70.33821105957031,68.3089599609375,70.32907104492188,68.48263549804688,12570300.0,48.51780700683594,VLO
2007-06-21,70.21937561035156,69.05850219726562,69.232177734375,69.99085998535156,9340600.0,49.586334228515625,VLO
2007-06-22,70.48445892333984,69.46983337402344,69.96343994140625,69.88117218017578,11203400.0,49.50865173339844,VLO
2007-06-25,70.0639877319336,68.79341888427734,69.37842559814453,69.41499328613281,8494400.0,49.178348541259766,VLO
2007-06-26,69.74405670166016,68.00730895996094,69.7074966430664,68.2449722290039,12055100.0,48.34944152832031,VLO
2007-06-27,67.95246887207031,65.72212219238281,66.41681671142578,67.7696533203125,19422700.0,48.01268005371094,VLO
2007-06-28,68.55575561523438,66.97440338134766,68.11700439453125,67.28519439697266,10709600.0,47.66946029663086,VLO
2007-06-29,68.4003677368164,67.02011108398438,68.00730895996094,67.51371002197266,8697800.0,47.83135223388672,VLO
2007-07-02,68.2175521850586,67.14807891845703,67.78793334960938,67.88848114013672,8471700.0,48.096893310546875,VLO
2007-07-03,68.32723999023438,67.73309326171875,68.14442443847656,68.07129669189453,3254300.0,48.226383209228516,VLO
2007-07-05,68.9853744506836,67.69652557373047,68.5374755859375,68.4460678100586,8850800.0,48.49190902709961,VLO
2007-07-06,69.35100555419922,68.72943115234375,68.79341888427734,69.00365447998047,6352200.0,48.88694763183594,VLO
2007-07-09,70.70384216308594,69.232177734375,69.232177734375,70.33821105957031,9157900.0,49.83242416381836,VLO
2007-07-10,71.91956329345703,69.83546447753906,70.02742004394531,71.03290557861328,12607000.0,50.3245964050293,VLO
2007-07-11,71.60877227783203,70.6032943725586,70.77696228027344,70.97806549072266,10602100.0,50.285736083984375,VLO
2007-07-12,71.70018005371094,69.81718444824219,71.22486114501953,70.48445892333984,14706700.0,49.93604278564453,VLO
2007-07-13,71.38025665283203,70.26508331298828,70.65813446044922,70.61243438720703,7875400.0,50.026702880859375,VLO
2007-07-16,71.1700210571289,69.13162994384766,70.63985443115234,69.54296112060547,11501500.0,49.26902770996094,VLO
2007-07-17,70.3839111328125,67.64168548583984,69.62522888183594,68.64716339111328,16336800.0,48.63437271118164,VLO
2007-07-18,69.46983337402344,67.69652557373047,68.63802337646484,69.40585327148438,15391200.0,49.17189025878906,VLO
2007-07-19,69.19561004638672,67.65082550048828,69.14990997314453,68.11700439453125,14440300.0,48.25876998901367,VLO
2007-07-20,67.96160888671875,65.90493774414062,67.91590118408203,66.846435546875,15670200.0,47.35862350463867,VLO
2007-07-23,67.25776672363281,65.97806549072266,66.9378433227539,66.40767669677734,11618800.0,47.04777526855469,VLO
2007-07-24,65.73126220703125,63.23583221435547,65.73126220703125,64.57038116455078,19812400.0,45.746097564697266,VLO
2007-07-25,65.08226776123047,61.727603912353516,65.08226776123047,64.0767822265625,18566200.0,45.39640426635742,VLO
2007-07-26,64.05850219726562,60.502742767333984,63.75685501098633,62.6142578125,16806500.0,44.3602409362793,VLO
2007-07-27,63.16270446777344,60.97806167602539,62.6142578125,61.672760009765625,13131900.0,43.69321823120117,VLO
2007-07-30,63.17184829711914,60.34735107421875,61.81901168823242,63.135284423828125,12700200.0,44.72939682006836,VLO
2007-07-31,63.711151123046875,60.93235778808594,63.26325225830078,61.25228500366211,15383200.0,43.395347595214844,VLO
2007-08-01,61.41682052612305,56.85557556152344,61.096893310546875,58.117000579833984,24702300.0,41.17407989501953,VLO
2007-08-02,59.40584945678711,57.056671142578125,58.41864776611328,59.040218353271484,16521200.0,41.82814407348633,VLO
2007-08-03,59.41498947143555,56.398536682128906,59.29616165161133,56.59963607788086,13700400.0,40.09907150268555,VLO
2007-08-06,57.65996170043945,55.18281555175781,56.5447883605957,57.650821685791016,17035400.0,40.93059539794922,VLO
2007-08-07,59.02193832397461,56.85557556152344,57.22120666503906,58.519195556640625,12876800.0,41.54711151123047,VLO
2007-08-08,62.35831832885742,58.628883361816406,58.985374450683594,61.50822830200195,18370100.0,43.66925048828125,VLO
2007-08-09,63.921390533447266,59.15904998779297,60.39305114746094,61.745887756347656,21338200.0,43.837982177734375,VLO
2007-08-10,63.47349166870117,60.33820724487305,61.24314498901367,62.979888916015625,15798700.0,44.71409225463867,VLO
2007-08-13,63.711151123046875,60.54844665527344,63.48263168334961,60.98720169067383,12954100.0,43.29931640625,VLO
2007-08-14,61.87385559082031,59.168190002441406,61.87385559082031,59.50639724731445,10161700.0,42.247982025146484,VLO
2007-08-15,60.32906723022461,57.43144607543945,60.1462516784668,57.943328857421875,11688800.0,41.13825225830078,VLO
2007-08-16,57.49542999267578,54.844608306884766,56.90127944946289,57.04753112792969,18312700.0,40.50226974487305,VLO
2007-08-17,59.59780502319336,58.062156677246094,58.68373107910156,59.040218353271484,13923100.0,41.91701126098633,VLO
2007-08-20,58.793418884277344,57.321754455566406,58.135284423828125,58.52833557128906,9127000.0,41.55360794067383,VLO
2007-08-21,58.42778778076172,56.809871673583984,57.97074890136719,57.68738555908203,7788100.0,40.9565544128418,VLO
2007-08-22,59.97257614135742,58.272396087646484,58.446067810058594,59.65264892578125,10801100.0,42.351829528808594,VLO
2007-08-23,60.87751388549805,59.62522888183594,60.20109558105469,60.58501052856445,7798200.0,43.0137825012207,VLO
2007-08-24,62.41316223144531,60.71297836303711,60.822669982910156,62.28519058227539,7339000.0,44.220863342285156,VLO
2007-08-27,62.27605056762695,61.30712890625,61.30712890625,61.77330780029297,5977800.0,43.85744857788086,VLO
2007-08-28,61.64533996582031,60.12797164916992,61.59963607788086,60.34735107421875,7208900.0,42.845054626464844,VLO
2007-08-29,62.6142578125,60.630714416503906,60.91407775878906,62.30347442626953,7098900.0,44.233856201171875,VLO
2007-08-30,63.28153610229492,61.38025665283203,61.563072204589844,62.20292663574219,5561800.0,44.1624641418457,VLO
2007-08-31,63.36380386352539,62.44972610473633,63.053016662597656,62.6234016418457,6273800.0,44.46098327636719,VLO
2007-09-04,65.14625549316406,62.129798889160156,62.24863052368164,64.53382110595703,7820600.0,45.81733703613281,VLO
2007-09-05,65.10054779052734,64.04022216796875,64.09506225585938,64.88117218017578,7040300.0,46.06394577026367,VLO
2007-09-06,66.08775329589844,63.61974334716797,65.49359893798828,64.34186553955078,9811700.0,45.681060791015625,VLO
2007-09-07,63.921390533447266,62.41316223144531,63.711151123046875,63.40036392211914,9003500.0,45.01260757446289,VLO
2007-09-10,63.327239990234375,61.151737213134766,63.244972229003906,62.18464279174805,7530400.0,44.14949417114258,VLO
2007-09-11,62.44058609008789,60.79524612426758,62.20292663574219,62.06581497192383,9218000.0,44.06511306762695,VLO
2007-09-12,62.44058609008789,60.67641830444336,61.97440719604492,61.014625549316406,14522700.0,43.31879806518555,VLO
2007-09-13,63.48263168334961,61.215721130371094,61.215721130371094,62.81535720825195,10258600.0,44.59727096557617,VLO
2007-09-14,63.77513885498047,62.349178314208984,62.43144607543945,63.33638000488281,5333200.0,44.967185974121094,VLO
2007-09-17,63.26325225830078,61.617916107177734,63.18098831176758,62.68738555908203,6519900.0,44.506412506103516,VLO
2007-09-18,64.44241333007812,62.193782806396484,62.806217193603516,64.1681900024414,7265000.0,45.55774688720703,VLO
2007-09-19,65.40219116210938,62.98903274536133,64.57038116455078,63.592323303222656,9314200.0,45.148902893066406,VLO
2007-09-20,64.48811340332031,63.20840835571289,63.784278869628906,64.06764221191406,5391700.0,45.48635482788086,VLO
2007-09-21,65.25594329833984,64.06764221191406,64.66178894042969,64.94515228271484,7418300.0,46.1093635559082,VLO
2007-09-24,65.42047882080078,64.51554107666016,65.10968780517578,64.78062438964844,7739600.0,45.992576599121094,VLO
2007-09-25,64.1407699584961,62.71480941772461,64.00365447998047,62.93418502807617,9094700.0,44.68164825439453,VLO
2007-09-26,63.75685501098633,61.38939666748047,63.711151123046875,62.39488220214844,10670800.0,44.29875183105469,VLO
2007-09-27,63.14442443847656,61.535648345947266,63.14442443847656,61.755027770996094,6554700.0,43.84445571899414,VLO
2007-09-28,62.60511779785156,61.17001724243164,62.157222747802734,61.407676696777344,6958300.0,43.59785079956055,VLO
2007-10-01,61.76416778564453,60.6855583190918,61.17001724243164,61.64533996582031,7219100.0,43.76659393310547,VLO
2007-10-02,62.34003829956055,60.87751388549805,61.32541275024414,62.06581497192383,7876000.0,44.06511306762695,VLO
2007-10-03,62.157222747802734,60.78610610961914,61.57221221923828,61.32541275024414,7599900.0,43.53946304321289,VLO
2007-10-04,62.193782806396484,60.3016471862793,60.9232177734375,62.02925109863281,5906600.0,44.03916931152344,VLO
2007-10-05,62.95246887207031,61.36197280883789,62.34003829956055,62.477149963378906,6873900.0,44.35716247558594,VLO
2007-10-08,65.1553955078125,62.89762496948242,62.93418502807617,64.68921661376953,13156900.0,45.92765808105469,VLO
2007-10-09,66.26142883300781,64.49726104736328,65.12796783447266,65.9872055053711,11614400.0,46.84919738769531,VLO
2007-10-10,68.7568588256836,63.93967056274414,64.04022216796875,67.87020111083984,20049500.0,48.18608093261719,VLO
2007-10-11,69.15904998779297,65.65813446044922,68.05301666259766,66.95612335205078,12686500.0,47.537113189697266,VLO
2007-10-12,67.68738555908203,66.19744110107422,66.49908447265625,67.17549896240234,6781200.0,47.692874908447266,VLO
2007-10-15,68.54661560058594,66.66361999511719,67.73309326171875,67.43144226074219,7303500.0,47.87458419799805,VLO
2007-10-16,67.2303466796875,66.16088104248047,67.06581115722656,66.48994445800781,7363600.0,47.20613098144531,VLO
2007-10-17,67.0932388305664,64.40585327148438,67.0932388305664,65.28336334228516,9750400.0,46.349510192871094,VLO
2007-10-18,65.70384216308594,64.24131774902344,64.5521011352539,65.10054779052734,5447700.0,46.21968460083008,VLO
2007-10-19,64.71663665771484,62.4680061340332,64.62522888183594,62.58683776855469,12115700.0,44.435028076171875,VLO
2007-10-22,62.6142578125,60.630714416503906,61.26142501831055,62.522850036621094,10969900.0,44.38959503173828,VLO
2007-10-23,62.89762496948242,61.33455276489258,62.88848114013672,62.44972610473633,6003400.0,44.33768844604492,VLO
2007-10-24,64.26873779296875,61.6087760925293,61.98354721069336,64.12248992919922,12027700.0,45.525306701660156,VLO
2007-10-25,66.63619995117188,63.985374450683594,64.67092895507812,65.91407775878906,11924000.0,46.79728698730469,VLO
2007-10-26,69.24131774902344,66.32540893554688,68.4460678100586,66.846435546875,15326600.0,47.45924377441406,VLO
2007-10-29,67.34917449951172,65.11882781982422,67.12979888916016,65.42961883544922,7294900.0,46.45332336425781,VLO
2007-10-30,65.6947021484375,63.37294387817383,65.19195556640625,63.656307220458984,8176100.0,45.19432067871094,VLO
2007-10-31,65.20109558105469,63.75685501098633,64.18647003173828,64.37842559814453,8491800.0,45.7070198059082,VLO
2007-11-01,65.03656005859375,62.88848114013672,63.062156677246094,62.97074890136719,8300700.0,44.70759201049805,VLO
2007-11-02,64.51554107666016,62.36745834350586,63.63802719116211,63.69287109375,7726000.0,45.22029495239258,VLO
2007-11-05,64.09506225585938,62.404022216796875,62.404022216796875,63.4552116394043,5496500.0,45.1365852355957,VLO
2007-11-06,66.6910400390625,64.25959777832031,64.45155334472656,66.48080444335938,11575300.0,47.28874588012695,VLO
2007-11-07,66.72760772705078,64.48811340332031,66.72760772705078,64.59780883789062,8504200.0,45.949337005615234,VLO
2007-11-08,65.35649108886719,62.3857421875,64.62522888183594,63.82998275756836,9411000.0,45.403175354003906,VLO
2007-11-09,63.55575942993164,61.96526336669922,63.34552001953125,62.63254165649414,8247200.0,44.551422119140625,VLO
2007-11-12,63.34552001953125,61.407676696777344,62.157222747802734,62.330894470214844,9021600.0,44.33686447143555,VLO
2007-11-13,64.3692855834961,61.97440719604492,62.44972610473633,64.27787780761719,9339400.0,45.721763610839844,VLO
2007-11-14,64.79890441894531,63.29067611694336,64.53382110595703,63.52833557128906,6342200.0,45.18860626220703,VLO
2007-11-15,63.55575942993164,60.58501052856445,63.153564453125,61.44424057006836,11581400.0,43.706153869628906,VLO
2007-11-16,62.49542999267578,61.151737213134766,62.04753112792969,61.846435546875,9264900.0,43.992252349853516,VLO
2007-11-19,61.92870330810547,60.07312774658203,61.92870330810547,60.33820724487305,8649800.0,42.91941452026367,VLO
2007-11-20,61.51736831665039,60.26508331298828,61.19744110107422,60.99634552001953,8188400.0,43.387569427490234,VLO
2007-11-21,60.70383834838867,59.369285583496094,60.612430572509766,59.48811721801758,7603100.0,42.31474304199219,VLO
2007-11-23,60.292503356933594,59.113346099853516,59.78062057495117,60.292503356933594,3424900.0,42.88690185546875,VLO
2007-11-26,60.904937744140625,58.35466003417969,60.24679946899414,58.5466194152832,7576800.0,41.64503479003906,VLO
2007-11-27,58.117000579833984,55.57586669921875,58.117000579833984,56.672760009765625,15749400.0,40.312137603759766,VLO
2007-11-28,58.0073127746582,55.98720169067383,57.020111083984375,57.6142578125,10320600.0,40.98183059692383,VLO
2007-11-29,59.2230339050293,57.595977783203125,58.03473663330078,58.254112243652344,8110400.0,41.436981201171875,VLO
2007-11-30,59.91773223876953,58.957950592041016,59.177330017089844,59.50639724731445,10187200.0,42.327735900878906,VLO
2007-12-03,60.10968780517578,59.27787780761719,59.59780502319336,59.81718444824219,7439400.0,42.548805236816406,VLO
2007-12-04,59.579524993896484,58.35466003417969,59.579524993896484,58.72029113769531,5747300.0,41.768577575683594,VLO
2007-12-05,59.41498947143555,58.10786056518555,59.13162612915039,59.12248611450195,9477400.0,42.05466079711914,VLO
2007-12-06,60.5301628112793,58.519195556640625,58.903106689453125,60.255943298339844,7109900.0,42.860897064208984,VLO
2007-12-07,61.22486114501953,59.94515609741211,60.255943298339844,60.804386138916016,6164900.0,43.25101852416992,VLO
2007-12-10,60.86837387084961,59.826324462890625,60.85009002685547,60.3016471862793,4854800.0,42.893409729003906,VLO
2007-12-11,61.17915725708008,59.113346099853516,60.32906723022461,59.39670944213867,6221700.0,42.24972915649414,VLO
2007-12-12,61.288848876953125,59.41498947143555,59.95429611206055,60.72212219238281,9907700.0,43.1925163269043,VLO
2007-12-13,61.023765563964844,59.41498947143555,60.32906723022461,60.37477111816406,5405000.0,42.9454345703125,VLO
2007-12-14,61.19744110107422,59.12248611450195,60.036563873291016,60.9232177734375,7888600.0,43.33555603027344,VLO
2007-12-17,62.842777252197266,60.96892166137695,61.14259719848633,61.29798889160156,8328600.0,43.60213088989258,VLO
2007-12-18,63.04387664794922,60.6855583190918,61.617916107177734,62.678245544433594,7707300.0,44.583927154541016,VLO
2007-12-19,64.05850219726562,62.705665588378906,62.81535720825195,63.69287109375,7347000.0,45.30564498901367,VLO
2007-12-20,64.25959777832031,63.37294387817383,64.04936218261719,63.89396667480469,5889300.0,45.44868087768555,VLO
2007-12-21,64.69835662841797,63.94881057739258,64.3052978515625,64.64350891113281,9185300.0,45.98184585571289,VLO
2007-12-24,65.12796783447266,64.3692855834961,64.3692855834961,64.88117218017578,2492300.0,46.15089416503906,VLO
2007-12-26,65.08226776123047,64.57038116455078,64.89945220947266,64.89031219482422,3916000.0,46.157405853271484,VLO
2007-12-27,64.99085998535156,64.03108215332031,64.99085998535156,64.03108215332031,3748800.0,45.54622268676758,VLO
2007-12-28,64.89031219482422,63.47349166870117,64.22303771972656,64.48811340332031,4529000.0,45.871315002441406,VLO
2007-12-31,64.460693359375,63.52833557128906,64.40585327148438,64.0127944946289,4671700.0,45.533203125,VLO
2008-01-02,65.00914001464844,63.07129669189453,64.1407699584961,63.48263168334961,6565200.0,45.156089782714844,VLO
2008-01-03,63.70201110839844,60.283363342285156,63.70201110839844,60.72212219238281,11518000.0,43.1925163269043,VLO
2008-01-04,60.35649108886719,58.31809997558594,60.32906723022461,58.628883361816406,9964600.0,41.70354461669922,VLO
2008-01-07,58.67458724975586,57.02925109863281,57.97074890136719,58.22669219970703,11786200.0,41.417476654052734,VLO
2008-01-08,59.707496643066406,57.63254165649414,58.711151123046875,57.79707336425781,9519800.0,41.11188507080078,VLO
2008-01-09,58.02559280395508,55.49360275268555,58.02559280395508,56.371116638183594,12456100.0,40.09756851196289,VLO
2008-01-10,57.35831832885742,55.41133499145508,55.85923385620117,57.001827239990234,8056100.0,40.54621124267578,VLO
2008-01-11,56.672760009765625,54.168190002441406,56.672760009765625,54.497257232666016,11273500.0,38.764671325683594,VLO
2008-01-14,55.07312774658203,54.232173919677734,55.04570388793945,54.72577667236328,13024200.0,38.927223205566406,VLO
2008-01-15,53.36380386352539,50.18281555175781,53.19926834106445,50.18281555175781,23024700.0,35.695762634277344,VLO
2008-01-16,50.9232177734375,47.83363723754883,50.18281555175781,49.04935836791992,22815300.0,34.889503479003906,VLO
2008-01-17,50.65813446044922,47.35831832885742,49.908592224121094,47.64168167114258,15339900.0,33.888206481933594,VLO
2008-01-18,49.54296112060547,47.20292663574219,48.08958053588867,49.387569427490234,15194700.0,35.13008499145508,VLO
2008-01-22,48.88482666015625,46.38939666748047,47.193782806396484,48.42778778076172,11423200.0,34.447364807128906,VLO
2008-01-23,48.592323303222656,43.69287109375,47.349178314208984,48.49177169799805,19259300.0,34.49288558959961,VLO
2008-01-24,50.85923385620117,48.903106689453125,48.985374450683594,50.57586669921875,13445500.0,35.97532272338867,VLO
2008-01-25,52.57769775390625,49.579524993896484,51.43510055541992,49.899452209472656,11611900.0,35.49419021606445,VLO
2008-01-28,51.234004974365234,49.497257232666016,49.81718444824219,50.18281555175781,9285700.0,35.695762634277344,VLO
2008-01-29,56.11517333984375,53.87568664550781,53.985374450683594,55.37477111816406,21054100.0,39.38886260986328,VLO
2008-01-30,56.270565032958984,53.793418884277344,55.091407775878906,54.43327331542969,12423400.0,38.71916961669922,VLO
2008-01-31,54.65264892578125,52.50457000732422,54.095062255859375,53.985374450683594,10496900.0,38.400577545166016,VLO
2008-02-01,55.118831634521484,53.94881057739258,54.305301666259766,55.0,7671300.0,39.122276306152344,VLO
2008-02-04,55.639854431152344,54.64350891113281,55.04570388793945,54.91773223876953,4899800.0,39.06376266479492,VLO
2008-02-05,54.460693359375,52.10237503051758,53.921390533447266,52.30347442626953,7881200.0,37.204200744628906,VLO
2008-02-06,52.998172760009766,51.38939666748047,52.76051330566406,51.62705612182617,8770200.0,36.72304916381836,VLO
2008-02-07,52.88848114013672,50.420475006103516,51.18830108642578,52.22120666503906,8191900.0,37.14568328857422,VLO
2008-02-08,54.12248611450195,52.03839111328125,52.03839111328125,53.82998275756836,7194400.0,38.290035247802734,VLO
2008-02-11,54.10420608520508,52.44972610473633,53.82998275756836,53.85740280151367,7307400.0,38.39512634277344,VLO
2008-02-12,55.42961502075195,51.755027770996094,54.0767822265625,52.733089447021484,10054400.0,37.593597412109375,VLO
2008-02-13,54.497257232666016,52.650821685791016,53.63802719116211,54.113346099853516,7789400.0,38.57759475708008,VLO
2008-02-14,54.844608306884766,53.47349166870117,54.42413330078125,53.711151123046875,5329900.0,38.29086685180664,VLO
2008-02-15,53.4552116394043,51.65447998046875,52.842777252197266,53.35466003417969,8553900.0,38.036712646484375,VLO
2008-02-19,55.886653900146484,54.460693359375,54.826324462890625,55.447898864746094,8043400.0,39.52900314331055,VLO
2008-02-20,56.57221221923828,55.07312774658203,55.35649108886719,56.1608772277832,8139000.0,40.03728103637695,VLO
2008-02-21,56.50822830200195,54.34186553955078,56.25228500366211,54.6983528137207,7254700.0,38.9946403503418,VLO
2008-02-22,55.018280029296875,53.244972229003906,54.981719970703125,54.78062057495117,5942800.0,39.05329513549805,VLO
2008-02-25,56.18830108642578,53.848262786865234,54.80804443359375,55.831809997558594,6700000.0,39.80268096923828,VLO
2008-02-26,57.55941390991211,55.557586669921875,55.67641830444336,57.001827239990234,7211600.0,40.63679122924805,VLO
2008-02-27,57.11151885986328,55.34735107421875,56.76416778564453,55.58501052856445,6318900.0,39.62674331665039,VLO
2008-02-28,55.694698333740234,52.404022216796875,55.694698333740234,53.26325225830078,11840600.0,37.9715576171875,VLO
2008-02-29,53.8391227722168,52.43144607543945,53.464351654052734,52.806217193603516,8222600.0,37.64574432373047,VLO
2008-03-03,53.70201110839844,51.98354721069336,52.63254165649414,52.9159049987793,7385500.0,37.72392272949219,VLO
2008-03-04,53.16270446777344,50.767826080322266,52.4680061340332,51.80073165893555,8476800.0,36.92890930175781,VLO
2008-03-05,52.513710021972656,49.56124496459961,51.809871673583984,51.398536682128906,11744800.0,36.642189025878906,VLO
2008-03-06,51.18830108642578,48.81169891357422,51.00548553466797,48.921390533447266,8849500.0,34.87622833251953,VLO
2008-03-07,49.78976058959961,47.22120666503906,48.17184829711914,47.998172760009766,10024300.0,34.218048095703125,VLO
2008-03-10,48.9305305480957,47.138938903808594,48.36380386352539,47.30347442626953,8373600.0,33.722816467285156,VLO
2008-03-11,49.232173919677734,47.41316223144531,48.41864776611328,49.177330017089844,8281400.0,35.058685302734375,VLO
2008-03-12,48.903106689453125,46.03290557861328,48.66544723510742,46.29798889160156,12706700.0,33.006004333496094,VLO
2008-03-13,46.919559478759766,45.255943298339844,45.694698333740234,46.64533996582031,9818600.0,33.253604888916016,VLO
2008-03-14,46.81901168823242,43.93967056274414,46.62705612182617,44.89031219482422,14822400.0,32.00244903564453,VLO
2008-03-17,44.3144416809082,41.078609466552734,43.75685501098633,42.678245544433594,16497800.0,30.42546844482422,VLO
2008-03-18,46.03290557861328,43.656307220458984,43.66544723510742,45.75868225097656,18171600.0,32.62152099609375,VLO
2008-03-19,47.90676498413086,44.6983528137207,45.886653900146484,44.826324462890625,20350500.0,31.95684814453125,VLO
2008-03-20,46.18830108642578,44.00365447998047,44.75320053100586,45.255943298339844,17605500.0,32.26310348510742,VLO
2008-03-24,47.25777053833008,45.420475006103516,45.420475006103516,45.7769660949707,9065100.0,32.634552001953125,VLO
2008-03-25,46.57221221923828,43.5374755859375,44.57038497924805,43.96709442138672,21265200.0,31.344287872314453,VLO
2008-03-26,45.72212219238281,43.82084274291992,44.13162612915039,44.75320053100586,14930900.0,31.904714584350586,VLO
2008-03-27,46.398536682128906,44.28702163696289,45.97806167602539,44.305301666259766,15682000.0,31.585407257080078,VLO
2008-03-28,45.7769660949707,44.34186553955078,44.86288833618164,44.744056701660156,7976000.0,31.898189544677734,VLO
2008-03-31,45.39305114746094,44.00365447998047,45.018280029296875,44.89031219482422,8174900.0,32.00244903564453,VLO
2008-04-01,47.44972610473633,45.02742385864258,45.02742385864258,47.44972610473633,11979600.0,33.82708740234375,VLO
2008-04-02,48.628883361816406,46.87385559082031,47.522850036621094,47.50457000732422,11657200.0,33.86617660522461,VLO
2008-04-03,48.40036392211914,46.91041946411133,47.28519058227539,47.16636276245117,7328200.0,33.625057220458984,VLO
2008-04-04,47.63254165649414,45.475318908691406,47.349178314208984,46.26142501831055,9889700.0,32.979942321777344,VLO
2008-04-07,46.76416778564453,45.228519439697266,46.7001838684082,45.365631103515625,8256500.0,32.341312408447266,VLO
2008-04-08,46.133453369140625,45.08226776123047,45.24679946899414,45.639854431152344,5357700.0,32.53680419921875,VLO
2008-04-09,46.270565032958984,44.56124496459961,45.91407775878906,44.78976058959961,9084100.0,31.93077278137207,VLO
2008-04-10,45.091407775878906,43.82084274291992,44.6160888671875,44.899452209472656,9297100.0,32.008968353271484,VLO
2008-04-11,44.86288833618164,43.49177169799805,44.42413330078125,43.601463317871094,6263400.0,31.083633422851562,VLO
2008-04-14,44.8537483215332,43.519195556640625,44.32358169555664,43.87568664550781,9006300.0,31.279123306274414,VLO
2008-04-15,44.57038497924805,43.51005554199219,44.460693359375,44.387569427490234,7675100.0,31.64405059814453,VLO
2008-04-16,47.349178314208984,44.59780502319336,44.881168365478516,47.23948669433594,15346400.0,33.677188873291016,VLO
2008-04-17,49.305301666259766,46.89213943481445,47.2303466796875,48.436927795410156,13901400.0,34.530853271484375,VLO
2008-04-18,49.360145568847656,47.669105529785156,48.628883361816406,48.03473663330078,9776700.0,34.2441291809082,VLO
2008-04-21,49.29616165161133,47.925045013427734,47.98903274536133,48.903106689453125,7007000.0,34.86318588256836,VLO
2008-04-22,50.27422332763672,48.062156677246094,49.18647003173828,48.254112243652344,9943100.0,34.4005241394043,VLO
2008-04-23,49.57038497924805,47.27605056762695,48.4552116394043,47.71480941772461,10156400.0,34.01604461669922,VLO
2008-04-24,48.2998161315918,45.75868225097656,47.71480941772461,46.96526336669922,10140900.0,33.48169708251953,VLO
2008-04-25,47.56855392456055,46.480804443359375,47.294334411621094,47.39488220214844,6908600.0,33.78797149658203,VLO
2008-04-28,48.51005554199219,46.89213943481445,47.321754455566406,48.382083892822266,10984600.0,34.491756439208984,VLO
2008-04-29,48.77513885498047,46.52650833129883,48.77513885498047,47.06581497192383,11362800.0,33.553382873535156,VLO
2008-04-30,46.73674774169922,44.15904998779297,46.73674774169922,44.65264892578125,17525300.0,31.83302116394043,VLO
2008-05-01,45.73126220703125,43.31809997558594,44.43327331542969,45.475318908691406,15165200.0,32.41950988769531,VLO
2008-05-02,45.57586669921875,44.53382110595703,45.475318908691406,45.13711166381836,7941000.0,32.17839813232422,VLO
2008-05-05,45.59415054321289,44.56124496459961,45.283363342285156,45.036563873291016,6819300.0,32.10671615600586,VLO
2008-05-06,44.744056701660156,43.14442443847656,44.62522888183594,43.69287109375,13908600.0,31.148801803588867,VLO
2008-05-07,44.6983528137207,43.436927795410156,43.75685501098633,43.519195556640625,11819500.0,31.024980545043945,VLO
2008-05-08,43.976234436035156,41.9926872253418,43.784278869628906,42.294334411621094,14755400.0,30.151771545410156,VLO
2008-05-09,42.17550277709961,40.72212219238281,41.85557556152344,40.73126220703125,16144000.0,29.03746223449707,VLO
2008-05-12,43.18098831176758,41.14259719848633,41.18830108642578,42.98903274536133,14272400.0,30.647029876708984,VLO
2008-05-13,43.40036392211914,42.4680061340332,43.0073127746582,43.08958053588867,11323700.0,30.71871566772461,VLO
2008-05-14,44.40584945678711,42.96160888671875,43.117000579833984,43.35466003417969,12060400.0,30.907695770263672,VLO
2008-05-15,43.82998275756836,42.669105529785156,43.656307220458984,43.5466194152832,10348900.0,31.044527053833008,VLO
2008-05-16,44.64350891113281,43.382083892822266,43.464351654052734,44.26873779296875,11238100.0,31.5593318939209,VLO
2008-05-19,46.023765563964844,44.332725524902344,44.332725524902344,45.420475006103516,13333200.0,32.38040542602539,VLO
2008-05-20,45.93235778808594,44.59780502319336,45.34735107421875,45.81352996826172,9875200.0,32.66062927246094,VLO
2008-05-21,46.407676696777344,45.13711166381836,45.84095001220703,45.24679946899414,13461500.0,32.256591796875,VLO
2008-05-22,46.51736831665039,45.16453552246094,45.24679946899414,45.5301628112793,11475700.0,32.458614349365234,VLO
2008-05-23,45.9232177734375,44.06764221191406,45.694698333740234,44.43327331542969,7532700.0,31.781339645385742,VLO
2008-05-27,44.56124496459961,42.83363723754883,44.56124496459961,43.3912239074707,12489400.0,31.035993576049805,VLO
2008-05-28,45.33820724487305,43.87568664550781,43.957950592041016,45.3016471862793,14339700.0,32.40245056152344,VLO
2008-05-29,45.33820724487305,44.27787780761719,45.310787200927734,44.460693359375,9111000.0,31.800945281982422,VLO
2008-05-30,46.80073165893555,44.58866500854492,44.97257614135742,46.47166442871094,15678300.0,33.23931884765625,VLO
2008-06-02,48.41864776611328,46.47166442871094,46.5447883605957,48.33638000488281,16497500.0,34.57306671142578,VLO
2008-06-03,49.305301666259766,47.330894470214844,48.153564453125,47.63254165649414,15331800.0,34.069644927978516,VLO
2008-06-04,48.31809997558594,44.83546447753906,48.0073127746582,45.13711166381836,18735200.0,32.284759521484375,VLO
2008-06-05,45.557586669921875,44.18647003173828,45.46617889404297,45.37477111816406,12517700.0,32.45474624633789,VLO
2008-06-06,45.091407775878906,42.2303466796875,45.06398391723633,42.349178314208984,22088800.0,30.29066276550293,VLO
2008-06-09,42.82449722290039,40.74040222167969,42.7696533203125,41.4533805847168,14715200.0,29.649944305419922,VLO
2008-06-10,41.745887756347656,40.40219497680664,40.99634552001953,40.767826080322266,13490200.0,29.159591674804688,VLO
2008-06-11,41.17915725708008,39.360145568847656,40.822669982910156,40.84095001220703,13438100.0,29.211891174316406,VLO
2008-06-12,41.97440719604492,40.40219497680664,40.95064163208008,40.60329055786133,10928700.0,29.04190444946289,VLO
2008-06-13,41.398536682128906,40.33820724487305,40.7769660949707,40.98720169067383,7930500.0,29.31650733947754,VLO
2008-06-16,40.99634552001953,39.908592224121094,40.99634552001953,40.32906723022461,9513000.0,28.845762252807617,VLO
2008-06-17,41.52650833129883,40.539306640625,40.78610610961914,41.151737213134766,9261500.0,29.434188842773438,VLO
2008-06-18,41.36197280883789,39.6160888671875,40.767826080322266,40.27422332763672,10563300.0,28.806529998779297,VLO
2008-06-19,40.57586669921875,39.62522888183594,40.447898864746094,40.37477111816406,13659400.0,28.878450393676758,VLO
2008-06-20,40.100547790527344,38.61974334716797,40.08226776123047,38.85740280151367,12715300.0,27.793140411376953,VLO
2008-06-23,40.1462516784668,38.848262786865234,39.369285583496094,39.707496643066406,10395200.0,28.40117835998535,VLO
2008-06-24,40.118831634521484,38.446067810058594,39.8537483215332,39.45155334472656,13005600.0,28.21811294555664,VLO
2008-06-25,40.539306640625,39.03107833862305,39.39670944213867,39.981719970703125,14631100.0,28.597326278686523,VLO
2008-06-26,39.579524993896484,37.513710021972656,39.29616165161133,37.705665588378906,14082600.0,26.969348907470703,VLO
2008-06-27,37.65996170043945,35.831809997558594,37.65996170043945,36.52650833129883,20900800.0,26.125947952270508,VLO
2008-06-30,37.787933349609375,36.29798889160156,36.4625244140625,37.64168167114258,13361800.0,26.923583984375,VLO
2008-07-01,37.23948669433594,36.014625549316406,36.78245162963867,36.91041946411133,11799300.0,26.400537490844727,VLO
2008-07-02,37.14807891845703,34.515541076660156,36.85557556152344,34.66179275512695,14708100.0,24.792190551757812,VLO
2008-07-03,34.78976058959961,33.41864776611328,34.744056701660156,33.903106689453125,10385800.0,24.24952507019043,VLO
2008-07-07,35.39305114746094,33.19926834106445,34.73491668701172,33.628883361816406,16237400.0,24.053394317626953,VLO
2008-07-08,34.14076614379883,32.03839111328125,34.14076614379883,33.382083892822266,15566400.0,23.87687110900879,VLO
2008-07-09,33.77513885498047,31.288848876953125,33.48263168334961,31.435100555419922,14195300.0,22.484268188476562,VLO
2008-07-10,31.398536682128906,30.009140014648438,31.343692779541016,30.895795822143555,16154700.0,22.09852409362793,VLO
2008-07-11,30.557586669921875,28.592321395874023,30.164533615112305,29.826324462890625,17316100.0,21.333576202392578,VLO
2008-07-14,30.173675537109375,28.702011108398438,30.173675537109375,28.994516372680664,10065500.0,20.738609313964844,VLO
2008-07-15,30.65813446044922,27.148080825805664,28.793418884277344,29.451553344726562,26357000.0,21.06551170349121,VLO
2008-07-16,30.758684158325195,28.848262786865234,29.753198623657227,29.634368896484375,20302000.0,21.19627571105957,VLO
2008-07-17,30.895795822143555,29.478975296020508,30.0731258392334,30.676416397094727,19379300.0,21.941604614257812,VLO
2008-07-18,31.12431526184082,29.86288833618164,30.39305305480957,30.26508140563965,12135500.0,21.647397994995117,VLO
2008-07-21,33.18098831176758,30.575868606567383,30.813528060913086,32.650821685791016,16163700.0,23.353824615478516,VLO
2008-07-22,33.062156677246094,31.526508331298828,32.6234016418457,32.2303466796875,14795200.0,23.053071975708008,VLO
2008-07-23,32.68738555908203,30.557586669921875,32.58683776855469,30.694698333740234,15197600.0,21.954683303833008,VLO
2008-07-24,31.069469451904297,28.54661750793457,31.06032943725586,28.738574981689453,15544600.0,20.555553436279297,VLO
2008-07-25,29.698354721069336,28.793418884277344,29.34186553955078,29.14076805114746,9425000.0,20.84322166442871,VLO
2008-07-28,29.73491859436035,28.87568473815918,29.66179084777832,29.0767822265625,11725100.0,20.797454833984375,VLO
2008-07-29,30.484460830688477,28.61060333251953,29.899452209472656,30.46617889404297,19187200.0,21.79123878479004,VLO
2008-07-30,32.23948669433594,30.39305305480957,31.05118751525879,32.138938903808594,17037000.0,22.98769187927246,VLO
2008-07-31,31.873857498168945,30.39305305480957,31.599634170532227,30.539304733276367,12143400.0,21.84353256225586,VLO
2008-08-01,30.566726684570312,29.396709442138672,30.566726684570312,30.11882972717285,8831500.0,21.54279136657715,VLO
2008-08-04,29.844606399536133,28.135282516479492,29.451553344726562,28.327239990234375,12555100.0,20.362743377685547,VLO
2008-08-05,29.844606399536133,28.107860565185547,28.49177360534668,29.378427505493164,17012400.0,21.118379592895508,VLO
2008-08-06,31.627056121826172,29.515539169311523,29.515539169311523,31.50822639465332,18913800.0,22.64936637878418,VLO
2008-08-07,31.718463897705078,29.954296112060547,31.279706954956055,30.109689712524414,12751100.0,21.6440486907959,VLO
2008-08-08,31.946983337402344,29.990859985351562,30.566726684570312,31.736745834350586,14495200.0,22.813642501831055,VLO
2008-08-11,32.650821685791016,31.224863052368164,31.956125259399414,31.864717483520508,11685700.0,22.905628204345703,VLO
2008-08-12,32.42230224609375,30.740402221679688,32.193782806396484,30.877513885498047,11187600.0,22.19598960876465,VLO
2008-08-13,32.11151885986328,30.621572494506836,30.968921661376953,31.800731658935547,12718000.0,22.859634399414062,VLO
2008-08-14,31.855575561523438,30.712980270385742,31.83729362487793,31.014625549316406,9542800.0,22.2945499420166,VLO
2008-08-15,31.83729362487793,30.822669982910156,31.261425018310547,31.288848876953125,10195300.0,22.49167251586914,VLO
2008-08-18,31.526508331298828,29.616086959838867,31.425960540771484,29.826324462890625,9019300.0,21.440349578857422,VLO
2008-08-19,30.65813446044922,29.46983528137207,29.698354721069336,30.548446655273438,8844400.0,21.959440231323242,VLO
2008-08-20,32.129798889160156,29.981718063354492,30.301645278930664,31.873857498168945,12426600.0,22.912202835083008,VLO
2008-08-21,31.64533805847168,30.84095001220703,31.270566940307617,31.243144989013672,7122500.0,22.458816528320312,VLO
2008-08-22,31.489944458007812,30.39305305480957,31.38939666748047,30.767824172973633,6817900.0,22.117136001586914,VLO
2008-08-25,31.398536682128906,30.05484390258789,30.66727638244629,30.25594139099121,6218200.0,21.749176025390625,VLO
2008-08-26,31.142595291137695,30.301645278930664,30.521024703979492,30.712980270385742,7780400.0,22.077714920043945,VLO
2008-08-27,32.861061096191406,30.895795822143555,30.97806167602539,32.01096725463867,14515800.0,23.01075553894043,VLO
2008-08-28,32.88848114013672,31.215723037719727,32.44972610473633,32.01096725463867,8822300.0,23.01075553894043,VLO
2008-08-29,32.44058609008789,31.636198043823242,32.44058609008789,31.7733097076416,7639200.0,22.83991813659668,VLO
2008-09-02,32.81535720825195,29.954296112060547,32.81535720825195,30.20109748840332,16015100.0,21.709747314453125,VLO
2008-09-03,32.020111083984375,29.972578048706055,30.39305305480957,31.78244972229004,15801000.0,22.846498489379883,VLO
2008-09-04,32.49542999267578,30.630712509155273,32.3857421875,30.776966094970703,14395600.0,22.123706817626953,VLO
2008-09-05,31.069469451904297,29.27787971496582,30.612430572509766,30.511882781982422,12797000.0,21.93315887451172,VLO
2008-09-08,31.846435546875,30.06398582458496,31.215723037719727,31.627056121826172,15708100.0,22.73478126525879,VLO
2008-09-09,31.087751388549805,27.733089447021484,31.087751388549805,27.88848304748535,23325900.0,20.04734992980957,VLO
2008-09-10,28.93967056274414,26.800731658935547,28.135282516479492,28.244972229003906,18671400.0,20.30361557006836,VLO
2008-09-11,30.301645278930664,28.01645278930664,28.638025283813477,30.19195556640625,22830100.0,21.70318031311035,VLO
2008-09-12,33.10786056518555,30.53016471862793,30.91407585144043,32.787933349609375,25458800.0,23.569272994995117,VLO
2008-09-15,30.822669982910156,27.76051139831543,30.712980270385742,28.510055541992188,23872100.0,20.494165420532227,VLO
2008-09-16,29.433273315429688,26.425960540771484,27.806215286254883,29.040220260620117,22057600.0,20.875267028808594,VLO
2008-09-17,30.80438804626465,27.458866119384766,28.80255889892578,27.90676498413086,20334200.0,20.06049919128418,VLO
2008-09-18,29.844606399536133,27.659963607788086,28.55575942993164,29.396709442138672,18205800.0,21.131528854370117,VLO
2008-09-19,31.45338249206543,29.478975296020508,31.078611373901367,31.243144989013672,16661700.0,22.458816528320312,VLO
2008-09-22,31.50822639465332,28.866544723510742,31.106033325195312,29.250457763671875,13312300.0,21.02638816833496,VLO
2008-09-23,30.8500919342041,29.33272361755371,29.442413330078125,29.88117027282715,14019800.0,21.479778289794922,VLO
2008-09-24,31.151737213134766,29.34186553955078,30.20109748840332,31.078611373901367,12057100.0,22.340543746948242,VLO
2008-09-25,33.053016662597656,30.8500919342041,31.425960540771484,32.64168167114258,13601500.0,23.46413803100586,VLO
2008-09-26,32.705665588378906,30.0731258392334,31.361974716186523,31.2340030670166,12501700.0,22.45224380493164,VLO
2008-09-29,30.621572494506836,25.776966094970703,30.173675537109375,27.404022216796875,18859500.0,19.699108123779297,VLO
2008-09-30,28.180986404418945,27.001827239990234,28.107860565185547,27.69652557373047,12574200.0,19.90936279296875,VLO
2008-10-01,27.751371383666992,26.224863052368164,27.2303466796875,26.76416778564453,14249500.0,19.239152908325195,VLO
2008-10-02,26.828153610229492,23.601463317871094,26.828153610229492,23.656307220458984,16250600.0,17.00510025024414,VLO
2008-10-03,25.85923194885254,23.27239418029785,23.976234436035156,23.500913619995117,16613500.0,16.893388748168945,VLO
2008-10-06,22.257770538330078,19.643510818481445,22.257770538330078,22.257770538330078,23794300.0,15.999772071838379,VLO
2008-10-07,23.144424438476562,20.612430572509766,22.559415817260742,20.795246124267578,19984200.0,14.94845962524414,VLO
2008-10-08,21.12431526184082,18.29981803894043,19.66179084777832,20.511882781982422,25651200.0,14.744763374328613,VLO
2008-10-09,21.17915916442871,17.221206665039062,21.087751388549805,17.422304153442383,19547100.0,12.523846626281738,VLO
2008-10-10,18.55575942993164,15.521023750305176,15.776965141296387,16.72760581970215,33674900.0,12.024470329284668,VLO
2008-10-13,19.9268741607666,15.914076805114746,18.281536102294922,19.73491859436035,22556900.0,14.186244010925293,VLO
2008-10-14,21.755027770996094,19.104204177856445,20.630712509155273,20.018281936645508,18294400.0,14.389941215515137,VLO
2008-10-15,19.46983528137207,15.8866548538208,19.19561195373535,16.014625549316406,18845600.0,11.511953353881836,VLO
2008-10-16,16.873857498168945,14.405850410461426,16.270566940307617,16.106033325195312,25633000.0,11.57766056060791,VLO
2008-10-17,17.82449722290039,15.383912086486816,15.712980270385742,16.563072204589844,17679600.0,11.90619945526123,VLO
2008-10-20,18.464351654052734,17.138938903808594,17.69652557373047,18.382083892822266,18551600.0,13.213773727416992,VLO
2008-10-21,19.19561195373535,17.76051139831543,17.952468872070312,18.382083892822266,16727000.0,13.213773727416992,VLO
2008-10-22,17.96160888671875,15.658135414123535,17.550273895263672,16.38025665283203,16709000.0,11.77478313446045,VLO
2008-10-23,16.718463897705078,14.460694313049316,16.718463897705078,15.612431526184082,23813200.0,11.22283935546875,VLO
2008-10-24,14.945155143737793,13.336380004882812,13.382083892822266,14.588665008544922,17660700.0,10.486910820007324,VLO
2008-10-27,15.082266807556152,13.811699867248535,14.204752922058105,13.811699867248535,16196300.0,9.928400993347168,VLO
2008-10-28,15.694698333740234,14.341864585876465,15.53016471862793,15.365631103515625,26388200.0,11.045427322387695,VLO
2008-10-29,17.31261444091797,15.10054874420166,15.850090980529785,15.950639724731445,24186100.0,11.465960502624512,VLO
2008-10-30,17.82449722290039,16.106033325195312,16.91042137145996,17.56855583190918,21761300.0,12.62897777557373,VLO
2008-10-31,19.561243057250977,16.956125259399414,17.266910552978516,18.81170082092285,27362600.0,13.522600173950195,VLO
2008-11-03,19.387569427490234,18.01645278930664,19.387569427490234,18.54661750793457,13004000.0,13.332048416137695,VLO
2008-11-04,20.109689712524414,18.281536102294922,18.88482666015625,20.08226776123047,19671900.0,14.435932159423828,VLO
2008-11-05,20.20109748840332,18.88482666015625,19.54296112060547,18.921388626098633,17322300.0,13.601449966430664,VLO
2008-11-06,18.738574981689453,16.809871673583984,18.656307220458984,17.056673049926758,16890800.0,12.261019706726074,VLO
2008-11-07,18.043874740600586,16.91042137145996,17.2303466796875,17.586837768554688,12417700.0,12.75428295135498,VLO
2008-11-10,18.446069717407227,17.413162231445312,18.23583221435547,18.03473472595215,10747000.0,13.079107284545898,VLO
2008-11-11,17.815357208251953,16.745885848999023,17.806215286254883,17.468008041381836,10736100.0,12.668107986450195,VLO
2008-11-12,17.2303466796875,16.06032943725586,16.9195613861084,16.106033325195312,11375100.0,11.680377006530762,VLO
2008-11-13,17.778793334960938,15.265082359313965,16.12431526184082,17.68738555908203,14864600.0,12.827203750610352,VLO
2008-11-14,18.93967056274414,16.681901931762695,17.330896377563477,17.833637237548828,15986400.0,12.933267593383789,VLO
2008-11-17,18.03473472595215,17.138938903808594,17.458866119384766,17.266910552978516,12659100.0,12.522265434265137,VLO
2008-11-18,17.65082359313965,15.914076805114746,17.449726104736328,16.91042137145996,16548800.0,12.2637357711792,VLO
2008-11-19,16.681901931762695,14.990859031677246,16.681901931762695,15.0365629196167,14435700.0,10.904778480529785,VLO
2008-11-20,14.634368896484375,12.742230415344238,14.60694694519043,12.842779159545898,18400400.0,9.313812255859375,VLO
2008-11-21,15.082266807556152,13.071297645568848,13.336380004882812,14.954296112060547,19979100.0,10.845117568969727,VLO
2008-11-24,16.31627082824707,14.9634370803833,15.594149589538574,15.914076805114746,14716100.0,11.541167259216309,VLO
2008-11-25,16.398536682128906,15.219378471374512,16.297988891601562,16.11517333984375,13074700.0,11.687006950378418,VLO
2008-11-26,16.864717483520508,15.676416397094727,15.868372917175293,16.78244972229004,14893200.0,12.170929908752441,VLO
2008-11-28,16.91042137145996,15.9597806930542,16.636198043823242,16.7733097076416,4394300.0,12.164301872253418,VLO
2008-12-01,16.087751388549805,14.780621528625488,16.06032943725586,14.835466384887695,13123400.0,10.758938789367676,VLO
2008-12-02,15.941498756408691,15.127970695495605,15.411334991455078,15.8866548538208,14337600.0,11.521280288696289,VLO
2008-12-03,16.270566940307617,15.109688758850098,15.356490135192871,16.19744110107422,16967000.0,11.74666976928711,VLO
2008-12-04,17.138938903808594,14.405850410461426,15.804387092590332,14.808043479919434,19501300.0,10.739056587219238,VLO
2008-12-05,15.557586669921875,13.802559852600098,14.515539169311523,15.502741813659668,14038800.0,11.242860794067383,VLO
2008-12-08,17.257770538330078,15.996343612670898,16.05118751525879,16.937843322753906,16522600.0,12.283624649047852,VLO
2008-12-09,17.89762306213379,16.691041946411133,16.755027770996094,17.17550277709961,12754300.0,12.455977439880371,VLO
2008-12-10,18.510055541992188,17.285192489624023,17.82449722290039,17.925045013427734,12048000.0,12.999555587768555,VLO
2008-12-11,18.81170082092285,17.48628807067871,18.171846389770508,17.833637237548828,12450300.0,12.933267593383789,VLO
2008-12-12,17.778793334960938,16.45338249206543,16.90127944946289,17.522851943969727,10059200.0,12.707880020141602,VLO
2008-12-15,18.40950584411621,17.340036392211914,18.190128326416016,17.669103622436523,10494100.0,12.813942909240723,VLO
2008-12-16,19.14076805114746,17.714807510375977,18.09872055053711,19.040220260620117,13730000.0,13.80830192565918,VLO
2008-12-17,20.8500919342041,18.81170082092285,19.095064163208008,20.429616928100586,18171700.0,14.815919876098633,VLO
2008-12-18,21.471664428710938,19.817184448242188,20.676416397094727,20.146251678466797,17799900.0,14.610416412353516,VLO
2008-12-19,20.91407585144043,19.817184448242188,20.65813446044922,20.767824172973633,17750900.0,15.061186790466309,VLO
2008-12-22,20.749542236328125,18.400365829467773,20.749542236328125,18.857404708862305,12795300.0,13.675719261169434,VLO
2008-12-23,19.588665008544922,18.327239990234375,18.81170082092285,18.647167205810547,9454800.0,13.52325439453125,VLO
2008-12-24,18.839122772216797,18.053016662597656,18.363801956176758,18.729433059692383,3348500.0,13.582911491394043,VLO
2008-12-26,19.01279640197754,18.473491668701172,18.930530548095703,18.866544723510742,3432400.0,13.682350158691406,VLO
2008-12-29,19.6892147064209,18.647167205810547,19.204753875732422,19.040220260620117,6917600.0,13.80830192565918,VLO
2008-12-30,19.707494735717773,18.62888526916504,19.040220260620117,19.698354721069336,6485400.0,14.285591125488281,VLO
2008-12-31,20.100547790527344,19.049360275268555,19.597806930541992,19.780622482299805,9048600.0,14.345252990722656,VLO
2009-01-02,21.499086380004883,19.652650833129883,19.826324462890625,21.243144989013672,10336800.0,15.405905723571777,VLO
2009-01-05,22.76051139831543,21.160877227783203,21.45338249206543,22.48628807067871,18548900.0,16.30745506286621,VLO
2009-01-06,23.674589157104492,22.550273895263672,23.180986404418945,22.806215286254883,16844700.0,16.53946876525879,VLO
2009-01-07,22.669103622436523,21.069469451904297,22.404022216796875,21.64533805847168,10543500.0,15.697587013244629,VLO
2009-01-08,22.63254165649414,21.243144989013672,21.243144989013672,22.48628807067871,11724700.0,16.30745506286621,VLO
2009-01-09,22.723949432373047,21.416818618774414,22.559415817260742,21.937843322753906,10060400.0,15.909707069396973,VLO
2009-01-12,21.90127944946289,20.73126220703125,21.819013595581055,20.97806167602539,11172200.0,15.213656425476074,VLO
2009-01-13,22.266910552978516,21.032907485961914,21.06032943725586,21.928701400756836,13248900.0,15.903079986572266,VLO
2009-01-14,21.44424057006836,19.506399154663086,21.38025665283203,20.27422332763672,15644900.0,14.703224182128906,VLO
2009-01-15,21.096891403198242,19.369287490844727,20.33820915222168,20.904935836791992,14985900.0,15.160621643066406,VLO
2009-01-16,22.166362762451172,20.91407585144043,21.64533805847168,21.96526527404785,14213500.0,15.929594039916992,VLO
2009-01-20,22.394880294799805,21.06032943725586,21.563072204589844,21.37111473083496,18460800.0,15.49870777130127,VLO
2009-01-21,22.8427791595459,21.416818618774414,21.636198043823242,22.787933349609375,15346500.0,16.526206970214844,VLO
2009-01-22,22.733089447021484,20.776966094970703,22.30347442626953,21.297988891601562,20108900.0,15.445671081542969,VLO
2009-01-23,22.714807510375977,20.511882781982422,20.65813446044922,22.477148056030273,13704500.0,16.300817489624023,VLO
2009-01-26,23.94881248474121,22.330896377563477,22.330896377563477,23.62888526916504,16496900.0,17.136079788208008,VLO
2009-01-27,23.171846389770508,21.535648345947266,23.02559471130371,22.17550277709961,18059800.0,16.082063674926758,VLO
2009-01-28,23.391225814819336,21.864717483520508,22.550273895263672,23.0804386138916,17186400.0,16.738340377807617,VLO
2009-01-29,22.989030838012695,21.992687225341797,22.65082359313965,22.56855583190918,11000600.0,16.367115020751953,VLO
2009-01-30,23.03473472595215,21.617916107177734,22.88848304748535,22.047531127929688,15540400.0,15.989250183105469,VLO
2009-02-02,21.57221221923828,20.58500862121582,21.57221221923828,20.932357788085938,13790700.0,15.18051528930664,VLO
2009-02-03,21.70018196105957,20.904935836791992,21.151737213134766,21.489944458007812,12636400.0,15.58488941192627,VLO
2009-02-04,22.29433250427246,21.544790267944336,21.57221221923828,21.864717483520508,13843300.0,15.856674194335938,VLO
2009-02-05,21.956125259399414,21.078611373901367,21.672760009765625,21.672760009765625,16986100.0,15.71746826171875,VLO
2009-02-06,21.892139434814453,21.2340030670166,21.59049415588379,21.70018196105957,12517000.0,15.737353324890137,VLO
2009-02-09,22.742229461669922,21.745885848999023,21.76416778564453,22.36745834350586,11221000.0,16.33417510986328,VLO
2009-02-10,22.851919174194336,20.959779739379883,22.531991958618164,21.206581115722656,13652400.0,15.486433029174805,VLO
2009-02-11,21.718463897705078,20.53016471862793,21.57221221923828,21.04204750061035,15060900.0,15.366278648376465,VLO
2009-02-12,22.065813064575195,20.47532081604004,20.740402221679688,21.928701400756836,20075800.0,16.013771057128906,VLO
2009-02-13,22.394880294799805,21.480804443359375,21.499086380004883,22.001827239990234,11761500.0,16.067176818847656,VLO
2009-02-17,21.627056121826172,20.127971649169922,21.38939666748047,20.210237503051758,15269700.0,14.758838653564453,VLO
2009-02-18,20.420475006103516,19.19561195373535,20.420475006103516,19.424131393432617,14391500.0,14.184773445129395,VLO
2009-02-19,20.05484390258789,18.638025283813477,19.835466384887695,18.87568473815918,16400500.0,13.784260749816895,VLO
2009-02-20,18.372943878173828,16.946983337402344,18.327239990234375,17.50457000732422,18159000.0,12.782983779907227,VLO
2009-02-23,18.171846389770508,16.873857498168945,17.806215286254883,16.928701400756836,15257600.0,12.362447738647461,VLO
2009-02-24,18.318098068237305,17.020109176635742,17.184642791748047,18.16270637512207,12513300.0,13.263591766357422,VLO
2009-02-25,19.232175827026367,17.723949432373047,18.510055541992188,18.756855010986328,17364800.0,13.697484016418457,VLO
2009-02-26,19.168190002441406,18.42778778076172,19.113346099853516,18.500913619995117,10815000.0,13.510581016540527,VLO
2009-02-27,18.519195556640625,17.449726104736328,17.96160888671875,17.714807510375977,12349200.0,12.936514854431152,VLO
2009-03-02,17.30347442626953,15.447897911071777,17.221206665039062,15.521023750305176,18260000.0,11.334465980529785,VLO
2009-03-03,16.361974716186523,15.557586669921875,16.032907485961914,15.72212028503418,14553000.0,11.481322288513184,VLO
2009-03-04,16.70018196105957,15.78610610961914,16.334552764892578,15.904935836791992,19865500.0,11.614826202392578,VLO
2009-03-05,15.667276382446289,14.789762496948242,15.53016471862793,14.945155143737793,14049400.0,10.913928031921387,VLO
2009-03-06,15.438756942749023,14.360146522521973,15.091407775878906,14.84460735321045,11709700.0,10.84050464630127,VLO
2009-03-09,15.758684158325195,14.579524993896484,14.579524993896484,15.201096534729004,9902700.0,11.100834846496582,VLO
2009-03-10,16.142595291137695,15.356490135192871,15.68555736541748,15.566727638244629,12759700.0,11.367843627929688,VLO
2009-03-11,16.19744110107422,15.118829727172852,15.776965141296387,15.603290557861328,12549900.0,11.39454460144043,VLO
2009-03-12,16.12431526184082,15.365631103515625,15.594149589538574,16.069469451904297,10889800.0,11.73498249053955,VLO
2009-03-13,16.45338249206543,15.438756942749023,16.361974716186523,15.840950965881348,11831200.0,11.568100929260254,VLO
2009-03-16,16.928701400756836,15.9232177734375,15.9232177734375,16.38025665283203,9830500.0,11.961936950683594,VLO
2009-03-17,16.928701400756836,15.859231948852539,16.435100555419922,16.91042137145996,10279600.0,12.34909725189209,VLO
2009-03-18,17.129798889160156,16.297988891601562,16.97440528869629,16.9195613861084,14578700.0,12.3557710647583,VLO
2009-03-19,18.35466194152832,17.184642791748047,17.458866119384766,17.76051139831543,13749300.0,12.969887733459473,VLO
2009-03-20,17.88848304748535,16.45338249206543,17.861061096191406,16.480804443359375,14039800.0,12.03536319732666,VLO
2009-03-23,17.084095001220703,15.996343612670898,17.084095001220703,16.956125259399414,18713600.0,12.382472038269043,VLO
2009-03-24,17.065813064575195,16.297988891601562,16.499086380004883,16.70932388305664,11064300.0,12.202241897583008,VLO
2009-03-25,17.449726104736328,16.544790267944336,16.882997512817383,17.03839111328125,13315800.0,12.442545890808105,VLO
2009-03-26,18.263254165649414,17.404022216796875,17.522851943969727,18.16270637512207,15165000.0,13.263591766357422,VLO
2009-03-27,18.043874740600586,17.385740280151367,17.733089447021484,17.413162231445312,11298000.0,12.716231346130371,VLO
2009-03-30,17.10237693786621,15.813528060913086,16.928701400756836,16.206581115722656,10961100.0,11.835103988647461,VLO
2009-03-31,16.800731658935547,15.950639724731445,16.755027770996094,16.361974716186523,12438100.0,11.948582649230957,VLO
2009-04-01,16.97440528869629,16.106033325195312,16.12431526184082,16.846435546875,11679400.0,12.302369117736816,VLO
2009-04-02,18.117002487182617,17.358318328857422,17.37660026550293,17.8427791595459,14685800.0,13.0299654006958,VLO
2009-04-03,18.363801956176758,17.468008041381836,17.733089447021484,18.135282516479492,11350400.0,13.243571281433105,VLO
2009-04-06,18.007312774658203,17.413162231445312,17.68738555908203,17.989030838012695,9188700.0,13.136770248413086,VLO
2009-04-07,18.071298599243164,17.37660026550293,17.550273895263672,17.723949432373047,9427100.0,12.943187713623047,VLO
2009-04-08,18.583181381225586,17.50457000732422,17.797075271606445,18.42778778076172,11661000.0,13.457179069519043,VLO
2009-04-09,19.287019729614258,18.793418884277344,19.049360275268555,19.19561195373535,11420400.0,14.017891883850098,VLO
2009-04-13,19.040220260620117,18.455209732055664,18.829980850219727,18.848262786865234,11567600.0,13.76423454284668,VLO
2009-04-14,19.19561195373535,18.510055541992188,18.61060333251953,18.793418884277344,9950500.0,13.724185943603516,VLO
2009-04-15,19.186471939086914,18.473491668701172,18.647167205810547,19.095064163208008,11941700.0,13.944466590881348,VLO
2009-04-16,19.88117027282715,18.793418884277344,19.259597778320312,19.6892147064209,10901600.0,14.378357887268066,VLO
2009-04-17,20.027421951293945,19.424131393432617,19.716636657714844,19.853748321533203,10415000.0,14.498507499694824,VLO
2009-04-20,19.46983528137207,18.09872055053711,19.41499137878418,18.35466194152832,13816500.0,13.403775215148926,VLO
2009-04-21,18.729433059692383,17.952468872070312,18.263254165649414,18.62888526916504,10642900.0,13.60403060913086,VLO
2009-04-22,19.323583602905273,18.41864776611328,18.473491668701172,18.738574981689453,13166000.0,13.684138298034668,VLO
2009-04-23,19.74405860900879,18.756855010986328,18.985374450683594,19.460695266723633,12290600.0,14.211472511291504,VLO
2009-04-24,20.036563873291016,19.451553344726562,19.74405860900879,19.817184448242188,10141000.0,14.471806526184082,VLO
2009-04-27,19.433273315429688,18.784276962280273,19.378427505493164,18.95795249938965,12583400.0,13.844337463378906,VLO
2009-04-28,19.442413330078125,18.88482666015625,19.067642211914062,19.031078338623047,11207500.0,13.897740364074707,VLO
2009-04-29,19.14076805114746,18.48263168334961,19.095064163208008,18.729433059692383,15266600.0,13.677453994750977,VLO
2009-04-30,18.95795249938965,17.89762306213379,18.88482666015625,18.135282516479492,13002900.0,13.243571281433105,VLO
2009-05-01,19.19561195373535,18.135282516479492,18.180986404418945,18.87568473815918,10665900.0,13.784260749816895,VLO
2009-05-04,20.036563873291016,18.994516372680664,19.02193832397461,19.972578048706055,11385200.0,14.585286140441895,VLO
2009-05-05,20.13711166381836,19.53382110595703,19.73491859436035,19.990859985351562,10596400.0,14.598630905151367,VLO
2009-05-06,21.023765563964844,19.990859985351562,20.283363342285156,20.703838348388672,11938800.0,15.119298934936523,VLO
2009-05-07,21.58135223388672,19.72577667236328,21.352832794189453,20.0,13333500.0,14.605306625366211,VLO
2009-05-08,21.59049415588379,20.3107852935791,20.383913040161133,21.297988891601562,11102500.0,15.553182601928711,VLO
2009-05-11,20.776966094970703,19.844606399536133,20.621572494506836,19.93601417541504,11194700.0,14.558588027954102,VLO
2009-05-12,20.146251678466797,18.985374450683594,20.109689712524414,19.314441680908203,10818800.0,14.104667663574219,VLO
2009-05-13,19.515539169311523,18.601463317871094,18.921388626098633,18.87568473815918,14310800.0,13.784260749816895,VLO
2009-05-14,19.698354721069336,18.40950584411621,18.921388626098633,19.451553344726562,8729200.0,14.204801559448242,VLO
2009-05-15,19.789762496948242,18.87568473815918,19.259597778320312,19.049360275268555,8323000.0,13.911087989807129,VLO
2009-05-18,19.424131393432617,19.0036563873291,19.204753875732422,19.1499080657959,10834800.0,13.984517097473145,VLO
2009-05-19,19.94515609741211,19.15904998779297,19.34186553955078,19.6892147064209,10356000.0,14.378357887268066,VLO
2009-05-20,20.639854431152344,19.716636657714844,19.9268741607666,19.762340545654297,11052100.0,14.431755065917969,VLO
2009-05-21,19.442413330078125,18.702011108398438,19.442413330078125,18.976234436035156,9395300.0,13.857688903808594,VLO
2009-05-22,19.21389389038086,18.674589157104492,19.186471939086914,18.784276962280273,7273200.0,13.826805114746094,VLO
2009-05-26,19.168190002441406,18.263254165649414,18.647167205810547,19.01279640197754,9842300.0,13.995014190673828,VLO
2009-05-27,19.79890251159668,19.0767822265625,19.0767822265625,19.259597778320312,9687800.0,14.17668628692627,VLO
2009-05-28,20.100547790527344,19.19561195373535,19.296161651611328,19.972578048706055,10636100.0,14.701497077941895,VLO
2009-05-29,20.557586669921875,20.027421951293945,20.33820915222168,20.44789695739746,9309000.0,15.051366806030273,VLO
2009-06-01,21.471664428710938,20.694698333740234,20.895795822143555,20.8500919342041,11765600.0,15.34741497039795,VLO
2009-06-02,20.877513885498047,20.438756942749023,20.749542236328125,20.45703887939453,9346600.0,15.058096885681152,VLO
2009-06-03,18.08957862854004,16.563072204589844,17.952468872070312,16.819013595581055,53201100.0,12.380205154418945,VLO
2009-06-04,17.385740280151367,16.636198043823242,16.846435546875,16.681901931762695,80196200.0,12.27928352355957,VLO
2009-06-05,17.129798889160156,16.544790267944336,17.10237693786621,16.64533805847168,23244700.0,12.252362251281738,VLO
2009-06-08,16.791589736938477,16.38025665283203,16.627056121826172,16.672760009765625,15162500.0,12.272550582885742,VLO
2009-06-09,17.065813064575195,16.499086380004883,17.001827239990234,16.59049415588379,15468100.0,12.211994171142578,VLO
2009-06-10,16.892139434814453,16.50822639465332,16.76416778564453,16.627056121826172,18161300.0,12.238908767700195,VLO
2009-06-11,16.78244972229004,16.11517333984375,16.78244972229004,16.151737213134766,21485600.0,11.88903522491455,VLO
2009-06-12,16.297988891601562,15.9597806930542,16.078611373901367,16.096891403198242,14836700.0,11.848661422729492,VLO
2009-06-15,16.078611373901367,15.630712509155273,15.987202644348145,15.82266902923584,15499200.0,11.646815299987793,VLO
2009-06-16,16.270566940307617,15.676416397094727,15.950639724731445,15.767824172973633,15223300.0,11.606444358825684,VLO
2009-06-17,15.859231948852539,15.356490135192871,15.648994445800781,15.758684158325195,18260100.0,11.599713325500488,VLO
2009-06-18,16.160877227783203,15.603290557861328,15.795247077941895,15.9232177734375,11595300.0,11.720826148986816,VLO
2009-06-19,16.45338249206543,15.639853477478027,16.45338249206543,15.712980270385742,19092500.0,11.566071510314941,VLO
2009-06-22,15.603290557861328,14.835466384887695,15.575868606567383,14.853747367858887,14982400.0,10.933605194091797,VLO
2009-06-23,15.210237503051758,14.579524993896484,15.0365629196167,15.13711166381836,14680400.0,11.142187118530273,VLO
2009-06-24,15.347349166870117,14.524680137634277,14.981718063354492,14.652650833129883,21116800.0,10.7855806350708,VLO
2009-06-25,15.265082359313965,14.542962074279785,14.625228881835938,15.255941390991211,14896700.0,11.229655265808105,VLO
2009-06-26,15.15539264678955,14.817184448242188,15.146252632141113,15.063985824584961,13195300.0,11.088359832763672,VLO
2009-06-29,15.39305305480957,15.054844856262207,15.201096534729004,15.201096534729004,14043700.0,11.18928337097168,VLO
2009-06-30,15.49360179901123,14.972578048706055,15.127970695495605,15.438756942749023,15490900.0,11.364222526550293,VLO
2009-07-01,16.078611373901367,15.585009574890137,15.767824172973633,15.9232177734375,20542900.0,11.720826148986816,VLO
2009-07-02,15.694698333740234,14.9634370803833,15.694698333740234,15.127970695495605,14225100.0,11.135457038879395,VLO
2009-07-06,15.23766040802002,14.579524993896484,14.853747367858887,15.219378471374512,16084800.0,11.202741622924805,VLO
2009-07-07,15.182815551757812,14.478976249694824,15.164533615112305,14.497258186340332,15635800.0,10.671197891235352,VLO
2009-07-08,14.808043479919434,13.976234436035156,14.76233959197998,14.460694313049316,19264500.0,10.644286155700684,VLO
2009-07-09,14.890311241149902,14.268738746643066,14.698354721069336,14.478976249694824,16642200.0,10.657740592956543,VLO
2009-07-10,14.57038402557373,14.122486114501953,14.442413330078125,14.232175827026367,13121900.0,10.476075172424316,VLO
2009-07-13,14.872029304504395,14.168190002441406,14.27787971496582,14.817184448242188,12949200.0,10.906694412231445,VLO
2009-07-14,15.228519439697266,14.808043479919434,14.936014175415039,14.981718063354492,11800100.0,11.027801513671875,VLO
2009-07-15,15.585009574890137,15.23766040802002,15.29250431060791,15.539305686950684,11853200.0,11.438231468200684,VLO
2009-07-16,15.767824172973633,15.356490135192871,15.402194023132324,15.731261253356934,15529300.0,11.57952880859375,VLO
2009-07-17,15.978062629699707,15.676416397094727,15.694698333740234,15.9232177734375,12290900.0,11.720826148986816,VLO
2009-07-20,16.31627082824707,15.978062629699707,16.096891403198242,16.279706954956055,11111200.0,11.983232498168945,VLO
2009-07-21,16.59049415588379,16.25228500366211,16.425960540771484,16.38939666748047,13018100.0,12.063973426818848,VLO
2009-07-22,16.361974716186523,16.087751388549805,16.215723037719727,16.19744110107422,13859100.0,11.922677040100098,VLO
2009-07-23,16.809871673583984,16.30712890625,16.31627082824707,16.745885848999023,13357300.0,12.326379776000977,VLO
2009-07-24,16.873857498168945,16.425960540771484,16.58135223388672,16.736745834350586,13268400.0,12.31965160369873,VLO
2009-07-27,17.285192489624023,16.59049415588379,16.7733097076416,17.1572208404541,17206100.0,12.62915325164795,VLO
2009-07-28,16.83729362487793,16.224863052368164,16.691041946411133,16.745885848999023,24111200.0,12.326379776000977,VLO
2009-07-29,16.471664428710938,15.859231948852539,16.435100555419922,16.17915916442871,15171100.0,11.909219741821289,VLO
2009-07-30,16.636198043823242,16.151737213134766,16.361974716186523,16.489944458007812,12725600.0,12.137981414794922,VLO
2009-07-31,16.64533805847168,16.25228500366211,16.261425018310547,16.45338249206543,12739900.0,12.11107063293457,VLO
2009-08-03,17.084095001220703,16.599634170532227,16.72760581970215,17.03839111328125,13182800.0,12.541685104370117,VLO
2009-08-04,17.221206665039062,16.78244972229004,16.882997512817383,17.12065887451172,9031900.0,12.602240562438965,VLO
2009-08-05,17.358318328857422,16.946983337402344,17.047531127929688,17.212066650390625,13095300.0,12.669526100158691,VLO
2009-08-06,17.340036392211914,17.001827239990234,17.138938903808594,17.09323501586914,13994800.0,12.582059860229492,VLO
2009-08-07,17.34917640686035,16.91042137145996,17.340036392211914,16.928701400756836,15052800.0,12.46094799041748,VLO
2009-08-10,16.97440528869629,16.617916107177734,16.70018196105957,16.928701400756836,8860000.0,12.572347640991211,VLO
2009-08-11,16.892139434814453,16.45338249206543,16.828153610229492,16.64533805847168,10377700.0,12.361897468566895,VLO
2009-08-12,16.7733097076416,16.435100555419922,16.563072204589844,16.51736831665039,9022500.0,12.266862869262695,VLO
2009-08-13,16.7733097076416,16.471664428710938,16.654478073120117,16.64533805847168,11046700.0,12.361897468566895,VLO
2009-08-14,16.72760581970215,16.11517333984375,16.64533805847168,16.261425018310547,9415400.0,12.0767822265625,VLO
2009-08-17,15.950639724731445,15.585009574890137,15.749543190002441,15.676416397094727,8041200.0,11.642318725585938,VLO
2009-08-18,15.8866548538208,15.676416397094727,15.72212028503418,15.767824172973633,10463600.0,11.710205078125,VLO
2009-08-19,16.18829917907715,15.585009574890137,15.594149589538574,16.133455276489258,9339300.0,11.981744766235352,VLO
2009-08-20,16.45338249206543,16.014625549316406,16.014625549316406,16.407678604125977,10482200.0,12.18539810180664,VLO
2009-08-21,17.001827239990234,16.58135223388672,16.636198043823242,16.90127944946289,14374500.0,12.551980972290039,VLO
2009-08-24,17.70566749572754,17.020109176635742,17.2303466796875,17.285192489624023,13439400.0,12.8371000289917,VLO
2009-08-25,17.541133880615234,17.193784713745117,17.51371192932129,17.266910552978516,11345400.0,12.823522567749023,VLO
2009-08-26,17.531991958618164,17.09323501586914,17.138938903808594,17.36745834350586,9179800.0,12.898191452026367,VLO
2009-08-27,17.48628807067871,16.96526527404785,17.212066650390625,17.404022216796875,8309000.0,12.925348281860352,VLO
2009-08-28,17.531991958618164,17.184642791748047,17.440584182739258,17.36745834350586,7445800.0,12.898191452026367,VLO
2009-08-31,17.138938903808594,16.78244972229004,17.047531127929688,17.129798889160156,10279100.0,12.72169303894043,VLO
2009-09-01,17.340036392211914,16.617916107177734,17.010969161987305,16.663619995117188,8559200.0,12.37547779083252,VLO
2009-09-02,16.718463897705078,16.37111473083496,16.480804443359375,16.398536682128906,10473100.0,12.178607940673828,VLO
2009-09-03,16.627056121826172,16.25228500366211,16.499086380004883,16.563072204589844,7035500.0,12.300804138183594,VLO
2009-09-04,16.819013595581055,16.416818618774414,16.425960540771484,16.78244972229004,5473800.0,12.463730812072754,VLO
2009-09-08,17.285192489624023,16.864717483520508,16.90127944946289,17.138938903808594,11818000.0,12.728477478027344,VLO
2009-09-09,17.17550277709961,16.755027770996094,17.074954986572266,16.828153610229492,10573100.0,12.497673034667969,VLO
2009-09-10,17.138938903808594,16.59049415588379,16.736745834350586,17.138938903808594,12704000.0,12.728477478027344,VLO
2009-09-11,17.541133880615234,17.065813064575195,17.2303466796875,17.30347442626953,9031000.0,12.850676536560059,VLO
2009-09-14,17.50457000732422,17.10237693786621,17.1572208404541,17.43144416809082,8259300.0,12.945717811584473,VLO
2009-09-15,17.595977783203125,17.065813064575195,17.541133880615234,17.257770538330078,11423000.0,12.816733360290527,VLO
2009-09-16,17.577695846557617,17.166362762451172,17.276050567626953,17.577695846557617,11874400.0,13.054332733154297,VLO
2009-09-17,19.287019729614258,17.43144416809082,17.541133880615234,18.738574981689453,44052400.0,13.916475296020508,VLO
2009-09-18,19.26873779296875,18.345521926879883,19.01279640197754,18.48263168334961,23946700.0,13.72639274597168,VLO
2009-09-21,18.473491668701172,18.08957862854004,18.363801956176758,18.40950584411621,10287700.0,13.672087669372559,VLO
2009-09-22,19.031078338623047,18.40950584411621,18.729433059692383,18.601463317871094,13674100.0,13.814648628234863,VLO
2009-09-23,18.729433059692383,18.0804386138916,18.656307220458984,18.117002487182617,11593100.0,13.454855918884277,VLO
2009-09-24,18.08957862854004,17.17550277709961,18.08957862854004,17.30347442626953,13867900.0,12.850676536560059,VLO
2009-09-25,18.126142501831055,17.34917640686035,17.34917640686035,17.787933349609375,16604200.0,13.210469245910645,VLO
2009-09-28,18.29981803894043,17.723949432373047,17.925045013427734,18.01645278930664,9618300.0,13.380181312561035,VLO
2009-09-29,18.135282516479492,17.723949432373047,17.925045013427734,17.787933349609375,10482400.0,13.210469245910645,VLO
2009-09-30,18.08957862854004,17.276050567626953,17.943326950073242,17.723949432373047,17996100.0,13.162944793701172,VLO
2009-10-01,18.007312774658203,17.358318328857422,17.787933349609375,17.358318328857422,10632500.0,12.89140510559082,VLO
2009-10-02,17.248628616333008,16.864717483520508,17.138938903808594,17.029251098632812,8964800.0,12.647019386291504,VLO
2009-10-05,17.678245544433594,16.499086380004883,16.72760581970215,17.586837768554688,14872100.0,13.06112289428711,VLO
2009-10-06,18.007312774658203,17.321754455566406,17.833637237548828,17.51371192932129,10150400.0,13.006811141967773,VLO
2009-10-07,17.970748901367188,17.36745834350586,17.385740280151367,17.65082359313965,8631500.0,13.10863971710205,VLO
2009-10-08,17.979890823364258,17.531991958618164,17.751371383666992,17.915904998779297,11122900.0,13.305501937866211,VLO
2009-10-09,17.915904998779297,17.51371192932129,17.815357208251953,17.714807510375977,5130500.0,13.156159400939941,VLO
2009-10-12,18.0804386138916,17.50457000732422,17.815357208251953,17.531991958618164,10307400.0,13.020387649536133,VLO
2009-10-13,17.733089447021484,17.276050567626953,17.559415817260742,17.531991958618164,12208300.0,13.020387649536133,VLO
2009-10-14,17.49542999267578,16.937843322753906,17.330896377563477,17.193784713745117,16824500.0,12.76921558380127,VLO
2009-10-15,18.41864776611328,17.074954986572266,17.074954986572266,18.41864776611328,27454500.0,13.678874969482422,VLO
2009-10-16,18.382083892822266,17.915904998779297,18.345521926879883,18.043874740600586,18653100.0,13.400544166564941,VLO
2009-10-19,18.29067611694336,17.934186935424805,18.180986404418945,17.970748901367188,11095800.0,13.346236228942871,VLO
2009-10-20,18.68372917175293,17.915904998779297,17.96160888671875,18.382083892822266,19660600.0,13.651721000671387,VLO
2009-10-21,19.13162612915039,18.208410263061523,18.2266902923584,18.40950584411621,23286100.0,13.672087669372559,VLO
2009-10-22,18.674589157104492,18.053016662597656,18.382083892822266,18.391225814819336,12200500.0,13.658513069152832,VLO
2009-10-23,19.908592224121094,18.848262786865234,18.967092514038086,18.893966674804688,22595000.0,14.031878471374512,VLO
2009-10-26,19.55210304260254,18.528335571289062,18.903108596801758,18.528335571289062,17799100.0,13.760336875915527,VLO
2009-10-27,18.866544723510742,17.36745834350586,18.16270637512207,17.723949432373047,24766300.0,13.162944793701172,VLO
2009-10-28,18.171846389770508,17.010969161987305,17.998172760009766,17.09323501586914,15898700.0,12.694541931152344,VLO
2009-10-29,17.51371192932129,17.065813064575195,17.257770538330078,17.31261444091797,10493700.0,12.857464790344238,VLO
2009-10-30,17.404022216796875,16.37111473083496,17.321754455566406,16.544790267944336,13537900.0,12.28722858428955,VLO
2009-11-02,16.745885848999023,15.914076805114746,16.59049415588379,16.224863052368164,16572200.0,12.049628257751465,VLO
2009-11-03,16.499086380004883,15.850090980529785,16.014625549316406,16.416818618774414,10863600.0,12.19218921661377,VLO
2009-11-04,16.745885848999023,16.069469451904297,16.553930282592773,16.17915916442871,10271200.0,12.015686988830566,VLO
2009-11-05,16.416818618774414,16.106033325195312,16.343692779541016,16.19744110107422,9013100.0,12.029265403747559,VLO
2009-11-06,16.270566940307617,15.639853477478027,16.05118751525879,15.804387092590332,12869300.0,11.847071647644043,VLO
2009-11-09,16.096891403198242,15.667276382446289,15.950639724731445,15.840950965881348,12112700.0,11.874479293823242,VLO
2009-11-10,15.950639724731445,15.594149589538574,15.8866548538208,15.795247077941895,13174700.0,11.840216636657715,VLO
2009-11-11,16.170019149780273,15.795247077941895,15.868372917175293,15.950639724731445,9863000.0,11.95670223236084,VLO
2009-11-12,15.987202644348145,15.548445701599121,15.868372917175293,15.548445701599121,10705100.0,11.6552152633667,VLO
2009-11-13,15.776965141296387,15.365631103515625,15.575868606567383,15.594149589538574,10959500.0,11.689472198486328,VLO
2009-11-16,15.978062629699707,15.548445701599121,15.658135414123535,15.603290557861328,13674100.0,11.696325302124023,VLO
2009-11-17,15.603290557861328,15.301645278930664,15.548445701599121,15.42961597442627,11447600.0,11.566136360168457,VLO
2009-11-18,15.676416397094727,15.301645278930664,15.466178894042969,15.374771118164062,11022500.0,11.525026321411133,VLO
2009-11-19,15.356490135192871,14.872029304504395,15.301645278930664,14.954296112060547,12123400.0,11.209836959838867,VLO
2009-11-20,15.301645278930664,14.954296112060547,15.173674583435059,15.054844856262207,13906500.0,11.285209655761719,VLO
2009-11-23,15.310786247253418,14.789762496948242,15.228519439697266,14.835466384887695,14302900.0,11.12076187133789,VLO
2009-11-24,14.9634370803833,14.579524993896484,14.936014175415039,14.634368896484375,16276600.0,10.970016479492188,VLO
2009-11-25,14.9634370803833,14.579524993896484,14.716636657714844,14.945155143737793,9853900.0,11.202981948852539,VLO
2009-11-27,14.780621528625488,14.405850410461426,14.597805976867676,14.625228881835938,6467300.0,10.963163375854492,VLO
2009-11-30,14.689213752746582,14.442413330078125,14.67093276977539,14.524680137634277,12686800.0,10.88779354095459,VLO
2009-12-01,14.835466384887695,14.542962074279785,14.616087913513184,14.698354721069336,10439900.0,11.017982482910156,VLO
2009-12-02,14.798903465270996,14.561243057250977,14.744058609008789,14.634368896484375,13324700.0,10.970016479492188,VLO
2009-12-03,14.853747367858887,14.588665008544922,14.588665008544922,14.597805976867676,12154400.0,10.942606925964355,VLO
2009-12-04,15.063985824584961,14.643509864807129,14.86288833618164,15.0,16022100.0,11.244094848632812,VLO
2009-12-07,15.246800422668457,14.76233959197998,15.045703887939453,14.954296112060547,11021200.0,11.209836959838867,VLO
2009-12-08,15.045703887939453,14.734917640686035,14.826325416564941,14.808043479919434,8823000.0,11.100203514099121,VLO
2009-12-09,15.182815551757812,14.771480560302734,14.908592224121094,14.872029304504395,10628900.0,11.14816665649414,VLO
2009-12-10,15.374771118164062,14.917733192443848,14.917733192443848,15.310786247253418,12262300.0,11.477059364318848,VLO
2009-12-11,15.438756942749023,15.063985824584961,15.39305305480957,15.182815551757812,8010900.0,11.381134986877441,VLO
2009-12-14,15.511882781982422,15.283363342285156,15.365631103515625,15.347349166870117,7588600.0,11.504469871520996,VLO
2009-12-15,15.603290557861328,15.246800422668457,15.356490135192871,15.32906723022461,8078200.0,11.490768432617188,VLO
2009-12-16,15.585009574890137,15.255941390991211,15.466178894042969,15.274223327636719,8013100.0,11.449655532836914,VLO
2009-12-17,15.502741813659668,15.201096534729004,15.201096534729004,15.255941390991211,8944600.0,11.435949325561523,VLO
2009-12-18,15.484460830688477,15.219378471374512,15.301645278930664,15.255941390991211,8950400.0,11.435949325561523,VLO
2009-12-21,15.68555736541748,15.283363342285156,15.319927215576172,15.630712509155273,7622300.0,11.71688175201416,VLO
2009-12-22,15.676416397094727,15.475319862365723,15.630712509155273,15.575868606567383,5454700.0,11.675773620605469,VLO
2009-12-23,15.667276382446289,15.255941390991211,15.511882781982422,15.457037925720215,7816300.0,11.58669376373291,VLO
2009-12-24,15.621572494506836,15.365631103515625,15.484460830688477,15.594149589538574,2154600.0,11.689472198486328,VLO
2009-12-28,15.648994445800781,15.283363342285156,15.557586669921875,15.365631103515625,5171800.0,11.518173217773438,VLO
2009-12-29,15.438756942749023,15.29250431060791,15.365631103515625,15.356490135192871,5036900.0,11.511322975158691,VLO
2009-12-30,15.484460830688477,15.301645278930664,15.301645278930664,15.411334991455078,4828200.0,11.552433967590332,VLO
2009-12-31,15.484460830688477,15.191956520080566,15.447897911071777,15.310786247253418,4796600.0,11.477059364318848,VLO
2010-01-04,16.398536682128906,15.639853477478027,15.767824172973633,16.352832794189453,15454500.0,12.258187294006348,VLO
2010-01-05,16.97440528869629,16.425960540771484,16.563072204589844,16.7733097076416,17087200.0,12.573381423950195,VLO
2010-01-06,17.385740280151367,16.599634170532227,16.809871673583984,17.193784713745117,16896900.0,12.888571739196777,VLO
2010-01-07,17.413162231445312,16.800731658935547,17.166362762451172,17.321754455566406,12077800.0,12.984498023986816,VLO
2010-01-08,17.34917640686035,16.937843322753906,17.30347442626953,17.084095001220703,13914200.0,12.80634880065918,VLO
2010-01-11,17.30347442626953,16.654478073120117,17.23948860168457,16.9195613861084,10924500.0,12.683012962341309,VLO
2010-01-12,16.70932388305664,16.261425018310547,16.608774185180664,16.64533805847168,10643800.0,12.477448463439941,VLO
2010-01-13,16.636198043823242,16.142595291137695,16.636198043823242,16.50822639465332,16334700.0,12.374671936035156,VLO
2010-01-14,16.791589736938477,16.361974716186523,16.50822639465332,16.70018196105957,9420900.0,12.518563270568848,VLO
2010-01-15,17.17550277709961,16.59049415588379,16.681901931762695,17.1572208404541,21476500.0,12.861162185668945,VLO
2010-01-19,17.30347442626953,16.97440528869629,17.138938903808594,17.248628616333008,13518600.0,12.929680824279785,VLO
2010-01-20,17.56855583190918,17.020109176635742,17.084095001220703,17.477148056030273,19232000.0,13.10097885131836,VLO
2010-01-21,17.559415817260742,16.937843322753906,17.440584182739258,17.276050567626953,14618500.0,12.950239181518555,VLO
2010-01-22,17.138938903808594,16.535648345947266,17.084095001220703,16.617916107177734,15366200.0,12.45689868927002,VLO
2010-01-25,16.956125259399414,16.499086380004883,16.755027770996094,16.7733097076416,10782600.0,12.573381423950195,VLO
2010-01-26,17.413162231445312,16.617916107177734,16.691041946411133,17.385740280151367,22434700.0,13.032464981079102,VLO
2010-01-27,17.422304153442383,16.755027770996094,17.221206665039062,17.084095001220703,25500800.0,12.80634880065918,VLO
2010-01-28,17.166362762451172,16.45338249206543,17.047531127929688,16.846435546875,16059700.0,12.628194808959961,VLO
2010-01-29,17.413162231445312,16.809871673583984,16.873857498168945,16.83729362487793,16339100.0,12.621344566345215,VLO
2010-02-01,17.541133880615234,17.047531127929688,17.056673049926758,17.51371192932129,13116400.0,13.128389358520508,VLO
2010-02-02,17.65082359313965,17.202924728393555,17.559415817260742,17.605119705200195,12607900.0,13.196907997131348,VLO
2010-02-03,17.50457000732422,17.03839111328125,17.30347442626953,17.31261444091797,8913000.0,12.977643966674805,VLO
2010-02-04,17.11151695251465,16.526508331298828,17.03839111328125,16.553930282592773,10470100.0,12.408930778503418,VLO
2010-02-05,16.608774185180664,15.987202644348145,16.499086380004883,16.599634170532227,13516200.0,12.443190574645996,VLO
2010-02-08,16.654478073120117,16.279706954956055,16.58135223388672,16.31627082824707,7159400.0,12.230781555175781,VLO
2010-02-09,16.718463897705078,16.297988891601562,16.51736831665039,16.544790267944336,9645500.0,12.402076721191406,VLO
2010-02-10,16.553930282592773,16.11517333984375,16.462522506713867,16.45338249206543,8711100.0,12.3335599899292,VLO
2010-02-11,16.535648345947266,16.096891403198242,16.462522506713867,16.45338249206543,14182600.0,12.3335599899292,VLO
2010-02-12,16.270566940307617,16.005483627319336,16.25228500366211,16.17915916442871,12805700.0,12.164969444274902,VLO
2010-02-16,16.480804443359375,16.243144989013672,16.30712890625,16.425960540771484,9928400.0,12.350537300109863,VLO
2010-02-17,16.544790267944336,16.18829917907715,16.45338249206543,16.288848876953125,8019200.0,12.247442245483398,VLO
2010-02-18,16.334552764892578,16.096891403198242,16.25228500366211,16.170019149780273,12758800.0,12.158096313476562,VLO
2010-02-19,16.398536682128906,16.06032943725586,16.224863052368164,16.352832794189453,9502500.0,12.295552253723145,VLO
2010-02-22,16.45338249206543,16.17915916442871,16.44424057006836,16.25228500366211,10545100.0,12.219951629638672,VLO
2010-02-23,16.25228500366211,15.795247077941895,16.18829917907715,15.978062629699707,11636400.0,12.013768196105957,VLO
2010-02-24,16.261425018310547,15.804387092590332,15.987202644348145,16.087751388549805,9561700.0,12.096240043640137,VLO
2010-02-25,15.950639724731445,15.648994445800781,15.831809997558594,15.950639724731445,10209000.0,11.993147850036621,VLO
2010-02-26,16.25228500366211,15.9232177734375,15.9597806930542,16.014625549316406,7680000.0,12.041255950927734,VLO
2010-03-01,16.2340030670166,16.087751388549805,16.133455276489258,16.12431526184082,6410600.0,12.123733520507812,VLO
2010-03-02,16.83729362487793,16.005483627319336,16.078611373901367,16.636198043823242,14737400.0,12.508613586425781,VLO
2010-03-03,17.221206665039062,16.70018196105957,16.736745834350586,17.020109176635742,12679800.0,12.797274589538574,VLO
2010-03-04,17.23948860168457,16.91042137145996,17.065813064575195,17.202924728393555,9867900.0,12.934728622436523,VLO
2010-03-05,17.943326950073242,17.29433250427246,17.29433250427246,17.88848304748535,15482200.0,13.450194358825684,VLO
2010-03-08,18.171846389770508,17.870201110839844,17.90676498413086,17.934186935424805,8676200.0,13.484559059143066,VLO
2010-03-09,18.007312774658203,17.742229461669922,17.76051139831543,17.851919174194336,8237600.0,13.422701835632324,VLO
2010-03-10,18.82084083557129,17.90676498413086,17.925045013427734,18.756855010986328,18427700.0,14.10311508178711,VLO
2010-03-11,19.113346099853516,18.446069717407227,18.656307220458984,18.656307220458984,13469900.0,14.027515411376953,VLO
2010-03-12,18.81170082092285,18.382083892822266,18.756855010986328,18.68372917175293,10460600.0,14.04813289642334,VLO
2010-03-15,18.665447235107422,18.208410263061523,18.61060333251953,18.61060333251953,10811500.0,13.993154525756836,VLO
2010-03-16,18.829980850219727,18.519195556640625,18.665447235107422,18.793418884277344,9592700.0,14.130608558654785,VLO
2010-03-17,19.168190002441406,18.784276962280273,18.857404708862305,18.88482666015625,11251500.0,14.199334144592285,VLO
2010-03-18,19.049360275268555,18.601463317871094,18.893966674804688,18.784276962280273,8108900.0,14.123734474182129,VLO
2010-03-19,18.88482666015625,18.244972229003906,18.564899444580078,18.564899444580078,10598400.0,13.958788871765137,VLO
2010-03-22,18.62888526916504,17.96160888671875,18.08957862854004,18.54661750793457,10229100.0,13.945037841796875,VLO
2010-03-23,18.61060333251953,18.372943878173828,18.55575942993164,18.55575942993164,8356900.0,13.951916694641113,VLO
2010-03-24,18.976234436035156,18.244972229003906,18.382083892822266,18.912248611450195,12482600.0,14.219955444335938,VLO
2010-03-25,19.19561195373535,18.135282516479492,19.02193832397461,18.16270637512207,14255400.0,13.656380653381348,VLO
2010-03-26,18.345521926879883,17.641681671142578,18.281536102294922,18.02559471130371,14513500.0,13.553285598754883,VLO
2010-03-29,18.27239418029785,17.952468872070312,18.135282516479492,18.180986404418945,9463400.0,13.670122146606445,VLO
2010-03-30,18.244972229003906,18.007312774658203,18.208410263061523,18.135282516479492,9559800.0,13.635762214660645,VLO
2010-03-31,18.117002487182617,17.82449722290039,18.107860565185547,18.007312774658203,12576900.0,13.539542198181152,VLO
2010-04-01,18.473491668701172,17.989030838012695,18.135282516479492,18.29981803894043,11606300.0,13.759476661682129,VLO
2010-04-05,18.88482666015625,18.244972229003906,18.40950584411621,18.857404708862305,11105400.0,14.17872142791748,VLO
2010-04-06,19.049360275268555,18.702011108398438,18.793418884277344,18.95795249938965,8179100.0,14.25432014465332,VLO
2010-04-07,18.839122772216797,18.281536102294922,18.839122772216797,18.382083892822266,9113500.0,13.821328163146973,VLO
2010-04-08,18.473491668701172,17.65082359313965,18.02559471130371,18.29981803894043,13149400.0,13.759476661682129,VLO
2010-04-09,18.69287109375,18.144424438476562,18.48263168334961,18.29067611694336,9463300.0,13.752603530883789,VLO
2010-04-12,18.281536102294922,17.861061096191406,18.208410263061523,17.915904998779297,11397700.0,13.47081184387207,VLO
2010-04-13,18.126142501831055,17.7696533203125,17.915904998779297,17.979890823364258,15432800.0,13.51892375946045,VLO
2010-04-14,18.62888526916504,18.007312774658203,18.0804386138916,18.61060333251953,17821400.0,13.993154525756836,VLO
2010-04-15,18.665447235107422,17.989030838012695,18.61974334716797,18.16270637512207,25871300.0,13.656380653381348,VLO
2010-04-16,18.09872055053711,17.23948860168457,18.071298599243164,17.50457000732422,28844000.0,13.161534309387207,VLO
2010-04-19,17.69652557373047,17.148080825805664,17.404022216796875,17.37660026550293,12104000.0,13.065317153930664,VLO
2010-04-20,17.979890823364258,17.385740280151367,17.51371192932129,17.89762306213379,12273600.0,13.457067489624023,VLO
2010-04-21,18.053016662597656,17.36745834350586,17.915904998779297,17.577695846557617,12050000.0,13.21651840209961,VLO
2010-04-22,17.806215286254883,17.23948860168457,17.48628807067871,17.778793334960938,7964300.0,13.36772346496582,VLO
2010-04-23,18.199268341064453,17.778793334960938,17.815357208251953,18.171846389770508,10359600.0,13.663253784179688,VLO
2010-04-26,18.574039459228516,18.153564453125,18.208410263061523,18.391225814819336,18712600.0,13.828205108642578,VLO
2010-04-27,18.81170082092285,18.171846389770508,18.61060333251953,18.190128326416016,22198200.0,13.676997184753418,VLO
2010-04-28,18.69287109375,18.29981803894043,18.29981803894043,18.674589157104492,14050300.0,14.041263580322266,VLO
2010-04-29,19.41499137878418,18.69287109375,18.756855010986328,19.34186553955078,14630000.0,14.542980194091797,VLO
2010-04-30,19.643510818481445,18.967092514038086,19.360145568847656,19.0036563873291,13170700.0,14.28868293762207,VLO
2010-05-03,19.579524993896484,19.01279640197754,19.21389389038086,19.53382110595703,9739400.0,14.687305450439453,VLO
2010-05-04,19.27787971496582,18.537477493286133,19.27787971496582,18.711151123046875,13089300.0,14.06874942779541,VLO
2010-05-05,19.058500289916992,17.952468872070312,18.327239990234375,18.61060333251953,11902200.0,13.993154525756836,VLO
2010-05-06,18.574039459228516,16.563072204589844,18.473491668701172,17.68738555908203,18023800.0,13.298992156982422,VLO
2010-05-07,17.88848304748535,16.736745834350586,17.577695846557617,16.928701400756836,18320700.0,12.728544235229492,VLO
2010-05-10,18.135282516479492,17.531991958618164,17.550273895263672,18.03473472595215,13549800.0,13.560160636901855,VLO
2010-05-11,18.244972229003906,17.68738555908203,17.778793334960938,17.88848304748535,9557000.0,13.450194358825684,VLO
2010-05-12,18.839122772216797,17.915904998779297,17.96160888671875,18.793418884277344,11441000.0,14.130608558654785,VLO
2010-05-13,19.067642211914062,18.702011108398438,18.784276962280273,18.857404708862305,10202400.0,14.17872142791748,VLO
2010-05-14,18.756855010986328,18.08957862854004,18.68372917175293,18.400365829467773,9933500.0,13.835073471069336,VLO
2010-05-17,18.528335571289062,17.422304153442383,18.281536102294922,17.787933349609375,14606900.0,13.411036491394043,VLO
2010-05-18,18.244972229003906,17.276050567626953,18.007312774658203,17.404022216796875,11493800.0,13.121587753295898,VLO
2010-05-19,17.449726104736328,16.800731658935547,17.358318328857422,17.202924728393555,13770600.0,12.969970703125,VLO
2010-05-20,16.882997512817383,16.2340030670166,16.809871673583984,16.343692779541016,18157300.0,12.322164535522461,VLO
2010-05-21,16.745885848999023,15.82266902923584,15.9232177734375,16.58135223388672,15423700.0,12.501346588134766,VLO
2010-05-24,16.672760009765625,16.18829917907715,16.435100555419922,16.18829917907715,8673600.0,12.20500659942627,VLO
2010-05-25,15.914076805114746,15.383912086486816,15.676416397094727,15.8866548538208,13703900.0,11.977584838867188,VLO
2010-05-26,16.471664428710938,16.023765563964844,16.170019149780273,16.078611373901367,12686800.0,12.122306823730469,VLO
2010-05-27,17.212066650390625,16.398536682128906,16.407678604125977,17.184642791748047,14812100.0,12.956188201904297,VLO
2010-05-28,17.36745834350586,16.83729362487793,17.129798889160156,17.074954986572266,11715900.0,12.873492240905762,VLO
2010-06-01,17.29433250427246,16.014625549316406,16.663619995117188,16.05118751525879,18158100.0,12.101633071899414,VLO
2010-06-02,16.297988891601562,15.731261253356934,16.04204750061035,16.297988891601562,15593400.0,12.287705421447754,VLO
2010-06-03,16.681901931762695,16.19744110107422,16.343692779541016,16.636198043823242,11537300.0,12.542695999145508,VLO
2010-06-04,16.37111473083496,15.68555736541748,16.17915916442871,15.78610610961914,13236900.0,11.901775360107422,VLO
2010-06-07,15.968921661376953,15.566727638244629,15.8866548538208,15.639853477478027,15098500.0,11.791511535644531,VLO
2010-06-08,15.831809997558594,15.0365629196167,15.511882781982422,15.411334991455078,15670700.0,11.619218826293945,VLO
2010-06-09,15.585009574890137,14.84460735321045,15.511882781982422,14.954296112060547,24325100.0,11.274640083312988,VLO
2010-06-10,15.813528060913086,15.23766040802002,15.246800422668457,15.78610610961914,11099700.0,11.901775360107422,VLO
2010-06-11,15.795247077941895,15.420475006103516,15.511882781982422,15.767824172973633,6600900.0,11.887992858886719,VLO
2010-06-14,16.59049415588379,15.9597806930542,15.9597806930542,16.023765563964844,12665700.0,12.08095932006836,VLO
2010-06-15,16.663619995117188,16.19744110107422,16.2340030670166,16.636198043823242,9000300.0,12.542695999145508,VLO
2010-06-16,16.654478073120117,16.206581115722656,16.58135223388672,16.599634170532227,9435400.0,12.515129089355469,VLO
2010-06-17,16.681901931762695,16.224863052368164,16.627056121826172,16.398536682128906,8686200.0,12.363511085510254,VLO
2010-06-18,16.51736831665039,16.17915916442871,16.435100555419922,16.44424057006836,8844100.0,12.397972106933594,VLO
2010-06-21,16.992687225341797,16.45338249206543,16.681901931762695,16.58135223388672,9741500.0,12.501346588134766,VLO
2010-06-22,16.691041946411133,16.17915916442871,16.526508331298828,16.270566940307617,7452800.0,12.267029762268066,VLO
2010-06-23,16.64533805847168,16.05118751525879,16.45338249206543,16.599634170532227,12458400.0,12.515129089355469,VLO
2010-06-24,16.691041946411133,16.31627082824707,16.499086380004883,16.51736831665039,9442200.0,12.453104972839355,VLO
2010-06-25,17.29433250427246,16.343692779541016,16.57221221923828,17.1572208404541,18288200.0,12.93551254272461,VLO
2010-06-28,17.184642791748047,16.800731658935547,17.184642791748047,16.91042137145996,7789400.0,12.749444961547852,VLO
2010-06-29,16.691041946411133,15.877513885498047,16.663619995117188,16.160877227783203,11692200.0,12.184329986572266,VLO
2010-06-30,16.791589736938477,16.12431526184082,16.17915916442871,16.435100555419922,13990900.0,12.39107894897461,VLO
2010-07-01,16.58135223388672,15.521023750305176,16.480804443359375,15.776965141296387,13377400.0,11.89488410949707,VLO
2010-07-02,15.9597806930542,15.29250431060791,15.868372917175293,15.457037925720215,9118900.0,11.653677940368652,VLO
2010-07-06,16.05118751525879,15.255941390991211,15.72212028503418,15.402194023132324,10676700.0,11.612327575683594,VLO
2010-07-07,16.142595291137695,15.457037925720215,15.585009574890137,16.096891403198242,9322900.0,12.136090278625488,VLO
2010-07-08,16.435100555419922,15.996343612670898,16.224863052368164,16.361974716186523,7451400.0,12.335945129394531,VLO
2010-07-09,16.416818618774414,16.11517333984375,16.352832794189453,16.352832794189453,7113700.0,12.329054832458496,VLO
2010-07-12,16.480804443359375,16.06032943725586,16.343692779541016,16.261425018310547,6491200.0,12.260135650634766,VLO
2010-07-13,16.636198043823242,16.425960540771484,16.563072204589844,16.535648345947266,6272700.0,12.466886520385742,VLO
2010-07-14,16.480804443359375,15.914076805114746,16.407678604125977,16.11517333984375,11127200.0,12.149871826171875,VLO
2010-07-15,16.407678604125977,15.9232177734375,16.206581115722656,16.343692779541016,8010000.0,12.322164535522461,VLO
2010-07-16,16.30712890625,15.804387092590332,16.224863052368164,15.868372917175293,6840100.0,11.9638032913208,VLO
2010-07-19,15.877513885498047,15.49360179901123,15.840950965881348,15.676416397094727,8783100.0,11.819077491760254,VLO
2010-07-20,15.831809997558594,15.521023750305176,15.603290557861328,15.795247077941895,13105700.0,11.90866470336914,VLO
2010-07-21,15.941498756408691,15.402194023132324,15.941498756408691,15.566727638244629,11047600.0,11.736379623413086,VLO
2010-07-22,15.8866548538208,15.411334991455078,15.676416397094727,15.676416397094727,15970400.0,11.819077491760254,VLO
2010-07-23,15.676416397094727,15.402194023132324,15.612431526184082,15.621572494506836,12842600.0,11.777729988098145,VLO
2010-07-26,16.12431526184082,15.557586669921875,15.630712509155273,16.05118751525879,19168800.0,12.101633071899414,VLO
2010-07-27,16.59049415588379,15.795247077941895,16.499086380004883,15.895794868469238,18512300.0,11.984476089477539,VLO
2010-07-28,16.106033325195312,15.548445701599121,15.868372917175293,15.566727638244629,14969800.0,11.736379623413086,VLO
2010-07-29,15.813528060913086,15.283363342285156,15.676416397094727,15.447897911071777,11965800.0,11.646788597106934,VLO
2010-07-30,15.585009574890137,15.228519439697266,15.420475006103516,15.53016471862793,15187700.0,11.708812713623047,VLO
2010-08-02,15.776965141296387,15.53016471862793,15.767824172973633,15.639853477478027,12490100.0,11.791511535644531,VLO
2010-08-03,16.224863052368164,15.603290557861328,15.712980270385742,16.160877227783203,17017900.0,12.184329986572266,VLO
2010-08-04,16.489944458007812,16.032907485961914,16.11517333984375,16.435100555419922,13504500.0,12.39107894897461,VLO
2010-08-05,16.809871673583984,16.18829917907715,16.38025665283203,16.736745834350586,11932200.0,12.618502616882324,VLO
2010-08-06,16.745885848999023,16.151737213134766,16.544790267944336,16.50822639465332,9371300.0,12.446208953857422,VLO
2010-08-09,16.70018196105957,16.51736831665039,16.553930282592773,16.663619995117188,5302900.0,12.563366889953613,VLO
2010-08-10,16.57221221923828,16.25228500366211,16.50822639465332,16.44424057006836,9102600.0,12.397972106933594,VLO
2010-08-11,16.17915916442871,15.612431526184082,16.170019149780273,15.667276382446289,9417300.0,11.812185287475586,VLO
2010-08-12,15.694698333740234,15.438756942749023,15.648994445800781,15.475319862365723,12214600.0,11.667462348937988,VLO
2010-08-13,15.703839302062988,15.402194023132324,15.457037925720215,15.402194023132324,9303300.0,11.612327575683594,VLO
2010-08-16,15.521023750305176,15.274223327636719,15.39305305480957,15.447897911071777,9002800.0,11.684718132019043,VLO
2010-08-17,15.594149589538574,15.173674583435059,15.585009574890137,15.301645278930664,12198400.0,11.574098587036133,VLO
2010-08-18,15.72212028503418,15.201096534729004,15.365631103515625,15.575868606567383,10287100.0,11.78151798248291,VLO
2010-08-19,15.630712509155273,15.173674583435059,15.53016471862793,15.310786247253418,10236300.0,11.581007957458496,VLO
2010-08-20,15.274223327636719,14.890311241149902,15.15539264678955,15.118829727172852,9190100.0,11.435813903808594,VLO
2010-08-23,15.356490135192871,14.908592224121094,15.15539264678955,14.9634370803833,7687500.0,11.318277359008789,VLO
2010-08-24,14.89945125579834,14.652650833129883,14.789762496948242,14.798903465270996,12288200.0,11.193822860717773,VLO
2010-08-25,14.744058609008789,14.369287490844727,14.689213752746582,14.689213752746582,11271000.0,11.110857009887695,VLO
2010-08-26,14.798903465270996,14.21389389038086,14.789762496948242,14.305301666259766,13813800.0,10.820466041564941,VLO
2010-08-27,14.76233959197998,14.159049034118652,14.369287490844727,14.716636657714844,8540500.0,11.131597518920898,VLO
2010-08-30,14.89945125579834,14.643509864807129,14.70749568939209,14.643509864807129,8304500.0,11.076286315917969,VLO
2010-08-31,14.70749568939209,14.305301666259766,14.616087913513184,14.414990425109863,9043900.0,10.903433799743652,VLO
2010-09-01,14.926874160766602,14.542962074279785,14.634368896484375,14.808043479919434,8932900.0,11.200737953186035,VLO
2010-09-02,15.301645278930664,14.817184448242188,14.835466384887695,15.210237503051758,8773300.0,11.50495719909668,VLO
2010-09-03,15.53016471862793,15.301645278930664,15.438756942749023,15.484460830688477,6111100.0,11.712372779846191,VLO
2010-09-07,15.639853477478027,15.173674583435059,15.356490135192871,15.466178894042969,10061200.0,11.698549270629883,VLO
2010-09-08,15.648994445800781,15.319927215576172,15.447897911071777,15.420475006103516,5192100.0,11.66397762298584,VLO
2010-09-09,15.621572494506836,15.319927215576172,15.548445701599121,15.383912086486816,3416900.0,11.636322975158691,VLO
2010-09-10,15.767824172973633,15.438756942749023,15.438756942749023,15.502741813659668,6856300.0,11.726201057434082,VLO
2010-09-13,15.895794868469238,15.53016471862793,15.648994445800781,15.868372917175293,7076100.0,12.002767562866211,VLO
2010-09-14,16.005483627319336,15.667276382446289,15.895794868469238,15.9232177734375,6193100.0,12.044249534606934,VLO
2010-09-15,15.8866548538208,15.557586669921875,15.795247077941895,15.850090980529785,5620900.0,11.988938331604004,VLO
2010-09-16,15.877513885498047,15.658135414123535,15.740402221679688,15.731261253356934,5761400.0,11.899054527282715,VLO
2010-09-17,15.840950965881348,15.49360179901123,15.776965141296387,15.53016471862793,8578400.0,11.746949195861816,VLO
2010-09-20,15.840950965881348,15.502741813659668,15.539305686950684,15.758684158325195,7486500.0,11.919797897338867,VLO
2010-09-21,15.840950965881348,15.566727638244629,15.731261253356934,15.676416397094727,6866000.0,11.85757064819336,VLO
2010-09-22,15.758684158325195,15.29250431060791,15.548445701599121,15.32906723022461,8908100.0,11.594837188720703,VLO
2010-09-23,15.402194023132324,15.146252632141113,15.23766040802002,15.210237503051758,6659300.0,11.50495719909668,VLO
2010-09-24,15.511882781982422,15.310786247253418,15.411334991455078,15.374771118164062,7432100.0,11.629406929016113,VLO
2010-09-27,15.630712509155273,15.274223327636719,15.365631103515625,15.42961597442627,6131700.0,11.670889854431152,VLO
2010-09-28,15.676416397094727,15.356490135192871,15.402194023132324,15.603290557861328,7503100.0,11.802258491516113,VLO
2010-09-29,15.996343612670898,15.521023750305176,15.539305686950684,15.78610610961914,8992500.0,11.940537452697754,VLO
2010-09-30,16.087751388549805,15.731261253356934,15.950639724731445,16.005483627319336,9520200.0,12.106473922729492,VLO
2010-10-01,16.243144989013672,15.950639724731445,16.170019149780273,16.133455276489258,6201800.0,12.203274726867676,VLO
2010-10-04,16.133455276489258,15.694698333740234,16.06032943725586,15.767824172973633,4836900.0,11.926712036132812,VLO
2010-10-05,16.17915916442871,15.859231948852539,15.895794868469238,16.069469451904297,5770500.0,12.154874801635742,VLO
2010-10-06,16.17915916442871,15.82266902923584,16.04204750061035,15.941498756408691,6377300.0,12.058075904846191,VLO
2010-10-07,16.19744110107422,15.932358741760254,16.014625549316406,16.151737213134766,5555200.0,12.217100143432617,VLO
2010-10-08,16.44424057006836,16.04204750061035,16.12431526184082,16.352832794189453,4772400.0,12.369208335876465,VLO
2010-10-11,16.599634170532227,16.334552764892578,16.425960540771484,16.535648345947266,5047600.0,12.507488250732422,VLO
2010-10-12,16.480804443359375,16.19744110107422,16.45338249206543,16.425960540771484,5063000.0,12.42452335357666,VLO
2010-10-13,16.91042137145996,16.489944458007812,16.499086380004883,16.691041946411133,8368800.0,12.625033378601074,VLO
2010-10-14,17.074954986572266,16.45338249206543,16.78244972229004,16.599634170532227,7054100.0,12.555885314941406,VLO
2010-10-15,16.76416778564453,16.38939666748047,16.72760581970215,16.544790267944336,6048500.0,12.514402389526367,VLO
2010-10-18,16.91042137145996,16.38939666748047,16.471664428710938,16.864717483520508,6484700.0,12.756399154663086,VLO
2010-10-19,16.745885848999023,16.38939666748047,16.59049415588379,16.489944458007812,7023600.0,12.472919464111328,VLO
2010-10-20,16.672760009765625,16.38939666748047,16.489944458007812,16.59049415588379,6028000.0,12.548974990844727,VLO
2010-10-21,16.636198043823242,16.014625549316406,16.627056121826172,16.170019149780273,9601600.0,12.230929374694824,VLO
2010-10-22,16.25228500366211,16.04204750061035,16.170019149780273,16.133455276489258,4016000.0,12.203274726867676,VLO
2010-10-25,16.425960540771484,16.18829917907715,16.224863052368164,16.243144989013672,5997900.0,12.286240577697754,VLO
2010-10-26,16.654478073120117,16.05118751525879,16.425960540771484,16.45338249206543,11241100.0,12.445263862609863,VLO
2010-10-27,16.755027770996094,16.361974716186523,16.407678604125977,16.636198043823242,9680400.0,12.583544731140137,VLO
2010-10-28,16.928701400756836,16.654478073120117,16.72760581970215,16.654478073120117,5484600.0,12.597370147705078,VLO
2010-10-29,16.672760009765625,16.261425018310547,16.608774185180664,16.407678604125977,5826500.0,12.41069221496582,VLO
2010-11-01,16.718463897705078,16.243144989013672,16.563072204589844,16.288848876953125,5664800.0,12.320810317993164,VLO
2010-11-02,16.544790267944336,16.30712890625,16.44424057006836,16.45338249206543,5993400.0,12.445263862609863,VLO
2010-11-03,16.691041946411133,16.297988891601562,16.544790267944336,16.58135223388672,6434300.0,12.542059898376465,VLO
2010-11-04,17.340036392211914,16.755027770996094,16.800731658935547,17.30347442626953,10081800.0,13.08827018737793,VLO
2010-11-05,17.56855583190918,17.212066650390625,17.330896377563477,17.49542999267578,7963100.0,13.233461380004883,VLO
2010-11-08,17.595977783203125,17.330896377563477,17.449726104736328,17.550273895263672,5202900.0,13.274947166442871,VLO
2010-11-09,17.70566749572754,17.43144416809082,17.559415817260742,17.49542999267578,7512400.0,13.233461380004883,VLO
2010-11-10,17.88848304748535,17.29433250427246,17.458866119384766,17.861061096191406,9412500.0,13.51002025604248,VLO
2010-11-11,18.263254165649414,17.723949432373047,17.82449722290039,18.244972229003906,11582100.0,13.80041217803955,VLO
2010-11-12,18.464351654052734,17.970748901367188,18.0804386138916,18.254114151000977,10441700.0,13.807329177856445,VLO
2010-11-15,18.27239418029785,17.806215286254883,18.199268341064453,17.8427791595459,7285600.0,13.5332670211792,VLO
2010-11-16,17.7696533203125,17.020109176635742,17.641681671142578,17.148080825805664,13830100.0,13.00635814666748,VLO
2010-11-17,17.659963607788086,17.047531127929688,17.09323501586914,17.458866119384766,6675100.0,13.242079734802246,VLO
2010-11-18,18.21755027770996,17.641681671142578,17.641681671142578,18.062156677246094,8799100.0,13.69965934753418,VLO
2010-11-19,18.03473472595215,17.614259719848633,18.007312774658203,17.88848304748535,8392200.0,13.567935943603516,VLO
2010-11-22,18.053016662597656,17.550273895263672,17.733089447021484,17.998172760009766,6907000.0,13.651128768920898,VLO
2010-11-23,17.934186935424805,17.559415817260742,17.861061096191406,17.69652557373047,8825700.0,13.422337532043457,VLO
2010-11-24,18.16270637512207,17.742229461669922,17.778793334960938,18.135282516479492,7169400.0,13.755122184753418,VLO
2010-11-26,18.02559471130371,17.733089447021484,17.96160888671875,17.87934112548828,2741600.0,13.56099796295166,VLO
2010-11-29,17.952468872070312,17.577695846557617,17.797075271606445,17.88848304748535,6539200.0,13.567935943603516,VLO
2010-11-30,17.970748901367188,17.586837768554688,17.65082359313965,17.806215286254883,8559200.0,13.505532264709473,VLO
2010-12-01,18.49177360534668,17.998172760009766,18.053016662597656,18.42778778076172,9524100.0,13.976980209350586,VLO
2010-12-02,18.994516372680664,18.41864776611328,18.446069717407227,18.94881248474121,11231800.0,14.372163772583008,VLO
2010-12-03,19.305301666259766,18.738574981689453,18.81170082092285,19.26873779296875,11365000.0,14.61481761932373,VLO
2010-12-06,19.46983528137207,19.104204177856445,19.1499080657959,19.177330017089844,9152900.0,14.545483589172363,VLO
2010-12-07,19.597806930541992,19.323583602905273,19.396709442138672,19.41499137878418,10517800.0,14.725750923156738,VLO
2010-12-08,19.597806930541992,18.994516372680664,19.46983528137207,19.27787971496582,11316600.0,14.621748924255371,VLO
2010-12-09,19.433273315429688,19.0036563873291,19.34186553955078,19.186471939086914,6386500.0,14.552420616149902,VLO
2010-12-10,19.79890251159668,19.223033905029297,19.259597778320312,19.762340545654297,8932600.0,14.989205360412598,VLO
2010-12-13,19.9268741607666,19.506399154663086,19.899452209472656,19.52467918395996,7873400.0,14.808941841125488,VLO
2010-12-14,19.6892147064209,19.369287490844727,19.6892147064209,19.561243057250977,7094200.0,14.836670875549316,VLO
2010-12-15,19.6892147064209,19.241315841674805,19.515539169311523,19.241315841674805,7470500.0,14.59401798248291,VLO
2010-12-16,19.53382110595703,19.104204177856445,19.287019729614258,19.478975296020508,6358800.0,14.774273872375488,VLO
2010-12-17,19.54296112060547,19.250457763671875,19.40584945678711,19.26873779296875,9266000.0,14.61481761932373,VLO
2010-12-20,20.283363342285156,19.369287490844727,19.424131393432617,20.27422332763672,10800800.0,15.37745189666748,VLO
2010-12-21,20.877513885498047,20.091407775878906,20.32906723022461,20.84095001220703,11851900.0,15.807294845581055,VLO
2010-12-22,21.023765563964844,20.72212028503418,20.813528060913086,20.767824172973633,9163500.0,15.751836776733398,VLO
2010-12-23,21.069469451904297,20.685558319091797,20.8500919342041,21.04204750061035,6429300.0,15.959824562072754,VLO
2010-12-27,21.069469451904297,20.795246124267578,20.9232177734375,21.032907485961914,6138600.0,15.952884674072266,VLO
2010-12-28,21.2340030670166,20.91407585144043,21.05118751525879,20.941499710083008,4233000.0,15.883560180664062,VLO
2010-12-29,21.480804443359375,20.904935836791992,20.941499710083008,21.343692779541016,5334500.0,16.188617706298828,VLO
2010-12-30,21.462522506713867,21.096891403198242,21.407678604125977,21.151737213134766,5125100.0,16.04302406311035,VLO
2010-12-31,21.663619995117188,21.023765563964844,21.160877227783203,21.133455276489258,4971100.0,16.029155731201172,VLO
2011-01-03,21.745885848999023,21.361974716186523,21.462522506713867,21.70932388305664,6397300.0,16.4659366607666,VLO
2011-01-04,21.83729362487793,21.032907485961914,21.809871673583984,21.19744110107422,9992000.0,16.07768440246582,VLO
2011-01-05,21.7733097076416,21.05118751525879,21.142595291137695,21.718463897705078,11372800.0,16.472869873046875,VLO
2011-01-06,21.928701400756836,21.44424057006836,21.828153610229492,21.736745834350586,8324600.0,16.486736297607422,VLO
2011-01-07,21.882997512817383,21.480804443359375,21.72760581970215,21.78244972229004,6761100.0,16.521398544311523,VLO
2011-01-10,21.846435546875,21.416818618774414,21.553930282592773,21.691041946411133,9251600.0,16.452072143554688,VLO
2011-01-11,22.248628616333008,21.755027770996094,21.800731658935547,22.084095001220703,9830700.0,16.75019645690918,VLO
2011-01-12,22.678245544433594,22.212066650390625,22.321754455566406,22.449726104736328,12895500.0,17.02751350402832,VLO
2011-01-13,23.01645278930664,22.458866119384766,22.531991958618164,22.88848304748535,11747800.0,17.36029815673828,VLO
2011-01-14,22.934186935424805,22.34917640686035,22.934186935424805,22.8427791595459,11481000.0,17.32563018798828,VLO
2011-01-18,23.372943878173828,22.751371383666992,22.934186935424805,23.372943878173828,9282000.0,17.72774887084961,VLO
2011-01-19,23.372943878173828,22.56855583190918,23.318098068237305,22.65082359313965,10150100.0,17.180036544799805,VLO
2011-01-20,22.577695846557617,21.499086380004883,22.440584182739258,22.010969161987305,14924400.0,16.694730758666992,VLO
2011-01-21,22.266910552978516,21.800731658935547,21.946983337402344,22.056673049926758,12301800.0,16.72939109802246,VLO
2011-01-24,22.340036392211914,21.882997512817383,22.065813064575195,22.31261444091797,7696200.0,16.92351722717285,VLO
2011-01-25,22.330896377563477,21.892139434814453,22.2303466796875,22.2303466796875,11445200.0,16.861116409301758,VLO
2011-01-26,23.208410263061523,22.422304153442383,22.477148056030273,23.126142501831055,12360000.0,17.540557861328125,VLO
2011-01-27,23.574039459228516,22.89762306213379,23.29067611694336,23.190128326416016,9666500.0,17.58908462524414,VLO
2011-01-28,23.29981803894043,22.861061096191406,23.171846389770508,22.989030838012695,11140300.0,17.436561584472656,VLO
2011-01-31,23.318098068237305,23.01645278930664,23.263254165649414,23.180986404418945,11606400.0,17.582155227661133,VLO
2011-02-01,23.857404708862305,23.382083892822266,23.537477493286133,23.82084083557129,13782400.0,18.067462921142578,VLO
2011-02-02,24.67093276977539,23.74771499633789,23.793418884277344,24.15904998779297,12840900.0,18.32398796081543,VLO
2011-02-03,24.13162612915039,23.336380004882812,24.0036563873291,23.866544723510742,10900900.0,18.10213279724121,VLO
2011-02-04,24.35100555419922,23.81170082092285,23.976234436035156,24.250457763671875,9894600.0,18.393320083618164,VLO
2011-02-07,25.621572494506836,24.74405860900879,24.780622482299805,24.954296112060547,12973000.0,18.927156448364258,VLO
2011-02-08,25.64899444580078,24.6892147064209,25.027421951293945,25.59415054321289,12975700.0,19.412473678588867,VLO
2011-02-09,25.66727638244629,24.771480560302734,25.511882781982422,25.0,13552900.0,18.961830139160156,VLO
2011-02-10,25.712980270385742,24.21389389038086,24.6892147064209,25.66727638244629,15320800.0,19.467941284179688,VLO
2011-02-11,26.032907485961914,25.20109748840332,25.795246124267578,25.566726684570312,18206400.0,19.391679763793945,VLO
2011-02-14,26.97440528869629,25.47532081604004,25.511882781982422,26.58135223388672,16632000.0,20.200746536254883,VLO
2011-02-15,26.736745834350586,25.78610610961914,26.636198043823242,26.005483627319336,14798900.0,19.763107299804688,VLO
2011-02-16,27.065813064575195,26.544790267944336,26.718463897705078,26.672760009765625,18984500.0,20.27021026611328,VLO
2011-02-17,27.806215286254883,26.718463897705078,27.001827239990234,27.68738555908203,19132400.0,21.041282653808594,VLO
2011-02-18,27.641681671142578,26.800731658935547,27.43144416809082,26.892139434814453,19446100.0,20.43693733215332,VLO
2011-02-22,26.96526527404785,25.73126220703125,26.627056121826172,25.749542236328125,17041200.0,19.568603515625,VLO
2011-02-23,26.087751388549805,24.40584945678711,25.776966094970703,25.365631103515625,24925100.0,19.276851654052734,VLO
2011-02-24,25.219377517700195,24.241315841674805,24.9268741607666,24.497257232666016,19168000.0,18.61691665649414,VLO
2011-02-25,26.12431526184082,24.817184448242188,24.899452209472656,26.106033325195312,15094700.0,19.839519500732422,VLO
2011-02-28,26.38939666748047,25.45703887939453,26.261425018310547,25.758684158325195,12430300.0,19.5755558013916,VLO
2011-03-01,25.91407585144043,24.561243057250977,25.749542236328125,24.66179084777832,12948800.0,18.74195671081543,VLO
2011-03-02,24.79890251159668,24.040220260620117,24.67093276977539,24.588665008544922,13177900.0,18.686386108398438,VLO
2011-03-03,26.535648345947266,24.94515609741211,25.05484390258789,26.489944458007812,22905200.0,20.131284713745117,VLO
2011-03-04,26.553930282592773,25.98720359802246,26.489944458007812,26.206581115722656,13481500.0,19.91593360900879,VLO
2011-03-07,26.325410842895508,25.045703887939453,26.279706954956055,25.438756942749023,10812200.0,19.332412719726562,VLO
2011-03-08,25.493600845336914,24.561243057250977,25.493600845336914,24.853748321533203,9632600.0,18.887836456298828,VLO
2011-03-09,25.429616928100586,24.579524993896484,24.826324462890625,25.32906723022461,12365700.0,19.24905776977539,VLO
2011-03-10,24.9268741607666,23.400365829467773,24.908592224121094,24.058500289916992,18311400.0,18.28348159790039,VLO
2011-03-11,25.712980270385742,24.250457763671875,24.73491859436035,25.575868606567383,17578200.0,19.436616897583008,VLO
2011-03-14,26.828153610229492,25.58500862121582,25.9963436126709,26.407678604125977,19838400.0,20.068761825561523,VLO
2011-03-15,25.86837387084961,24.954296112060547,25.11882972717285,25.511882781982422,16788400.0,19.387989044189453,VLO
2011-03-16,25.85923194885254,24.780622482299805,25.521024703979492,25.08226776123047,17326100.0,19.061500549316406,VLO
2011-03-17,25.776966094970703,25.319927215576172,25.521024703979492,25.511882781982422,12096500.0,19.387989044189453,VLO
2011-03-18,25.950639724731445,24.954296112060547,25.86837387084961,24.990859985351562,14475100.0,18.992034912109375,VLO
2011-03-21,25.877513885498047,25.219377517700195,25.493600845336914,25.86837387084961,7689700.0,19.658910751342773,VLO
2011-03-22,25.959779739379883,25.27422332763672,25.877513885498047,25.685558319091797,7964600.0,19.519977569580078,VLO
2011-03-23,26.617916107177734,25.511882781982422,25.603290557861328,26.352832794189453,15112000.0,20.027082443237305,VLO
2011-03-24,26.64533805847168,25.776966094970703,26.608774185180664,26.31627082824707,12646900.0,19.99929428100586,VLO
2011-03-25,27.422304153442383,26.499086380004883,26.51736831665039,27.358318328857422,12420600.0,20.791208267211914,VLO
2011-03-28,27.49542999267578,26.937843322753906,27.440584182739258,27.029251098632812,8118200.0,20.541126251220703,VLO
2011-03-29,27.851919174194336,26.7733097076416,27.276050567626953,27.82449722290039,10600400.0,21.145488739013672,VLO
2011-03-30,28.29981803894043,27.541133880615234,28.199268341064453,28.08957862854004,12736700.0,21.34694480895996,VLO
2011-03-31,28.043874740600586,27.23948860168457,27.595977783203125,27.257770538330078,12271500.0,20.714799880981445,VLO
2011-04-01,27.669103622436523,27.2303466796875,27.477148056030273,27.440584182739258,9696200.0,20.853729248046875,VLO
2011-04-04,27.678245544433594,27.358318328857422,27.56855583190918,27.48628807067871,7731900.0,20.888460159301758,VLO
2011-04-05,28.062156677246094,27.49542999267578,27.69652557373047,27.87934112548828,11231500.0,21.187164306640625,VLO
2011-04-06,28.446069717407227,27.184642791748047,28.09872055053711,27.257770538330078,13984000.0,20.714799880981445,VLO
2011-04-07,27.12065887451172,26.206581115722656,27.074954986572266,26.499086380004883,12794200.0,20.138225555419922,VLO
2011-04-08,26.691041946411133,25.32906723022461,26.544790267944336,25.767824172973633,21090100.0,19.582494735717773,VLO
2011-04-11,26.106033325195312,25.155393600463867,25.703838348388672,25.19195556640625,13492300.0,19.144865036010742,VLO
2011-04-12,25.493600845336914,24.588665008544922,24.9268741607666,24.826324462890625,15738800.0,18.867000579833984,VLO
2011-04-13,25.703838348388672,24.981718063354492,25.11882972717285,25.58500862121582,11546500.0,19.44356346130371,VLO
2011-04-14,25.39305305480957,24.789762496948242,25.32906723022461,25.228519439697266,10383700.0,19.172643661499023,VLO
2011-04-15,25.420475006103516,24.990859985351562,25.33820915222168,25.173675537109375,7919600.0,19.130970001220703,VLO
2011-04-18,24.94515609741211,24.360145568847656,24.826324462890625,24.753198623657227,9149200.0,18.811424255371094,VLO
2011-04-19,25.402193069458008,24.46983528137207,24.625228881835938,25.356489181518555,14964100.0,19.2699031829834,VLO
2011-04-20,26.005483627319336,25.557586669921875,25.703838348388672,25.932357788085938,11291800.0,19.707529067993164,VLO
2011-04-21,26.599634170532227,26.005483627319336,26.078611373901367,26.535648345947266,10948800.0,20.166013717651367,VLO
2011-04-25,26.828153610229492,26.06032943725586,26.416818618774414,26.608774185180664,13438200.0,20.221590042114258,VLO
2011-04-26,27.010969161987305,25.44789695739746,26.791589736938477,25.612430572509766,23192800.0,19.464406967163086,VLO
2011-04-27,26.160877227783203,25.05484390258789,26.160877227783203,25.603290557861328,15454100.0,19.457460403442383,VLO
2011-04-28,25.97806167602539,25.219377517700195,25.548446655273438,25.72212028503418,8267600.0,19.54776382446289,VLO
2011-04-29,25.950639724731445,25.64899444580078,25.703838348388672,25.86837387084961,7315600.0,19.658910751342773,VLO
2011-05-02,26.142595291137695,25.429616928100586,25.97806167602539,25.575868606567383,7995400.0,19.436616897583008,VLO
2011-05-03,25.59415054321289,24.67093276977539,25.58500862121582,24.872028350830078,8839100.0,18.901729583740234,VLO
2011-05-04,24.853748321533203,23.903108596801758,24.853748321533203,24.396709442138672,14641700.0,18.540504455566406,VLO
2011-05-05,24.460695266723633,23.54661750793457,24.095064163208008,24.049360275268555,12522300.0,18.276531219482422,VLO
2011-05-06,25.164533615112305,24.26873779296875,24.41499137878418,24.488117218017578,10035200.0,18.609970092773438,VLO
2011-05-09,25.365631103515625,24.54296112060547,24.54296112060547,25.301645278930664,10332000.0,19.228219985961914,VLO
2011-05-10,26.2340030670166,25.420475006103516,25.58500862121582,26.032907485961914,14142300.0,19.783950805664062,VLO
2011-05-11,26.014625549316406,24.680072784423828,25.78610610961914,24.73491859436035,16123000.0,18.797531127929688,VLO
2011-05-12,24.588665008544922,23.930530548095703,24.55210304260254,24.250457763671875,12143400.0,18.42936134338379,VLO
2011-05-13,24.93601417541504,24.186471939086914,24.60694694519043,24.387569427490234,10199700.0,18.533559799194336,VLO
2011-05-16,24.716636657714844,23.912248611450195,24.27787971496582,23.976234436035156,8955100.0,18.25839614868164,VLO
2011-05-17,24.15904998779297,23.391225814819336,23.80255889892578,23.674589157104492,13934800.0,18.0286865234375,VLO
2011-05-18,24.506399154663086,23.866544723510742,23.866544723510742,24.296161651611328,11618600.0,18.50201988220215,VLO
2011-05-19,24.54296112060547,23.95795249938965,24.478975296020508,24.232175827026367,7981700.0,18.45330047607422,VLO
2011-05-20,24.27787971496582,23.68372917175293,24.232175827026367,23.81170082092285,11162300.0,18.13309669494629,VLO
2011-05-23,23.729433059692383,23.043874740600586,23.500913619995117,23.702011108398438,8157300.0,18.04956817626953,VLO
2011-05-24,24.287019729614258,23.519195556640625,24.0036563873291,23.61974334716797,8037600.0,17.986921310424805,VLO
2011-05-25,24.232175827026367,23.400365829467773,23.41864776611328,24.0036563873291,10326700.0,18.279277801513672,VLO
2011-05-26,24.34186553955078,23.702011108398438,23.976234436035156,24.1499080657959,8994800.0,18.390653610229492,VLO
2011-05-27,24.835466384887695,24.259597778320312,24.287019729614258,24.60694694519043,7645600.0,18.738697052001953,VLO
2011-05-31,25.210237503051758,24.54296112060547,25.045703887939453,25.13711166381836,8960700.0,19.142431259155273,VLO
2011-06-01,25.27422332763672,24.634368896484375,24.990859985351562,24.762340545654297,15786700.0,18.857027053833008,VLO
2011-06-02,24.890310287475586,24.122486114501953,24.73491859436035,24.186471939086914,9919200.0,18.418493270874023,VLO
2011-06-03,24.396709442138672,23.601463317871094,23.80255889892578,24.067642211914062,6412000.0,18.328004837036133,VLO
2011-06-06,24.104204177856445,22.7696533203125,23.921388626098633,22.943326950073242,12833600.0,17.471817016601562,VLO
2011-06-07,23.69287109375,23.071298599243164,23.09872055053711,23.372943878173828,8813000.0,17.798980712890625,VLO
2011-06-08,23.61974334716797,22.89762306213379,23.35466194152832,22.998172760009766,7338900.0,17.513582229614258,VLO
2011-06-09,23.592321395874023,22.979890823364258,23.01645278930664,23.21755027770996,8189500.0,17.68064308166504,VLO
2011-06-10,23.144424438476562,22.65082359313965,23.02559471130371,22.815357208251953,7580200.0,17.37436294555664,VLO
2011-06-13,23.208410263061523,22.065813064575195,22.8427791595459,22.23948860168457,11010500.0,16.935829162597656,VLO
2011-06-14,23.372943878173828,22.559415817260742,22.559415817260742,23.08957862854004,17345800.0,17.583192825317383,VLO
2011-06-15,22.970748901367188,22.12065887451172,22.806215286254883,22.248628616333008,10756600.0,16.94278907775879,VLO
2011-06-16,22.577695846557617,21.800731658935547,22.212066650390625,22.09323501586914,8267700.0,16.8244571685791,VLO
2011-06-17,22.50457000732422,21.718463897705078,22.34917640686035,22.029251098632812,11521400.0,16.77573585510254,VLO
2011-06-20,22.248628616333008,21.755027770996094,21.873857498168945,22.1572208404541,6830700.0,16.8731746673584,VLO
2011-06-21,22.82449722290039,22.285192489624023,22.34917640686035,22.751371383666992,8145900.0,17.32563591003418,VLO
2011-06-22,23.2266902923584,22.62339973449707,22.7696533203125,22.806215286254883,9156500.0,17.367403030395508,VLO
2011-06-23,22.678245544433594,21.819013595581055,22.422304153442383,22.63254165649414,14821400.0,17.235149383544922,VLO
2011-06-24,22.733089447021484,20.98720359802246,22.586837768554688,21.18829917907715,18432500.0,16.135326385498047,VLO
2011-06-27,21.791589736938477,21.133455276489258,21.17915916442871,21.663619995117188,9700700.0,16.497291564941406,VLO
2011-06-28,22.605119705200195,21.819013595581055,21.864717483520508,22.48628807067871,10790900.0,17.123769760131836,VLO
2011-06-29,23.03473472595215,22.1572208404541,22.70566749572754,22.806215286254883,11836200.0,17.367403030395508,VLO
2011-06-30,23.42778778076172,22.915904998779297,22.925045013427734,23.372943878173828,9105100.0,17.798980712890625,VLO
2011-07-01,23.68372917175293,22.870201110839844,23.372943878173828,23.574039459228516,9789300.0,17.952119827270508,VLO
2011-07-05,23.528335571289062,23.03473472595215,23.436927795410156,23.29981803894043,8481400.0,17.743288040161133,VLO
2011-07-06,23.455209732055664,23.02559471130371,23.27239418029785,23.126142501831055,7064600.0,17.611034393310547,VLO
2011-07-07,24.113346099853516,23.40950584411621,23.48263168334961,24.058500289916992,10870200.0,18.321043014526367,VLO
2011-07-08,23.95795249938965,23.528335571289062,23.674589157104492,23.930530548095703,10222800.0,18.223588943481445,VLO
2011-07-11,23.54661750793457,23.01645278930664,23.40950584411621,23.144424438476562,7025300.0,17.624954223632812,VLO
2011-07-12,23.400365829467773,22.797075271606445,22.90676498413086,23.071298599243164,8938100.0,17.56926727294922,VLO
2011-07-13,23.857404708862305,23.244972229003906,23.40950584411621,23.308958053588867,9492700.0,17.750247955322266,VLO
2011-07-14,23.62888526916504,22.605119705200195,23.528335571289062,22.68738555908203,13098300.0,17.27691078186035,VLO
2011-07-15,23.2266902923584,22.8427791595459,22.87934112548828,23.08957862854004,8517000.0,17.583192825317383,VLO
2011-07-18,22.998172760009766,22.559415817260742,22.915904998779297,22.96160888671875,8760300.0,17.48573875427246,VLO
2011-07-19,23.519195556640625,23.08957862854004,23.190128326416016,23.446069717407227,9109900.0,17.854660034179688,VLO
2011-07-20,23.711151123046875,23.464351654052734,23.601463317871094,23.528335571289062,6167000.0,17.917314529418945,VLO
2011-07-21,24.680072784423828,23.61060333251953,23.738574981689453,24.579524993896484,14948300.0,18.71781349182129,VLO
2011-07-22,24.634368896484375,24.15904998779297,24.634368896484375,24.41499137878418,7663400.0,18.59251594543457,VLO
2011-07-25,24.771480560302734,23.866544723510742,23.93967056274414,24.387569427490234,11398200.0,18.57163429260254,VLO
2011-07-26,24.52467918395996,23.153564453125,24.01279640197754,24.204753875732422,15803100.0,18.43241310119629,VLO
2011-07-27,24.19561195373535,23.16270637512207,23.95795249938965,23.254114151000977,12563700.0,17.70848274230957,VLO
2011-07-28,23.574039459228516,22.65082359313965,23.336380004882812,22.70566749572754,10342700.0,17.290836334228516,VLO
2011-07-29,23.062156677246094,22.03839111328125,22.36745834350586,22.96160888671875,15104000.0,17.48573875427246,VLO
2011-08-01,23.35466194152832,22.422304153442383,23.2266902923584,22.797075271606445,12056900.0,17.360437393188477,VLO
2011-08-02,22.870201110839844,21.526508331298828,22.51371192932129,21.535648345947266,15237700.0,16.399843215942383,VLO
2011-08-03,21.627056121826172,20.612430572509766,21.57221221923828,21.261425018310547,18014300.0,16.191011428833008,VLO
2011-08-04,20.895795822143555,19.08592414855957,20.84095001220703,19.19561195373535,26635000.0,14.617850303649902,VLO
2011-08-05,19.86288833618164,17.65082359313965,19.46983528137207,18.930530548095703,20200100.0,14.415985107421875,VLO
2011-08-08,17.90676498413086,16.334552764892578,17.605119705200195,16.745885848999023,23414200.0,12.752336502075195,VLO
2011-08-09,18.363801956176758,16.96526527404785,17.36745834350586,18.318098068237305,22451800.0,13.949607849121094,VLO
2011-08-10,18.55575942993164,17.550273895263672,17.979890823364258,17.605119705200195,23576200.0,13.406660079956055,VLO
2011-08-11,19.305301666259766,17.76051139831543,17.8427791595459,18.976234436035156,16758000.0,14.450790405273438,VLO
2011-08-12,19.46983528137207,18.848262786865234,19.21389389038086,19.104204177856445,12806900.0,14.54824447631836,VLO
2011-08-15,19.762340545654297,19.241315841674805,19.323583602905273,19.680072784423828,9518200.0,15.026110649108887,VLO
2011-08-16,19.488117218017578,18.93967056274414,19.41499137878418,19.168190002441406,12410200.0,14.635272979736328,VLO
2011-08-17,19.716636657714844,18.976234436035156,19.424131393432617,19.1499080657959,8722200.0,14.621318817138672,VLO
2011-08-18,18.144424438476562,17.422304153442383,18.071298599243164,17.605119705200195,17667300.0,13.441842079162598,VLO
2011-08-19,17.96160888671875,17.138938903808594,17.30347442626953,17.202924728393555,13861400.0,13.134757041931152,VLO
2011-08-22,17.934186935424805,17.166362762451172,17.815357208251953,17.31261444091797,17420900.0,13.218506813049316,VLO
2011-08-23,18.49177360534668,17.321754455566406,17.522851943969727,18.400365829467773,13727200.0,14.04902458190918,VLO
2011-08-24,18.793418884277344,18.09872055053711,18.391225814819336,18.702011108398438,10152700.0,14.279337882995605,VLO
2011-08-25,19.01279640197754,18.208410263061523,18.82084083557129,18.473491668701172,11279700.0,14.1048583984375,VLO
2011-08-26,19.186471939086914,18.117002487182617,18.27239418029785,19.0767822265625,9672400.0,14.56548023223877,VLO
2011-08-29,19.86288833618164,19.113346099853516,19.387569427490234,19.835466384887695,9838800.0,15.144754409790039,VLO
2011-08-30,20.26508140563965,19.424131393432617,19.707494735717773,20.109689712524414,11639200.0,15.354130744934082,VLO
2011-08-31,21.270566940307617,20.3107852935791,20.39305305480957,20.767824172973633,16895900.0,15.856627464294434,VLO
2011-09-01,21.014625549316406,20.493600845336914,20.886653900146484,20.557586669921875,12254000.0,15.696107864379883,VLO
2011-09-02,20.374771118164062,19.707494735717773,19.990859985351562,20.05484390258789,10283100.0,15.312252044677734,VLO
2011-09-06,19.872028350830078,19.01279640197754,19.204753875732422,19.789762496948242,12863700.0,15.109853744506836,VLO
2011-09-07,20.47532081604004,20.018281936645508,20.155393600463867,20.365631103515625,8203500.0,15.549546241760254,VLO
2011-09-08,21.800731658935547,20.621572494506836,20.767824172973633,21.19744110107422,19422700.0,16.184642791748047,VLO
2011-09-09,21.096891403198242,20.155393600463867,20.813528060913086,20.402193069458008,12624500.0,15.577463150024414,VLO
2011-09-12,20.767824172973633,19.844606399536133,20.05484390258789,20.420475006103516,11739400.0,15.591413497924805,VLO
2011-09-13,20.612430572509766,19.93601417541504,20.45703887939453,20.19195556640625,12425900.0,15.416939735412598,VLO
2011-09-14,20.411334991455078,19.6892147064209,20.374771118164062,20.0731258392334,12568200.0,15.326204299926758,VLO
2011-09-15,20.557586669921875,20.0731258392334,20.44789695739746,20.484460830688477,12256400.0,15.640267372131348,VLO
2011-09-16,20.64899444580078,20.027421951293945,20.566726684570312,20.283363342285156,10415400.0,15.48672866821289,VLO
2011-09-19,19.890310287475586,19.250457763671875,19.88117027282715,19.570383071899414,8526700.0,14.942359924316406,VLO
2011-09-20,19.899452209472656,19.1499080657959,19.67093276977539,19.177330017089844,7202500.0,14.642250061035156,VLO
2011-09-21,19.41499137878418,18.153564453125,19.21389389038086,18.180986404418945,11498800.0,13.881525039672852,VLO
2011-09-22,17.641681671142578,16.654478073120117,17.248628616333008,16.97440528869629,18024700.0,12.960278511047363,VLO
2011-09-23,17.340036392211914,16.791589736938477,17.001827239990234,16.892139434814453,10192000.0,12.897469520568848,VLO
2011-09-26,17.586837768554688,16.471664428710938,17.138938903808594,17.550273895263672,10179500.0,13.39996337890625,VLO
2011-09-27,18.29067611694336,17.422304153442383,18.02559471130371,17.550273895263672,10807500.0,13.39996337890625,VLO
2011-09-28,17.8427791595459,16.846435546875,17.65082359313965,16.873857498168945,8493000.0,12.88351058959961,VLO
2011-09-29,17.531991958618164,16.57221221923828,17.385740280151367,17.001827239990234,12898800.0,12.981217384338379,VLO
2011-09-30,16.91042137145996,16.243144989013672,16.617916107177734,16.25228500366211,11280200.0,12.408926963806152,VLO
2011-10-03,16.425960540771484,15.585009574890137,16.133455276489258,15.694698333740234,11707500.0,11.983197212219238,VLO
2011-10-04,16.416818618774414,14.990859031677246,15.374771118164062,16.416818618774414,17279200.0,12.534551620483398,VLO
2011-10-05,18.062156677246094,16.243144989013672,16.663619995117188,17.925045013427734,16606400.0,13.686113357543945,VLO
2011-10-06,18.74771499633789,17.751371383666992,17.96160888671875,18.54661750793457,13232400.0,14.160690307617188,VLO
2011-10-07,18.857404708862305,17.870201110839844,18.81170082092285,18.0804386138916,12041300.0,13.804753303527832,VLO
2011-10-10,19.305301666259766,18.500913619995117,18.54661750793457,19.232175827026367,8111600.0,14.68412971496582,VLO
2011-10-11,20.045703887939453,19.250457763671875,19.41499137878418,19.853748321533203,12940500.0,15.158710479736328,VLO
2011-10-12,20.630712509155273,19.835466384887695,20.109689712524414,20.32906723022461,13967900.0,15.521625518798828,VLO
2011-10-13,20.776966094970703,19.908592224121094,20.11882972717285,20.703838348388672,11377800.0,15.807774543762207,VLO
2011-10-14,21.599634170532227,20.959779739379883,21.014625549316406,21.59049415588379,10899500.0,16.4847469329834,VLO
2011-10-17,21.57221221923828,20.58500862121582,21.526508331298828,20.685558319091797,12764500.0,15.793813705444336,VLO
2011-10-18,21.608774185180664,20.237659454345703,20.557586669921875,21.38025665283203,14124900.0,16.32423210144043,VLO
2011-10-19,21.681901931762695,20.758684158325195,21.243144989013672,20.86837387084961,9635900.0,15.93339729309082,VLO
2011-10-20,21.462522506713867,20.639854431152344,20.98720359802246,21.37111473083496,10660300.0,16.31724739074707,VLO
2011-10-21,22.065813064575195,21.288848876953125,21.681901931762695,21.64533805847168,9570700.0,16.52662467956543,VLO
2011-10-24,21.956125259399414,21.087751388549805,21.846435546875,21.25228500366211,13177200.0,16.22651481628418,VLO
2011-10-25,20.703838348388672,19.0036563873291,20.566726684570312,19.963436126708984,24505600.0,15.242459297180176,VLO
2011-10-26,23.473491668701172,21.398536682128906,21.499086380004883,22.989030838012695,29167700.0,17.55255889892578,VLO
2011-10-27,24.55210304260254,23.446069717407227,24.497257232666016,23.985374450683594,17853600.0,18.313283920288086,VLO
2011-10-28,24.488117218017578,23.601463317871094,23.7659969329834,24.40584945678711,10858300.0,18.63432502746582,VLO
2011-10-31,23.994516372680664,22.266910552978516,23.985374450683594,22.48628807067871,18510100.0,17.168704986572266,VLO
2011-11-01,22.63254165649414,21.416818618774414,21.937843322753906,22.148080825805664,19386900.0,16.910478591918945,VLO
2011-11-02,23.043874740600586,22.440584182739258,22.797075271606445,22.989030838012695,11045300.0,17.55255889892578,VLO
2011-11-03,23.400365829467773,22.669103622436523,23.308958053588867,23.254114151000977,10433300.0,17.75495719909668,VLO
2011-11-04,23.583181381225586,22.678245544433594,23.08957862854004,23.583181381225586,10865000.0,18.006202697753906,VLO
2011-11-07,23.94881248474121,23.199268341064453,23.281536102294922,23.930530548095703,10555400.0,18.27140998840332,VLO
2011-11-08,24.168190002441406,23.69287109375,24.049360275268555,24.067642211914062,10239000.0,18.3760986328125,VLO
2011-11-09,24.095064163208008,23.254114151000977,23.436927795410156,23.318098068237305,13917900.0,17.80380630493164,VLO
2011-11-10,23.903108596801758,22.550273895263672,23.473491668701172,23.40950584411621,12377500.0,17.873607635498047,VLO
2011-11-11,23.930530548095703,22.422304153442383,23.82084083557129,22.641681671142578,18234200.0,17.287351608276367,VLO
2011-11-14,22.669103622436523,21.937843322753906,22.541133880615234,22.330896377563477,11716300.0,17.16377067565918,VLO
2011-11-15,22.915904998779297,22.056673049926758,22.11151695251465,22.742229461669922,11241200.0,17.47992706298828,VLO
2011-11-16,22.09323501586914,20.566726684570312,21.90127944946289,20.621572494506836,24252200.0,15.849963188171387,VLO
2011-11-17,20.97806167602539,19.771480560302734,20.356489181518555,19.990859985351562,18641400.0,15.365195274353027,VLO
2011-11-18,20.47532081604004,19.826324462890625,20.0731258392334,19.93601417541504,15370300.0,15.323037147521973,VLO
2011-11-21,19.826324462890625,18.893966674804688,19.698354721069336,19.26873779296875,16846600.0,14.810161590576172,VLO
2011-11-22,19.634368896484375,19.02193832397461,19.305301666259766,19.08592414855957,12574700.0,14.669646263122559,VLO
2011-11-23,19.104204177856445,18.61060333251953,18.81170082092285,18.647167205810547,9759200.0,14.332416534423828,VLO
2011-11-25,18.88482666015625,18.436927795410156,18.55575942993164,18.49177360534668,3141800.0,14.212976455688477,VLO
2011-11-28,19.616086959838867,19.168190002441406,19.579524993896484,19.369287490844727,8892700.0,14.88744068145752,VLO
2011-11-29,19.835466384887695,19.241315841674805,19.497257232666016,19.55210304260254,12771300.0,15.0279541015625,VLO
2011-11-30,20.85923194885254,20.091407775878906,20.47532081604004,20.356489181518555,12791900.0,15.646223068237305,VLO
2011-12-01,20.603290557861328,20.027421951293945,20.319927215576172,20.219377517700195,7588400.0,15.540834426879883,VLO
2011-12-02,21.224863052368164,20.484460830688477,20.493600845336914,20.621572494506836,14033900.0,15.849963188171387,VLO
2011-12-05,21.160877227783203,20.521024703979492,20.85923194885254,20.84095001220703,10882500.0,16.018579483032227,VLO
2011-12-06,20.795246124267578,20.33820915222168,20.694698333740234,20.44789695739746,9063300.0,15.716472625732422,VLO
2011-12-07,20.420475006103516,19.954296112060547,20.402193069458008,20.164533615112305,9617100.0,15.498682975769043,VLO
2011-12-08,19.844606399536133,18.930530548095703,19.826324462890625,19.08592414855957,13032300.0,14.669646263122559,VLO
2011-12-09,19.442413330078125,19.049360275268555,19.323583602905273,19.33272361755371,10122700.0,14.859335899353027,VLO
2011-12-12,19.177330017089844,18.583181381225586,19.067642211914062,18.921388626098633,9597900.0,14.54318904876709,VLO
2011-12-13,19.241315841674805,18.519195556640625,19.049360275268555,18.702011108398438,8598800.0,14.374570846557617,VLO
2011-12-14,18.756855010986328,18.281536102294922,18.528335571289062,18.61060333251953,10360500.0,14.304315567016602,VLO
2011-12-15,19.0036563873291,18.528335571289062,18.921388626098633,18.592321395874023,7511200.0,14.29025936126709,VLO
2011-12-16,19.095064163208008,18.564899444580078,18.793418884277344,18.756855010986328,10754500.0,14.41672134399414,VLO
2011-12-19,18.839122772216797,18.117002487182617,18.839122772216797,18.180986404418945,6375200.0,13.974103927612305,VLO
2011-12-20,19.095064163208008,18.528335571289062,18.583181381225586,19.031078338623047,6960000.0,14.627497673034668,VLO
2011-12-21,19.27787971496582,18.69287109375,18.93967056274414,19.223033905029297,8634900.0,14.775035858154297,VLO
2011-12-22,19.46983528137207,19.040220260620117,19.35100555419922,19.186471939086914,6274900.0,14.746932983398438,VLO
2011-12-23,19.396709442138672,19.040220260620117,19.33272361755371,19.232175827026367,3695800.0,14.78205680847168,VLO
2011-12-27,19.579524993896484,19.168190002441406,19.26873779296875,19.433273315429688,5413400.0,14.936622619628906,VLO
2011-12-28,19.515539169311523,18.848262786865234,19.433273315429688,18.985374450683594,6982600.0,14.592362403869629,VLO
2011-12-29,19.040220260620117,18.756855010986328,18.967092514038086,18.967092514038086,7035700.0,14.578314781188965,VLO
2011-12-30,19.369287490844727,18.839122772216797,18.921388626098633,19.241315841674805,5880400.0,14.789084434509277,VLO
2012-01-03,19.55210304260254,19.0036563873291,19.515539169311523,19.13162612915039,15346600.0,14.704776763916016,VLO
2012-01-04,19.241315841674805,18.55575942993164,19.13162612915039,18.665447235107422,17317900.0,14.346468925476074,VLO
2012-01-05,18.21755027770996,17.477148056030273,18.107860565185547,18.107860565185547,22271400.0,13.91789722442627,VLO
2012-01-06,18.68372917175293,18.126142501831055,18.281536102294922,18.61974334716797,11848300.0,14.311332702636719,VLO
2012-01-09,18.738574981689453,17.87934112548828,18.702011108398438,17.925045013427734,12095400.0,13.777385711669922,VLO
2012-01-10,18.49177360534668,18.144424438476562,18.2266902923584,18.35466194152832,10333900.0,14.107597351074219,VLO
2012-01-11,18.756855010986328,18.02559471130371,18.244972229003906,18.69287109375,12648700.0,14.36754035949707,VLO
2012-01-12,19.305301666259766,18.55575942993164,18.61974334716797,19.14076805114746,14806700.0,14.711801528930664,VLO
2012-01-13,19.40584945678711,18.82084083557129,18.94881248474121,19.21389389038086,9392800.0,14.768013000488281,VLO
2012-01-17,20.173675537109375,19.323583602905273,19.369287490844727,20.13711166381836,16177100.0,15.4776029586792,VLO
2012-01-18,21.206581115722656,20.402193069458008,20.429616928100586,21.069469451904297,17263500.0,16.19422721862793,VLO
2012-01-19,21.297988891601562,20.831809997558594,21.243144989013672,21.023765563964844,10919600.0,16.159093856811523,VLO
2012-01-20,21.489944458007812,20.8500919342041,21.069469451904297,21.489944458007812,9967300.0,16.517406463623047,VLO
2012-01-23,21.718463897705078,21.243144989013672,21.499086380004883,21.499086380004883,8930200.0,16.524433135986328,VLO
2012-01-24,22.257770538330078,21.270566940307617,21.334552764892578,22.11151695251465,12892100.0,16.995155334472656,VLO
2012-01-25,22.723949432373047,21.544790267944336,21.9195613861084,22.531991958618164,14999100.0,17.31833267211914,VLO
2012-01-26,22.659963607788086,21.64533805847168,22.614259719848633,21.83729362487793,10611400.0,16.784381866455078,VLO
2012-01-27,22.37660026550293,21.64533805847168,21.755027770996094,22.047531127929688,12493400.0,16.945972442626953,VLO
2012-01-30,22.34917640686035,21.663619995117188,21.755027770996094,22.193784713745117,8490300.0,17.058387756347656,VLO
2012-01-31,22.68738555908203,21.499086380004883,22.36745834350586,21.928701400756836,13635500.0,16.85463523864746,VLO
2012-02-01,22.559415817260742,21.864717483520508,22.413162231445312,21.9195613861084,14013800.0,16.847610473632812,VLO
2012-02-02,22.129798889160156,21.846435546875,22.11151695251465,22.010969161987305,9327100.0,16.917869567871094,VLO
2012-02-03,22.559415817260742,21.946983337402344,22.23948860168457,22.51371192932129,9529500.0,17.30428695678711,VLO
2012-02-06,22.797075271606445,22.129798889160156,22.212066650390625,22.723949432373047,8115200.0,17.46587371826172,VLO
2012-02-07,23.208410263061523,22.440584182739258,22.605119705200195,23.117002487182617,11299200.0,17.767976760864258,VLO
2012-02-08,23.473491668701172,22.733089447021484,23.117002487182617,22.88848304748535,12446100.0,17.59233283996582,VLO
2012-02-09,23.199268341064453,22.69652557373047,23.08957862854004,23.117002487182617,10514700.0,17.767976760864258,VLO
2012-02-10,23.117002487182617,22.550273895263672,22.833637237548828,22.678245544433594,7612800.0,17.430742263793945,VLO
2012-02-13,22.88848304748535,22.248628616333008,22.833637237548828,22.34917640686035,8089900.0,17.292198181152344,VLO
2012-02-14,22.723949432373047,22.212066650390625,22.248628616333008,22.50457000732422,7654700.0,17.412425994873047,VLO
2012-02-15,22.90676498413086,22.449726104736328,22.541133880615234,22.733089447021484,11305500.0,17.58924102783203,VLO
2012-02-16,23.446069717407227,22.531991958618164,22.88848304748535,23.171846389770508,11733900.0,17.928722381591797,VLO
2012-02-17,23.391225814819336,22.714807510375977,23.208410263061523,22.8427791595459,8732800.0,17.674104690551758,VLO
2012-02-21,23.583181381225586,22.952468872070312,22.952468872070312,23.336380004882812,8739200.0,18.056026458740234,VLO
2012-02-22,23.49177360534668,23.09872055053711,23.48263168334961,23.318098068237305,7055300.0,18.041879653930664,VLO
2012-02-23,23.61974334716797,23.053016662597656,23.35466194152832,23.583181381225586,8348400.0,18.246978759765625,VLO
2012-02-24,23.638025283813477,22.202924728393555,23.592321395874023,22.29433250427246,14939100.0,17.24976348876953,VLO
2012-02-27,22.550273895263672,22.074954986572266,22.166362762451172,22.422304153442383,9934500.0,17.348777770996094,VLO
2012-02-28,22.714807510375977,21.892139434814453,22.413162231445312,22.659963607788086,14623300.0,17.532657623291016,VLO
2012-02-29,22.943326950073242,22.34917640686035,22.68738555908203,22.385740280151367,9602900.0,17.32048225402832,VLO
2012-03-01,23.738574981689453,22.51371192932129,22.51371192932129,23.49177360534668,16143800.0,18.176258087158203,VLO
2012-03-02,24.497257232666016,23.318098068237305,23.318098068237305,23.784276962280273,12929500.0,18.40257453918457,VLO
2012-03-05,23.81170082092285,23.308958053588867,23.738574981689453,23.48263168334961,8166900.0,18.1691837310791,VLO
2012-03-06,23.244972229003906,22.915904998779297,23.0804386138916,23.007312774658203,7909500.0,17.801414489746094,VLO
2012-03-07,24.86288833618164,23.053016662597656,23.062156677246094,24.680072784423828,23120700.0,19.09567642211914,VLO
2012-03-08,25.676416397094727,24.853748321533203,24.853748321533203,25.47532081604004,17973400.0,19.710979461669922,VLO
2012-03-09,26.215723037719727,25.374771118164062,25.502742767333984,26.106033325195312,17737300.0,20.198984146118164,VLO
2012-03-12,26.06032943725586,25.438756942749023,26.005483627319336,25.795246124267578,10991500.0,19.958515167236328,VLO
2012-03-13,26.05118751525879,25.53016471862793,25.904935836791992,26.032907485961914,12062200.0,20.14240837097168,VLO
2012-03-14,26.133455276489258,25.46617889404297,25.9232177734375,25.575868606567383,8983300.0,19.78878402709961,VLO
2012-03-15,25.776966094970703,25.292505264282227,25.630712509155273,25.612430572509766,10996700.0,19.817068099975586,VLO
2012-03-16,26.142595291137695,25.575868606567383,25.712980270385742,25.58500862121582,12380600.0,19.795846939086914,VLO
2012-03-19,25.749542236328125,25.420475006103516,25.630712509155273,25.548446655273438,7663400.0,19.76756477355957,VLO
2012-03-20,25.237659454345703,24.91773223876953,25.237659454345703,25.100547790527344,9405500.0,19.421009063720703,VLO
2012-03-21,25.301645278930664,24.780622482299805,25.13711166381836,24.80804443359375,7889200.0,19.194690704345703,VLO
2012-03-22,24.588665008544922,23.994516372680664,24.52467918395996,24.168190002441406,10648500.0,18.699617385864258,VLO
2012-03-23,24.616086959838867,24.01279640197754,24.232175827026367,24.396709442138672,8607900.0,18.876432418823242,VLO
2012-03-26,24.9268741607666,24.378427505493164,24.908592224121094,24.72577667236328,8125900.0,19.13103675842285,VLO
2012-03-27,25.46617889404297,24.597806930541992,24.698354721069336,25.155393600463867,13477300.0,19.46344757080078,VLO
2012-03-28,25.3107852935791,24.616086959838867,25.0731258392334,24.972578048706055,12209600.0,19.321990966796875,VLO
2012-03-29,24.72577667236328,23.839122772216797,24.72577667236328,24.360145568847656,12737600.0,18.84813690185547,VLO
2012-03-30,24.67093276977539,23.053016662597656,24.460695266723633,23.55575942993164,18384500.0,18.225759506225586,VLO
2012-04-02,24.259597778320312,23.199268341064453,23.455209732055664,24.067642211914062,9081400.0,18.6218204498291,VLO
2012-04-03,24.040220260620117,22.88848304748535,24.040220260620117,23.21755027770996,17330900.0,17.96408462524414,VLO
2012-04-04,23.729433059692383,22.96160888671875,23.29981803894043,23.09872055053711,11861000.0,17.872142791748047,VLO
2012-04-05,23.23583221435547,22.522851943969727,22.952468872070312,22.797075271606445,11794500.0,17.638748168945312,VLO
2012-04-09,22.88848304748535,22.29433250427246,22.449726104736328,22.586837768554688,6233700.0,17.47608184814453,VLO
2012-04-10,22.96160888671875,21.563072204589844,22.96160888671875,21.57221221923828,16031300.0,16.691041946411133,VLO
2012-04-11,22.212066650390625,21.70018196105957,21.928701400756836,21.745885848999023,9493400.0,16.825408935546875,VLO
2012-04-12,22.970748901367188,21.800731658935547,21.809871673583984,22.787933349609375,10051700.0,17.631669998168945,VLO
2012-04-13,22.63254165649414,22.047531127929688,22.550273895263672,22.065813064575195,9286500.0,17.072948455810547,VLO
2012-04-16,22.047531127929688,21.31627082824707,21.992687225341797,21.352832794189453,12294800.0,16.52129364013672,VLO
2012-04-17,22.285192489624023,21.64533805847168,21.928701400756836,22.010969161987305,12911900.0,17.030513763427734,VLO
2012-04-18,21.992687225341797,21.50822639465332,21.873857498168945,21.828153610229492,8075000.0,16.88906478881836,VLO
2012-04-19,22.166362762451172,21.627056121826172,21.828153610229492,21.846435546875,7542500.0,16.90321159362793,VLO
2012-04-20,22.1572208404541,21.681901931762695,22.047531127929688,21.70932388305664,7009600.0,16.797119140625,VLO
2012-04-23,21.663619995117188,21.069469451904297,21.37111473083496,21.59049415588379,6760400.0,16.70517921447754,VLO
2012-04-24,22.065813064575195,21.526508331298828,21.672760009765625,21.873857498168945,8222600.0,16.92442512512207,VLO
2012-04-25,22.166362762451172,21.44424057006836,22.09323501586914,22.084095001220703,8229100.0,17.08709716796875,VLO
2012-04-26,22.49542999267578,21.855575561523438,21.98354721069336,22.458866119384766,5834800.0,17.377059936523438,VLO
2012-04-27,23.053016662597656,22.559415817260742,22.76051139831543,22.96160888671875,8548500.0,17.76605224609375,VLO
2012-04-30,23.35466194152832,22.36745834350586,23.144424438476562,22.577695846557617,8542100.0,17.469005584716797,VLO
2012-05-01,23.308958053588867,22.458866119384766,22.806215286254883,22.70566749572754,9744400.0,17.568025588989258,VLO
2012-05-02,22.541133880615234,21.98354721069336,22.522851943969727,22.129798889160156,8777400.0,17.122453689575195,VLO
2012-05-03,22.129798889160156,21.297988891601562,22.09323501586914,21.51736831665039,9873100.0,16.648603439331055,VLO
2012-05-04,21.44424057006836,20.676416397094727,21.37111473083496,20.97806167602539,7210200.0,16.2313232421875,VLO
2012-05-07,21.142595291137695,20.58500862121582,20.776966094970703,20.91407585144043,6618200.0,16.18181610107422,VLO
2012-05-08,20.80438804626465,20.08226776123047,20.72212028503418,20.621572494506836,10237200.0,15.955499649047852,VLO
2012-05-09,20.84095001220703,20.018281936645508,20.27422332763672,20.548446655273438,11282200.0,15.89892292022705,VLO
2012-05-10,21.096891403198242,20.575868606567383,20.9232177734375,20.621572494506836,6806500.0,15.955499649047852,VLO
2012-05-11,21.142595291137695,20.374771118164062,20.420475006103516,20.603290557861328,6029900.0,15.94135570526123,VLO
2012-05-14,20.411334991455078,20.11882972717285,20.182815551757812,20.155393600463867,7293300.0,15.59480094909668,VLO
2012-05-15,20.64899444580078,19.634368896484375,20.164533615112305,19.67093276977539,10313100.0,15.219961166381836,VLO
2012-05-16,20.511882781982422,19.67093276977539,19.80804443359375,19.954296112060547,9277300.0,15.439208984375,VLO
2012-05-17,20.228519439697266,19.6892147064209,19.9268741607666,19.73491859436035,9361500.0,15.269474983215332,VLO
2012-05-18,20.100547790527344,19.451553344726562,19.93601417541504,19.597806930541992,8507900.0,15.163382530212402,VLO
2012-05-21,20.109689712524414,19.451553344726562,19.497257232666016,20.0,7189300.0,15.593927383422852,VLO
2012-05-22,20.411334991455078,19.88117027282715,20.11882972717285,20.164533615112305,9158900.0,15.722211837768555,VLO
2012-05-23,20.374771118164062,19.826324462890625,19.899452209472656,20.301645278930664,8838000.0,15.829113006591797,VLO
2012-05-24,20.511882781982422,19.908592224121094,20.411334991455078,20.219377517700195,9244100.0,15.764972686767578,VLO
2012-05-25,20.72212028503418,20.164533615112305,20.164533615112305,20.420475006103516,4937000.0,15.921768188476562,VLO
2012-05-29,20.78610610961914,20.228519439697266,20.630712509155273,20.44789695739746,6333300.0,15.94314956665039,VLO
2012-05-30,20.155393600463867,19.753198623657227,20.155393600463867,19.93601417541504,9806200.0,15.54404067993164,VLO
2012-05-31,19.954296112060547,19.186471939086914,19.890310287475586,19.287019729614258,10258500.0,15.038019180297852,VLO
2012-06-01,19.232175827026367,18.61974334716797,18.857404708862305,18.903108596801758,8125300.0,14.738683700561523,VLO
2012-06-04,18.976234436035156,18.281536102294922,18.94881248474121,18.61974334716797,7889800.0,14.517739295959473,VLO
2012-06-05,19.26873779296875,18.564899444580078,18.592321395874023,19.19561195373535,7046400.0,14.966744422912598,VLO
2012-06-06,20.0731258392334,19.433273315429688,19.497257232666016,19.853748321533203,7522200.0,15.479891777038574,VLO
2012-06-07,20.26508140563965,19.442413330078125,20.19195556640625,19.60694694519043,6896900.0,15.28746223449707,VLO
2012-06-08,19.616086959838867,19.296161651611328,19.497257232666016,19.442413330078125,7162800.0,15.159175872802734,VLO
2012-06-11,20.521024703979492,19.369287490844727,19.707494735717773,19.972578048706055,14776200.0,15.57254409790039,VLO
2012-06-12,21.04204750061035,20.05484390258789,20.155393600463867,20.365631103515625,18287500.0,15.879013061523438,VLO
2012-06-13,20.493600845336914,19.707494735717773,20.246801376342773,19.872028350830078,10258500.0,15.494149208068848,VLO
2012-06-14,20.420475006103516,19.6892147064209,19.853748321533203,20.009140014648438,9434900.0,15.601046562194824,VLO
2012-06-15,20.356489181518555,19.762340545654297,19.93601417541504,20.32906723022461,8073100.0,15.850500106811523,VLO
2012-06-18,20.155393600463867,19.80804443359375,20.155393600463867,19.91773223876953,6999900.0,15.529781341552734,VLO
2012-06-19,21.480804443359375,20.146251678466797,20.539304733276367,21.05118751525879,14676400.0,16.41353416442871,VLO
2012-06-20,21.608774185180664,21.069469451904297,21.170019149780273,21.51736831665039,14081500.0,16.777013778686523,VLO
2012-06-21,21.70932388305664,20.749542236328125,21.608774185180664,21.014625549316406,12931700.0,16.385025024414062,VLO
2012-06-22,21.608774185180664,21.087751388549805,21.206581115722656,21.480804443359375,10713800.0,16.748502731323242,VLO
2012-06-25,21.142595291137695,20.795246124267578,21.142595291137695,20.9963436126709,8785800.0,16.370769500732422,VLO
2012-06-26,21.499086380004883,20.97806167602539,20.9963436126709,21.343692779541016,8271100.0,16.6415958404541,VLO
2012-06-27,21.90127944946289,21.343692779541016,21.44424057006836,21.59049415588379,10452900.0,16.834026336669922,VLO
2012-06-28,21.9195613861084,21.224863052368164,21.37111473083496,21.873857498168945,9603000.0,17.054964065551758,VLO
2012-06-29,22.49542999267578,21.83729362487793,22.449726104736328,22.074954986572266,8783600.0,17.21175765991211,VLO
2012-07-02,22.37660026550293,21.828153610229492,22.37660026550293,22.11151695251465,7418500.0,17.240264892578125,VLO
2012-07-03,22.943326950073242,22.248628616333008,22.30347442626953,22.861061096191406,6447200.0,17.82468605041504,VLO
2012-07-05,22.90676498413086,22.276050567626953,22.76051139831543,22.31261444091797,6511300.0,17.397062301635742,VLO
2012-07-06,22.51371192932129,21.864717483520508,21.937843322753906,22.449726104736328,7695500.0,17.50396728515625,VLO
2012-07-09,22.50457000732422,21.544790267944336,22.458866119384766,21.76416778564453,10419000.0,16.969438552856445,VLO
2012-07-10,22.184642791748047,21.45338249206543,21.855575561523438,21.608774185180664,10723700.0,16.848281860351562,VLO
2012-07-11,22.09323501586914,21.672760009765625,21.70932388305664,21.956125259399414,8426500.0,17.119108200073242,VLO
2012-07-12,22.458866119384766,21.599634170532227,21.864717483520508,22.212066650390625,11489000.0,17.318666458129883,VLO
2012-07-13,22.8427791595459,22.23948860168457,22.257770538330078,22.723949432373047,7325600.0,17.7177791595459,VLO
2012-07-16,23.08957862854004,22.51371192932129,22.678245544433594,23.071298599243164,8155800.0,17.988603591918945,VLO
2012-07-17,23.49177360534668,22.87934112548828,23.180986404418945,23.263254165649414,9699400.0,18.138273239135742,VLO
2012-07-18,23.994516372680664,23.08957862854004,23.180986404418945,23.601463317871094,10198900.0,18.40196990966797,VLO
2012-07-19,23.7659969329834,23.053016662597656,23.61974334716797,23.23583221435547,8269400.0,18.11688995361328,VLO
2012-07-20,23.40950584411621,22.952468872070312,23.03473472595215,23.345521926879883,7192800.0,18.202415466308594,VLO
2012-07-23,23.537477493286133,22.541133880615234,23.01645278930664,23.446069717407227,8714000.0,18.280813217163086,VLO
2012-07-24,23.61060333251953,22.541133880615234,23.574039459228516,23.03473472595215,11321100.0,17.960102081298828,VLO
2012-07-25,23.244972229003906,22.550273895263672,23.117002487182617,22.787933349609375,8424200.0,17.76766586303711,VLO
2012-07-26,23.436927795410156,22.89762306213379,23.053016662597656,23.318098068237305,6807600.0,18.181032180786133,VLO
2012-07-27,23.976234436035156,22.870201110839844,23.2266902923584,23.857404708862305,10944800.0,18.601530075073242,VLO
2012-07-30,24.296161651611328,23.702011108398438,24.02193832397461,23.839122772216797,9665000.0,18.587268829345703,VLO
2012-07-31,25.676416397094727,24.680072784423828,24.79890251159668,25.13711166381836,24909800.0,19.59931182861328,VLO
2012-08-01,25.347349166870117,24.433273315429688,25.292505264282227,24.817184448242188,14079800.0,19.349863052368164,VLO
2012-08-02,25.164533615112305,24.360145568847656,24.680072784423828,24.954296112060547,12233100.0,19.456768035888672,VLO
2012-08-03,25.685558319091797,24.963436126708984,25.438756942749023,25.44789695739746,9699100.0,19.841632843017578,VLO
2012-08-06,25.91407585144043,25.484460830688477,25.539304733276367,25.72212028503418,9057600.0,20.05544090270996,VLO
2012-08-07,26.563072204589844,25.950639724731445,25.98720359802246,26.106033325195312,13191300.0,20.354778289794922,VLO
2012-08-08,26.745885848999023,25.813528060913086,25.98720359802246,26.288848876953125,9889900.0,20.497318267822266,VLO
2012-08-09,26.654478073120117,26.11517333984375,26.297988891601562,26.38025665283203,9275100.0,20.568586349487305,VLO
2012-08-10,26.736745834350586,26.05118751525879,26.12431526184082,26.599634170532227,8591900.0,20.739635467529297,VLO
2012-08-13,26.608774185180664,25.886653900146484,26.499086380004883,26.078611373901367,8572000.0,20.468053817749023,VLO
2012-08-14,26.407678604125977,26.069469451904297,26.2340030670166,26.243144989013672,8015100.0,20.597192764282227,VLO
2012-08-15,26.59049415588379,26.005483627319336,26.270566940307617,26.142595291137695,8138100.0,20.518272399902344,VLO
2012-08-16,26.563072204589844,25.886653900146484,26.133455276489258,26.526508331298828,8768400.0,20.819589614868164,VLO
2012-08-17,26.499086380004883,26.151737213134766,26.499086380004883,26.325410842895508,7655100.0,20.661752700805664,VLO
2012-08-20,27.221206665039062,26.31627082824707,26.31627082824707,27.193784713745117,12705700.0,21.34331512451172,VLO
2012-08-21,27.733089447021484,27.193784713745117,27.31261444091797,27.23948860168457,14571600.0,21.379179000854492,VLO
2012-08-22,27.17550277709961,26.800731658935547,27.10237693786621,27.010969161987305,8229300.0,21.1998233795166,VLO
2012-08-23,27.166362762451172,26.64533805847168,26.97440528869629,26.70018196105957,6186300.0,20.955904006958008,VLO
2012-08-24,26.96526527404785,26.361974716186523,26.553930282592773,26.72760581970215,7570200.0,20.977426528930664,VLO
2012-08-27,28.336380004882812,27.09323501586914,27.12065887451172,28.126142501831055,21629500.0,22.075082778930664,VLO
2012-08-28,28.775136947631836,28.007312774658203,28.254114151000977,28.446069717407227,14353000.0,22.3261775970459,VLO
2012-08-29,28.446069717407227,27.970748901367188,28.281536102294922,28.126142501831055,9197000.0,22.075082778930664,VLO
2012-08-30,28.254114151000977,27.89762306213379,27.998172760009766,28.08957862854004,9175400.0,22.04638671875,VLO
2012-08-31,28.665447235107422,28.01645278930664,28.244972229003906,28.574039459228516,9974300.0,22.426616668701172,VLO
2012-09-04,28.738574981689453,27.934186935424805,28.61060333251953,28.35466194152832,8100900.0,22.254438400268555,VLO
2012-09-05,28.81170082092285,28.107860565185547,28.29067611694336,28.537477493286133,10620100.0,22.397918701171875,VLO
2012-09-06,29.067642211914062,28.41864776611328,28.839122772216797,28.720293045043945,11116500.0,22.54140281677246,VLO
2012-09-07,29.60694694519043,28.656307220458984,28.74771499633789,29.41499137878418,8514800.0,23.08664894104004,VLO
2012-09-10,29.753198623657227,29.13162612915039,29.360145568847656,29.26873779296875,6772500.0,22.97185516357422,VLO
2012-09-11,30.05484390258789,29.54296112060547,29.74405860900879,29.954296112060547,8930300.0,23.509923934936523,VLO
2012-09-12,30.712980270385742,29.94515609741211,30.283363342285156,29.963436126708984,12298900.0,23.517099380493164,VLO
2012-09-13,30.05484390258789,29.250457763671875,29.91773223876953,29.972578048706055,12592100.0,23.524276733398438,VLO
2012-09-14,31.407678604125977,30.100547790527344,30.164533615112305,30.8500919342041,12722600.0,24.212995529174805,VLO
2012-09-17,30.33820915222168,29.13162612915039,30.301645278930664,29.287019729614258,16040100.0,22.986209869384766,VLO
2012-09-18,29.067642211914062,28.446069717407227,29.067642211914062,28.88482666015625,13113700.0,22.6705379486084,VLO
2012-09-19,29.488117218017578,28.82084083557129,28.985374450683594,29.451553344726562,9126400.0,23.115339279174805,VLO
2012-09-20,29.506399154663086,29.049360275268555,29.33272361755371,29.378427505493164,8895500.0,23.05794906616211,VLO
2012-09-21,29.88117027282715,29.14076805114746,29.6892147064209,29.223033905029297,8333800.0,22.935983657836914,VLO
2012-09-24,29.250457763671875,28.784276962280273,28.903108596801758,29.02193832397461,5705900.0,22.778154373168945,VLO
2012-09-25,29.323583602905273,28.729433059692383,29.14076805114746,28.7659969329834,6760200.0,22.5772762298584,VLO
2012-09-26,28.702011108398438,27.851919174194336,28.592321395874023,28.244972229003906,7611100.0,22.168344497680664,VLO
2012-09-27,28.839122772216797,28.29981803894043,28.528335571289062,28.738574981689453,7026400.0,22.555755615234375,VLO
2012-09-28,29.01279640197754,28.40950584411621,28.647167205810547,28.95795249938965,7750400.0,22.72793197631836,VLO
2012-10-01,29.643510818481445,29.040220260620117,29.21389389038086,29.369287490844727,6677000.0,23.050777435302734,VLO
2012-10-02,29.625228881835938,29.122486114501953,29.478975296020508,29.378427505493164,5513100.0,23.05794906616211,VLO
2012-10-03,29.241315841674805,28.61060333251953,29.186471939086914,28.87568473815918,8158600.0,22.66337013244629,VLO
2012-10-04,30.05484390258789,29.250457763671875,29.259597778320312,29.80804443359375,7331100.0,23.39513397216797,VLO
2012-10-05,30.566726684570312,29.058500289916992,30.100547790527344,29.1499080657959,12872200.0,22.878585815429688,VLO
2012-10-08,29.095064163208008,28.436927795410156,28.94881248474121,28.985374450683594,9590100.0,22.74945831298828,VLO
2012-10-09,29.360145568847656,28.702011108398438,29.040220260620117,28.702011108398438,6875600.0,22.52705955505371,VLO
2012-10-10,28.702011108398438,26.800731658935547,28.601463317871094,26.937843322753906,21215300.0,21.142433166503906,VLO
2012-10-11,27.559415817260742,26.535648345947266,27.1572208404541,26.636198043823242,13993300.0,20.905683517456055,VLO
2012-10-12,26.83729362487793,25.566726684570312,26.38025665283203,26.51736831665039,16959600.0,20.812419891357422,VLO
2012-10-15,26.800731658935547,25.749542236328125,26.489944458007812,26.334552764892578,9687100.0,20.668933868408203,VLO
2012-10-16,27.010969161987305,26.425960540771484,26.64533805847168,26.98354721069336,8639400.0,21.178300857543945,VLO
2012-10-17,27.56855583190918,26.83729362487793,27.10237693786621,27.449726104736328,11318900.0,21.544187545776367,VLO
2012-10-18,27.531991958618164,26.992687225341797,27.266910552978516,27.09323501586914,8072800.0,21.264387130737305,VLO
2012-10-19,27.394880294799805,26.57221221923828,27.047531127929688,26.992687225341797,7803700.0,21.18548011779785,VLO
2012-10-22,27.23948860168457,26.563072204589844,26.76416778564453,26.937843322753906,4851900.0,21.142433166503906,VLO
2012-10-23,26.398536682128906,25.493600845336914,26.398536682128906,25.9232177734375,13205600.0,20.346094131469727,VLO
2012-10-24,26.462522506713867,25.877513885498047,26.078611373901367,25.968921661376953,7861200.0,20.38196563720703,VLO
2012-10-25,26.489944458007812,25.80438804626465,26.31627082824707,26.04204750061035,5356400.0,20.439359664916992,VLO
2012-10-26,26.599634170532227,25.80438804626465,25.959779739379883,26.535648345947266,8734900.0,20.82676124572754,VLO
2012-10-31,27.084095001220703,25.86837387084961,26.864717483520508,26.599634170532227,11471600.0,20.87698745727539,VLO
2012-11-01,26.70018196105957,26.06032943725586,26.243144989013672,26.288848876953125,9814700.0,20.63306427001953,VLO
2012-11-02,26.663619995117188,25.65813446044922,26.58135223388672,25.776966094970703,8690800.0,20.231307983398438,VLO
2012-11-05,26.480804443359375,25.80438804626465,25.8500919342041,26.398536682128906,6161200.0,20.71915054321289,VLO
2012-11-06,27.87934112548828,26.334552764892578,26.599634170532227,27.477148056030273,12928500.0,21.56571388244629,VLO
2012-11-07,27.202924728393555,26.38939666748047,26.9195613861084,26.864717483520508,9746500.0,21.085039138793945,VLO
2012-11-08,27.943326950073242,26.83729362487793,26.9195613861084,26.846435546875,10936700.0,21.07069206237793,VLO
2012-11-09,27.29433250427246,26.142595291137695,26.563072204589844,27.047531127929688,7993800.0,21.228525161743164,VLO
2012-11-12,27.321754455566406,26.745885848999023,27.074954986572266,26.928701400756836,5595000.0,21.135255813598633,VLO
2012-11-13,27.166362762451172,26.51736831665039,26.681901931762695,26.70932388305664,7324100.0,20.963075637817383,VLO
2012-11-14,27.193784713745117,26.325410842895508,27.010969161987305,26.38025665283203,10463500.0,20.704805374145508,VLO
2012-11-15,27.193784713745117,26.106033325195312,26.2340030670166,27.03839111328125,9353100.0,21.221345901489258,VLO
2012-11-16,27.193784713745117,26.489944458007812,27.138938903808594,26.83729362487793,10663900.0,21.063514709472656,VLO
2012-11-19,27.87934112548828,27.166362762451172,27.23948860168457,27.522851943969727,10519300.0,21.743362426757812,VLO
2012-11-20,28.071298599243164,27.266910552978516,27.48628807067871,27.925045013427734,8687500.0,22.06110191345215,VLO
2012-11-21,28.510055541992188,27.989030838012695,27.989030838012695,28.336380004882812,7014300.0,22.38606071472168,VLO
2012-11-23,29.287019729614258,28.528335571289062,28.564899444580078,29.177330017089844,4847900.0,23.0504207611084,VLO
2012-11-26,29.02193832397461,28.519195556640625,28.903108596801758,28.87568473815918,5196200.0,22.812122344970703,VLO
2012-11-27,28.848262786865234,28.363801956176758,28.473491668701172,28.473491668701172,7386600.0,22.494384765625,VLO
2012-11-28,29.067642211914062,27.934186935424805,28.08957862854004,28.930530548095703,8817300.0,22.855449676513672,VLO
2012-11-29,29.561243057250977,29.08592414855957,29.13162612915039,29.46983528137207,10814000.0,23.281503677368164,VLO
2012-11-30,29.643510818481445,29.223033905029297,29.588665008544922,29.488117218017578,5491800.0,23.29594612121582,VLO
2012-12-03,29.707494735717773,29.13162612915039,29.55210304260254,29.1499080657959,6407700.0,23.02875328063965,VLO
2012-12-04,29.652650833129883,29.177330017089844,29.177330017089844,29.442413330078125,8199300.0,23.259841918945312,VLO
2012-12-05,29.707494735717773,28.500913619995117,29.52467918395996,28.647167205810547,9668500.0,22.631587982177734,VLO
2012-12-06,29.0767822265625,28.29981803894043,28.574039459228516,29.067642211914062,8322600.0,22.963764190673828,VLO
2012-12-07,29.46983528137207,28.82084083557129,29.26873779296875,29.122486114501953,6633000.0,23.007097244262695,VLO
2012-12-10,29.890310287475586,28.976234436035156,28.976234436035156,29.853748321533203,9119800.0,23.58479881286621,VLO
2012-12-11,30.173675537109375,29.780622482299805,29.954296112060547,29.853748321533203,8889600.0,23.58479881286621,VLO
2012-12-12,30.539304733276367,29.79890251159668,30.0,29.972578048706055,10327100.0,23.678678512573242,VLO
2012-12-13,30.027421951293945,29.305301666259766,30.0,29.79890251159668,7726100.0,23.54146957397461,VLO
2012-12-14,30.59415054321289,29.80804443359375,29.80804443359375,30.502742767333984,7986800.0,24.097509384155273,VLO
2012-12-17,31.142595291137695,30.484460830688477,30.566726684570312,31.11517333984375,9400600.0,24.581335067749023,VLO
2012-12-18,31.31627082824707,30.80438804626465,31.151737213134766,31.297988891601562,10213600.0,24.725767135620117,VLO
2012-12-19,31.526508331298828,30.86837387084961,31.297988891601562,31.106033325195312,9006400.0,24.574115753173828,VLO
2012-12-20,31.425960540771484,31.014625549316406,31.17915916442871,31.425960540771484,8287900.0,24.82686424255371,VLO
2012-12-21,31.334552764892578,30.676416397094727,31.014625549316406,31.206581115722656,9025800.0,24.65355110168457,VLO
2012-12-24,31.078611373901367,30.712980270385742,30.98720359802246,30.84095001220703,2965200.0,24.364694595336914,VLO
2012-12-26,31.425960540771484,30.776966094970703,30.9963436126709,30.78610610961914,4689400.0,24.321365356445312,VLO
2012-12-27,31.170019149780273,30.237659454345703,30.80438804626465,30.9232177734375,6086600.0,24.429689407348633,VLO
2012-12-28,30.676416397094727,30.06398582458496,30.676416397094727,30.25594139099121,6129500.0,23.90253448486328,VLO
2012-12-31,31.206581115722656,30.0731258392334,30.13711166381836,31.18829917907715,9587300.0,24.63910675048828,VLO
2013-01-02,32.486289978027344,31.59049415588379,31.97440528869629,32.43144607543945,10071100.0,25.62120819091797,VLO
2013-01-03,32.513710021972656,31.57221221923828,32.35831832885742,31.736745834350586,9637500.0,25.072391510009766,VLO
2013-01-04,32.595977783203125,31.343692779541016,31.9195613861084,32.27605056762695,11940300.0,25.49844741821289,VLO
2013-01-07,31.96526527404785,31.133455276489258,31.96526527404785,31.398536682128906,12946200.0,24.805198669433594,VLO
2013-01-08,31.855575561523438,31.261425018310547,31.37111473083496,31.691041946411133,14459700.0,25.036283493041992,VLO
2013-01-09,31.90127944946289,31.12431526184082,31.7733097076416,31.416818618774414,11273000.0,24.81964111328125,VLO
2013-01-10,32.25777053833008,31.489944458007812,31.691041946411133,31.90127944946289,10320400.0,25.202367782592773,VLO
2013-01-11,31.946983337402344,31.59049415588379,31.800731658935547,31.718463897705078,5177700.0,25.057947158813477,VLO
2013-01-14,32.36745834350586,31.636198043823242,31.718463897705078,32.294334411621094,6249400.0,25.51289176940918,VLO
2013-01-15,32.943328857421875,32.001827239990234,32.020111083984375,32.72394943237305,7713500.0,25.852294921875,VLO
2013-01-16,33.82998275756836,32.6234016418457,32.678245544433594,33.628883361816406,12130800.0,26.567203521728516,VLO
2013-01-17,34.250457763671875,33.592323303222656,34.058502197265625,33.656307220458984,13657300.0,26.588863372802734,VLO
2013-01-18,34.3784294128418,33.09872055053711,33.82998275756836,33.601463317871094,12426000.0,26.545536041259766,VLO
2013-01-22,34.28702163696289,33.51005554199219,33.94881057739258,33.96709442138672,6592100.0,26.83439064025879,VLO
2013-01-23,35.05484390258789,33.82084274291992,34.13162612915039,34.707496643066406,10946700.0,27.419313430786133,VLO
2013-01-24,35.08226776123047,34.515541076660156,34.552101135253906,34.6983528137207,8727400.0,27.41209602355957,VLO
2013-01-25,34.94515609741211,34.45155334472656,34.689212799072266,34.826324462890625,9988700.0,27.5131893157959,VLO
2013-01-28,35.6855583190918,34.844608306884766,35.10968780517578,35.475318908691406,12465100.0,28.025907516479492,VLO
2013-01-29,40.06398391723633,38.254112243652344,38.56489944458008,40.00914001464844,28202200.0,31.607667922973633,VLO
2013-01-30,40.58501052856445,38.93967056274414,40.447898864746094,39.99085998535156,21610700.0,31.593231201171875,VLO
2013-01-31,40.42961502075195,39.27787780761719,39.387569427490234,39.97257614135742,11166800.0,31.578794479370117,VLO
2013-02-01,41.096893310546875,40.07312774658203,40.39305114746094,40.99634552001953,9777000.0,32.38758087158203,VLO
2013-02-04,41.617916107177734,40.447898864746094,40.630714416503906,41.042049407958984,12627700.0,32.42367935180664,VLO
2013-02-05,42.129798889160156,41.11517333984375,41.26142501831055,41.77330780029297,11483300.0,33.00138854980469,VLO
2013-02-06,42.10237503051758,41.27970886230469,41.63619613647461,41.535648345947266,9823000.0,32.813629150390625,VLO
2013-02-07,41.85557556152344,41.078609466552734,41.7001838684082,41.425960540771484,10490400.0,32.726985931396484,VLO
2013-02-08,42.34003829956055,41.65447998046875,41.66361999511719,42.16636276245117,8800900.0,33.31190490722656,VLO
2013-02-11,42.81535720825195,42.0840950012207,42.0840950012207,42.17550277709961,7771900.0,33.477901458740234,VLO
2013-02-12,42.458866119384766,41.44424057006836,42.16636276245117,41.727603912353516,8582300.0,33.12238693237305,VLO
2013-02-13,42.3765983581543,41.590492248535156,41.85557556152344,42.266910552978516,6991400.0,33.55046844482422,VLO
2013-02-14,43.41864776611328,42.266910552978516,42.321754455566406,43.17184829711914,9986700.0,34.26878356933594,VLO
2013-02-15,43.56489944458008,42.75136947631836,43.29067611694336,43.22669219970703,9522100.0,34.31232833862305,VLO
2013-02-19,43.729434967041016,42.82449722290039,43.464351654052734,43.628883361816406,8853000.0,34.63157272338867,VLO
2013-02-20,43.73857498168945,40.86837387084961,43.61974334716797,41.0694694519043,15708900.0,32.599971771240234,VLO
2013-02-21,41.919559478759766,39.771480560302734,40.89579391479492,41.617916107177734,13766100.0,33.035308837890625,VLO
2013-02-22,42.321754455566406,41.11517333984375,42.001827239990234,42.11151885986328,8310600.0,33.4271125793457,VLO
2013-02-25,42.50457000732422,40.420475006103516,42.212066650390625,40.447898864746094,9192600.0,32.10658264160156,VLO
2013-02-26,41.206581115722656,39.93601608276367,40.3839111328125,41.0694694519043,9532300.0,32.599971771240234,VLO
2013-02-27,42.17550277709961,40.78610610961914,41.078609466552734,42.03839111328125,9202800.0,33.36906814575195,VLO
2013-02-28,42.55027389526367,41.59963607788086,42.056671142578125,41.672760009765625,10069900.0,33.0788459777832,VLO
2013-03-01,42.870201110839844,40.85923385620117,41.41682052612305,42.6234016418457,10803900.0,33.83344650268555,VLO
2013-03-04,44.387569427490234,42.42230224609375,42.42230224609375,44.34186553955078,12168600.0,35.19751739501953,VLO
2013-03-05,44.7623405456543,43.49177169799805,44.72577667236328,44.095062255859375,9969100.0,35.001609802246094,VLO
2013-03-06,44.59780502319336,43.42778778076172,44.3784294128418,43.52833557128906,9469800.0,34.551761627197266,VLO
2013-03-07,43.61060333251953,42.193782806396484,43.48263168334961,42.513710021972656,11980200.0,33.746376037597656,VLO
2013-03-08,43.04387664794922,41.48994445800781,42.842777252197266,41.590492248535156,12394900.0,33.013545989990234,VLO
2013-03-11,41.22486114501953,39.40584945678711,41.18830108642578,39.963436126708984,24984600.0,31.722030639648438,VLO
2013-03-12,41.846435546875,39.81718444824219,39.81718444824219,41.63619613647461,16207300.0,33.04981994628906,VLO
2013-03-13,40.72212219238281,39.48811721801758,39.7623405456543,39.689212799072266,22653500.0,31.50435447692871,VLO
2013-03-14,40.21937942504883,38.85740280151367,39.97257614135742,40.07312774658203,17769600.0,31.809101104736328,VLO
2013-03-15,41.10603332519531,40.08226776123047,40.12797164916992,40.3839111328125,14199100.0,32.05580139160156,VLO
2013-03-18,41.17915725708008,39.66179275512695,39.80804443359375,40.57586669921875,8223800.0,32.208152770996094,VLO
2013-03-19,40.84095001220703,39.7623405456543,40.630714416503906,40.420475006103516,9488200.0,32.08481216430664,VLO
2013-03-20,41.08774948120117,40.173675537109375,40.639854431152344,40.831809997558594,11067400.0,32.41132354736328,VLO
2013-03-21,41.023765563964844,40.2376594543457,40.484458923339844,40.2376594543457,9938600.0,31.93970489501953,VLO
2013-03-22,40.7769660949707,40.228519439697266,40.41133499145508,40.43875503540039,7874800.0,32.09931564331055,VLO
2013-03-25,41.0694694519043,40.310787200927734,40.6215705871582,40.475318908691406,10046600.0,32.12833786010742,VLO
2013-03-26,41.38939666748047,40.73126220703125,41.00548553466797,41.08774948120117,10483400.0,32.61448669433594,VLO
2013-03-27,41.535648345947266,40.86837387084961,40.9232177734375,41.08774948120117,8239100.0,32.61448669433594,VLO
2013-03-28,41.85557556152344,41.11517333984375,41.407676696777344,41.58135223388672,8856100.0,33.00630187988281,VLO
2013-04-01,41.617916107177734,40.71297836303711,41.407676696777344,41.10603332519531,9176100.0,32.628997802734375,VLO
2013-04-02,41.38025665283203,38.2998161315918,41.31626892089844,38.765995025634766,20779600.0,30.771522521972656,VLO
2013-04-03,39.058502197265625,36.48994445800781,38.91225051879883,37.11151885986328,22586500.0,29.458251953125,VLO
2013-04-04,37.9159049987793,36.38025665283203,36.85557556152344,37.87934112548828,10896200.0,30.06772232055664,VLO
2013-04-05,38.4552116394043,36.62705612182617,37.41316223144531,38.37294387817383,12865500.0,30.459531784057617,VLO
2013-04-08,38.574039459228516,37.25777053833008,38.26325225830078,38.50091552734375,8857400.0,30.561115264892578,VLO
2013-04-09,39.113346099853516,38.02559280395508,38.628883361816406,38.99451446533203,9363800.0,30.95291519165039,VLO
2013-04-10,39.579524993896484,38.68373107910156,39.03107833862305,39.27787780761719,10941800.0,31.17784309387207,VLO
2013-04-11,39.305301666259766,37.35831832885742,39.250457763671875,37.71480941772461,16643500.0,29.937124252319336,VLO
2013-04-12,37.90676498413086,36.343692779541016,37.321754455566406,37.39488220214844,13962900.0,29.683168411254883,VLO
2013-04-15,36.882999420166016,35.3016471862793,36.809871673583984,35.46617889404297,13846400.0,28.152212142944336,VLO
2013-04-16,36.4625244140625,35.612430572509766,36.023765563964844,36.234004974365234,9992400.0,28.76169204711914,VLO
2013-04-17,35.694698333740234,34.43327331542969,35.64899444580078,34.95429611206055,9168100.0,27.745891571044922,VLO
2013-04-18,35.804386138916016,34.579524993896484,35.00914001464844,35.365631103515625,9805400.0,28.07239532470703,VLO
2013-04-19,36.078609466552734,34.86288833618164,35.539306640625,35.86837387084961,7772400.0,28.471467971801758,VLO
2013-04-22,36.83729553222656,35.32906723022461,36.06032943725586,36.371116638183594,10429500.0,28.87053108215332,VLO
2013-04-23,37.513710021972656,36.12431335449219,36.50822830200195,37.157222747802734,11223800.0,29.494524002075195,VLO
2013-04-24,38.70201110839844,37.321754455566406,37.321754455566406,38.36380386352539,12390000.0,30.45227813720703,VLO
2013-04-25,38.848262786865234,37.49542999267578,38.70201110839844,37.69652557373047,10442600.0,29.92259979248047,VLO
2013-04-26,37.55941390991211,36.5447883605957,37.55941390991211,37.22120666503906,7906800.0,29.545316696166992,VLO
2013-04-29,38.02559280395508,37.12065887451172,37.12065887451172,37.65996170043945,8295900.0,29.893596649169922,VLO
2013-04-30,39.25959777832031,36.52650833129883,39.14076614379883,36.85557556152344,17947100.0,29.25507926940918,VLO
2013-05-01,36.553932189941406,35.31992721557617,36.535648345947266,35.447898864746094,10743700.0,28.137697219848633,VLO
2013-05-02,37.380001068115234,35.810001373291016,36.900001525878906,36.97999954223633,10783700.0,29.35384750366211,VLO
2013-05-03,38.06999969482422,36.27000045776367,36.65999984741211,37.59000015258789,10445900.0,29.838050842285156,VLO
2013-05-06,38.630001068115234,37.619998931884766,37.939998626708984,38.380001068115234,6788400.0,30.465131759643555,VLO
2013-05-07,39.380001068115234,38.34000015258789,38.900001525878906,39.11000061035156,10578600.0,31.044593811035156,VLO
2013-05-08,39.84000015258789,37.650001525878906,39.20000076293945,38.2599983215332,10581600.0,30.3698787689209,VLO
2013-05-09,38.54999923706055,37.959999084472656,38.310001373291016,38.22999954223633,8213200.0,30.346071243286133,VLO
2013-05-10,38.84000015258789,37.54999923706055,38.099998474121094,38.79999923706055,8362200.0,30.798513412475586,VLO
2013-05-13,38.7400016784668,37.9900016784668,38.52000045776367,38.119998931884766,5996800.0,30.25875473022461,VLO
2013-05-14,39.150001525878906,38.08000183105469,38.08000183105469,39.0099983215332,7303000.0,30.9652099609375,VLO
2013-05-15,40.25,38.97999954223633,39.029998779296875,39.810001373291016,8297400.0,31.600238800048828,VLO
2013-05-16,40.25,39.290000915527344,39.81999969482422,39.61000061035156,7769800.0,31.441476821899414,VLO
2013-05-17,41.29999923706055,39.59000015258789,39.650001525878906,41.20000076293945,10109500.0,32.70358657836914,VLO
2013-05-20,42.70000076293945,40.72999954223633,41.189998626708984,42.09000015258789,9166800.0,33.57302474975586,VLO
2013-05-21,42.5,41.209999084472656,42.119998931884766,41.209999084472656,7099600.0,32.8710823059082,VLO
2013-05-22,42.0,40.16999816894531,41.2400016784668,40.529998779296875,9112700.0,32.32868957519531,VLO
2013-05-23,40.81999969482422,39.29999923706055,39.709999084472656,40.2400016784668,6247500.0,32.097373962402344,VLO
2013-05-24,40.06999969482422,39.349998474121094,39.86000061035156,40.060001373291016,4514900.0,31.95380401611328,VLO
2013-05-28,41.150001525878906,40.290000915527344,40.66999816894531,40.72999954223633,4997100.0,32.48822021484375,VLO
2013-05-29,40.970001220703125,40.0,40.58000183105469,40.47999954223633,6401600.0,32.2888069152832,VLO
2013-05-30,40.95000076293945,40.040000915527344,40.2400016784668,40.65999984741211,5714400.0,32.43238067626953,VLO
2013-05-31,41.5099983215332,40.5099983215332,40.54999923706055,40.630001068115234,6631100.0,32.40846252441406,VLO
2013-06-03,40.86000061035156,39.22999954223633,40.68000030517578,40.25,6641200.0,32.105350494384766,VLO
2013-06-04,40.2599983215332,38.36000061035156,40.02000045776367,38.959999084472656,9466700.0,31.076379776000977,VLO
2013-06-05,39.459999084472656,38.400001525878906,38.93000030517578,38.619998931884766,6116400.0,30.80518341064453,VLO
2013-06-06,39.45000076293945,38.310001373291016,38.59000015258789,39.27000045776367,5155100.0,31.323654174804688,VLO
2013-06-07,40.0,39.220001220703125,39.439998626708984,39.56999969482422,4513400.0,31.562942504882812,VLO
2013-06-10,39.810001373291016,38.880001068115234,39.72999954223633,38.970001220703125,4507400.0,31.08435821533203,VLO
2013-06-11,38.959999084472656,38.290000915527344,38.689998626708984,38.47999954223633,6608300.0,30.693504333496094,VLO
2013-06-12,39.119998931884766,37.93000030517578,38.97999954223633,37.959999084472656,5483500.0,30.27872657775879,VLO
2013-06-13,38.900001525878906,37.849998474121094,37.849998474121094,38.65999984741211,5730400.0,30.83708953857422,VLO
2013-06-14,38.849998474121094,37.91999816894531,38.709999084472656,38.0099983215332,5986800.0,30.318614959716797,VLO
2013-06-17,38.58000183105469,37.75,38.22999954223633,37.95000076293945,7352300.0,30.2707576751709,VLO
2013-06-18,38.2400016784668,37.70000076293945,37.93000030517578,38.06999969482422,5446900.0,30.36648178100586,VLO
2013-06-19,38.61000061035156,37.52000045776367,38.029998779296875,37.58000183105469,7481600.0,29.975631713867188,VLO
2013-06-20,37.09000015258789,35.70000076293945,37.08000183105469,35.72999954223633,11998700.0,28.499975204467773,VLO
2013-06-21,36.06999969482422,34.630001068115234,36.02000045776367,35.38999938964844,14234000.0,28.2287654876709,VLO
2013-06-24,34.869998931884766,33.27000045776367,34.790000915527344,33.7599983215332,12792600.0,26.928607940673828,VLO
2013-06-25,35.119998931884766,34.290000915527344,34.400001525878906,34.97999954223633,10667600.0,27.901744842529297,VLO
2013-06-26,35.7400016784668,35.08000183105469,35.310001373291016,35.400001525878906,6570500.0,28.236753463745117,VLO
2013-06-27,35.75,34.880001068115234,35.58000183105469,34.9900016784668,5603400.0,27.909727096557617,VLO
2013-06-28,35.040000915527344,34.529998779296875,34.83000183105469,34.77000045776367,9966100.0,27.734241485595703,VLO
2013-07-01,35.29999923706055,34.119998931884766,34.58000183105469,34.25,7721400.0,27.319456100463867,VLO
2013-07-02,34.279998779296875,33.34000015258789,34.25,33.540000915527344,8694600.0,26.753128051757812,VLO
2013-07-03,33.72999954223633,33.0,33.54999923706055,33.689998626708984,8154900.0,26.872770309448242,VLO
2013-07-05,34.029998779296875,33.029998779296875,33.869998931884766,33.849998474121094,6230200.0,27.000394821166992,VLO
2013-07-08,34.72999954223633,34.0,34.060001373291016,34.529998779296875,7292800.0,27.542802810668945,VLO
2013-07-09,34.93000030517578,33.97999954223633,34.77000045776367,34.279998779296875,9687700.0,27.3433837890625,VLO
2013-07-10,34.209999084472656,33.400001525878906,34.11000061035156,33.54999923706055,9078700.0,26.761096954345703,VLO
2013-07-11,34.630001068115234,33.619998931884766,34.119998931884766,34.540000915527344,9531800.0,27.550777435302734,VLO
2013-07-12,36.18000030517578,33.599998474121094,33.720001220703125,35.86000061035156,16939600.0,28.603670120239258,VLO
2013-07-15,36.04999923706055,35.2400016784668,35.939998626708984,35.380001068115234,5543700.0,28.22079849243164,VLO
2013-07-16,35.34000015258789,34.45000076293945,35.310001373291016,34.779998779296875,7411500.0,27.742212295532227,VLO
2013-07-17,35.33000183105469,34.689998626708984,35.20000076293945,35.099998474121094,6911500.0,27.997461318969727,VLO
2013-07-18,35.5099983215332,34.16999816894531,35.189998626708984,34.220001220703125,9616800.0,27.2955265045166,VLO
2013-07-19,34.849998474121094,34.11000061035156,34.40999984741211,34.709999084472656,7567200.0,27.686370849609375,VLO
2013-07-22,35.400001525878906,34.56999969482422,35.0,35.27000045776367,6834900.0,28.13306427001953,VLO
2013-07-23,35.75,34.34000015258789,34.880001068115234,35.33000183105469,9877300.0,28.180912017822266,VLO
2013-07-24,35.470001220703125,34.400001525878906,35.439998626708984,34.599998474121094,6883000.0,27.598628997802734,VLO
2013-07-25,35.970001220703125,34.400001525878906,34.459999084472656,35.66999816894531,10284800.0,28.452116012573242,VLO
2013-07-26,36.33000183105469,35.540000915527344,35.540000915527344,36.040000915527344,6025700.0,28.74725341796875,VLO
2013-07-29,36.22999954223633,35.560001373291016,36.0099983215332,35.790000915527344,4592800.0,28.547840118408203,VLO
2013-07-30,36.0099983215332,35.25,35.86000061035156,35.529998779296875,5852200.0,28.340444564819336,VLO
2013-07-31,36.130001068115234,35.20000076293945,35.52000045776367,35.77000045776367,7461100.0,28.531888961791992,VLO
2013-08-01,36.52000045776367,35.91999816894531,36.150001525878906,36.060001373291016,5599700.0,28.763206481933594,VLO
2013-08-02,35.93000030517578,34.9900016784668,35.93000030517578,35.09000015258789,7364200.0,27.989479064941406,VLO
2013-08-05,35.20000076293945,34.70000076293945,35.06999969482422,35.130001068115234,4357900.0,28.021381378173828,VLO
2013-08-06,36.84000015258789,35.2599983215332,35.27000045776367,36.529998779296875,18604100.0,29.138086318969727,VLO
2013-08-07,37.5,36.400001525878906,36.689998626708984,36.54999923706055,10365300.0,29.154041290283203,VLO
2013-08-08,37.150001525878906,36.2599983215332,36.68000030517578,37.029998779296875,7532200.0,29.53692054748535,VLO
2013-08-09,37.31999969482422,36.81999969482422,37.08000183105469,37.130001068115234,6391100.0,29.616683959960938,VLO
2013-08-12,37.06999969482422,36.599998474121094,36.7400016784668,36.849998474121094,4979500.0,29.572538375854492,VLO
2013-08-13,36.9900016784668,36.43000030517578,36.93000030517578,36.86000061035156,3915800.0,29.580568313598633,VLO
2013-08-14,37.04999923706055,36.47999954223633,36.83000183105469,36.7400016784668,3840600.0,29.484272003173828,VLO
2013-08-15,36.63999938964844,35.91999816894531,36.45000076293945,35.93000030517578,5460300.0,28.834228515625,VLO
2013-08-16,35.88999938964844,35.209999084472656,35.88999938964844,35.40999984741211,5708600.0,28.41692352294922,VLO
2013-08-19,35.38999938964844,34.34000015258789,35.2599983215332,34.470001220703125,7024100.0,27.662574768066406,VLO
2013-08-20,35.58000183105469,34.11000061035156,34.41999816894531,35.2400016784668,6376200.0,28.280502319335938,VLO
2013-08-21,35.77000045776367,34.91999816894531,35.220001220703125,35.400001525878906,5636500.0,28.408905029296875,VLO
2013-08-22,36.209999084472656,35.349998474121094,35.540000915527344,35.97999954223633,3457900.0,28.874359130859375,VLO
2013-08-23,36.779998779296875,36.099998474121094,36.209999084472656,36.400001525878906,4629600.0,29.211414337158203,VLO
2013-08-26,36.58000183105469,35.97999954223633,36.40999984741211,36.02000045776367,3853500.0,28.90646743774414,VLO
2013-08-27,35.7400016784668,35.22999954223633,35.66999816894531,35.2599983215332,5412500.0,28.296554565429688,VLO
2013-08-28,35.869998931884766,35.220001220703125,35.31999969482422,35.77000045776367,4249500.0,28.705839157104492,VLO
2013-08-29,36.16999816894531,35.400001525878906,35.70000076293945,35.79999923706055,3535300.0,28.72990608215332,VLO
2013-08-30,36.13999938964844,35.400001525878906,35.95000076293945,35.529998779296875,3873200.0,28.513227462768555,VLO
2013-09-03,36.83000183105469,36.060001373291016,36.119998931884766,36.29999923706055,6199300.0,29.13115882873535,VLO
2013-09-04,36.939998626708984,36.150001525878906,36.220001220703125,36.880001068115234,5480900.0,29.59662628173828,VLO
2013-09-05,37.279998779296875,36.54999923706055,36.83000183105469,36.75,6581300.0,29.492298126220703,VLO
2013-09-06,37.060001373291016,36.13999938964844,37.060001373291016,36.7599983215332,7059100.0,29.500322341918945,VLO
2013-09-09,37.18000030517578,36.54999923706055,36.88999938964844,36.59000015258789,6092000.0,29.3638916015625,VLO
2013-09-10,36.7599983215332,35.970001220703125,36.7599983215332,36.150001525878906,5799400.0,29.01079559326172,VLO
2013-09-11,36.25,35.540000915527344,36.13999938964844,36.06999969482422,4974100.0,28.946584701538086,VLO
2013-09-12,35.869998931884766,34.66999816894531,35.86000061035156,34.70000076293945,9919400.0,27.84714126586914,VLO
2013-09-13,35.369998931884766,34.84000015258789,34.88999938964844,35.04999923706055,8659900.0,28.128026962280273,VLO
2013-09-16,35.52000045776367,34.52000045776367,35.43000030517578,34.560001373291016,6437800.0,27.73479461669922,VLO
2013-09-17,34.810001373291016,34.36000061035156,34.63999938964844,34.599998474121094,4397800.0,27.766889572143555,VLO
2013-09-18,35.15999984741211,34.38999938964844,34.709999084472656,35.099998474121094,4889800.0,28.16815185546875,VLO
2013-09-19,35.4900016784668,34.65999984741211,35.27000045776367,34.72999954223633,5185200.0,27.871217727661133,VLO
2013-09-20,35.400001525878906,34.43000030517578,35.31999969482422,34.439998626708984,8943600.0,27.638492584228516,VLO
2013-09-23,34.400001525878906,33.79999923706055,34.11000061035156,34.11000061035156,5609700.0,27.373661041259766,VLO
2013-09-24,34.7400016784668,33.88999938964844,34.27000045776367,34.310001373291016,5206100.0,27.534170150756836,VLO
2013-09-25,35.099998474121094,34.290000915527344,34.31999969482422,34.880001068115234,5471500.0,27.991600036621094,VLO
2013-09-26,35.040000915527344,34.13999938964844,34.959999084472656,34.310001373291016,5572000.0,27.534170150756836,VLO
2013-09-27,34.5099983215332,34.150001525878906,34.16999816894531,34.29999923706055,4954600.0,27.526140213012695,VLO
2013-09-30,34.25,33.70000076293945,33.779998779296875,34.150001525878906,6989000.0,27.405763626098633,VLO
2013-10-01,34.38999938964844,33.77000045776367,34.150001525878906,33.84000015258789,4984900.0,27.156982421875,VLO
2013-10-02,34.66999816894531,34.02000045776367,34.18000030517578,34.380001068115234,8942200.0,27.590341567993164,VLO
2013-10-03,34.459999084472656,33.880001068115234,34.20000076293945,34.099998474121094,5670000.0,27.36563491821289,VLO
2013-10-04,34.4900016784668,33.349998474121094,33.72999954223633,34.439998626708984,7838700.0,27.638492584228516,VLO
2013-10-07,34.38999938964844,33.81999969482422,34.06999969482422,34.04999923706055,4429600.0,27.325510025024414,VLO
2013-10-08,34.220001220703125,33.689998626708984,34.09000015258789,33.72999954223633,5830200.0,27.06870460510254,VLO
2013-10-09,34.22999954223633,33.20000076293945,33.7599983215332,33.970001220703125,6821800.0,27.26131248474121,VLO
2013-10-10,35.900001525878906,34.47999954223633,34.47999954223633,35.56999969482422,11290700.0,28.545331954956055,VLO
2013-10-11,37.189998626708984,35.650001525878906,35.75,36.540000915527344,14926300.0,29.32376480102539,VLO
2013-10-14,36.650001525878906,35.849998474121094,36.150001525878906,36.56999969482422,5639200.0,29.347837448120117,VLO
2013-10-15,37.2599983215332,36.25,36.779998779296875,36.4900016784668,6695300.0,29.28364372253418,VLO
2013-10-16,37.2599983215332,36.7599983215332,36.7599983215332,37.25,8238200.0,29.893545150756836,VLO
2013-10-17,38.779998779296875,37.11000061035156,37.189998626708984,38.38999938964844,9538500.0,30.808412551879883,VLO
2013-10-18,39.099998474121094,38.099998474121094,38.72999954223633,39.099998474121094,8752100.0,31.37819480895996,VLO
2013-10-21,39.84000015258789,39.060001373291016,39.2599983215332,39.75,7205200.0,31.899837493896484,VLO
2013-10-22,40.70000076293945,39.939998626708984,39.939998626708984,40.45000076293945,11675000.0,32.461585998535156,VLO
2013-10-23,41.20000076293945,39.91999816894531,40.08000183105469,40.130001068115234,12183800.0,32.20479202270508,VLO
2013-10-24,40.0099983215332,39.33000183105469,39.95000076293945,39.41999816894531,11800900.0,31.635000228881836,VLO
2013-10-25,39.79999923706055,39.099998474121094,39.47999954223633,39.439998626708984,7308400.0,31.651046752929688,VLO
2013-10-28,40.209999084472656,39.369998931884766,39.630001068115234,39.45000076293945,7714800.0,31.659072875976562,VLO
2013-10-29,41.119998931884766,39.709999084472656,39.84000015258789,40.209999084472656,10679100.0,32.26899337768555,VLO
2013-10-30,41.459999084472656,39.83000183105469,40.0,41.40999984741211,11220100.0,33.23200225830078,VLO
2013-10-31,42.150001525878906,41.150001525878906,41.29999923706055,41.16999816894531,9745700.0,33.03940200805664,VLO
2013-11-01,41.400001525878906,40.689998626708984,41.34000015258789,41.0,7286800.0,32.90296936035156,VLO
2013-11-04,41.68000030517578,40.790000915527344,41.150001525878906,41.54999923706055,4885400.0,33.3443489074707,VLO
2013-11-05,41.54999923706055,41.119998931884766,41.369998931884766,41.439998626708984,4552200.0,33.25607681274414,VLO
2013-11-06,41.529998779296875,40.119998931884766,41.4900016784668,40.2400016784668,8901800.0,32.293060302734375,VLO
2013-11-07,40.459999084472656,39.279998779296875,39.880001068115234,39.279998779296875,11937100.0,31.52265739440918,VLO
2013-11-08,40.31999969482422,39.0099983215332,39.34000015258789,40.31999969482422,9555600.0,32.357269287109375,VLO
2013-11-11,40.40999984741211,39.869998931884766,40.2400016784668,40.310001373291016,5096100.0,32.349239349365234,VLO
2013-11-12,41.7400016784668,40.31999969482422,40.31999969482422,41.02000045776367,7213700.0,32.919010162353516,VLO
2013-11-13,41.279998779296875,40.58000183105469,40.9900016784668,41.2400016784668,6767300.0,33.0955696105957,VLO
2013-11-14,43.349998474121094,41.41999816894531,41.58000183105469,42.84000015258789,10172500.0,34.37958908081055,VLO
2013-11-15,43.779998779296875,42.400001525878906,42.70000076293945,43.0,13692800.0,34.50798416137695,VLO
2013-11-18,43.470001220703125,42.7599983215332,43.33000183105469,42.91999816894531,7538000.0,34.44377899169922,VLO
2013-11-19,43.59000015258789,42.279998779296875,42.81999969482422,42.34000015258789,9577500.0,33.97833251953125,VLO
2013-11-20,42.81999969482422,41.90999984741211,42.349998474121094,42.11000061035156,5853900.0,33.79375076293945,VLO
2013-11-21,42.7400016784668,42.06999969482422,42.06999969482422,42.540000915527344,5555500.0,34.13882827758789,VLO
2013-11-22,44.47999954223633,42.63999938964844,42.939998626708984,44.11000061035156,10980900.0,35.39877700805664,VLO
2013-11-25,44.72999954223633,43.439998626708984,43.880001068115234,44.58000183105469,7437400.0,35.959381103515625,VLO
2013-11-26,44.68000030517578,44.0,44.56999969482422,44.349998474121094,7845500.0,35.77385711669922,VLO
2013-11-27,46.369998931884766,44.279998779296875,44.279998779296875,45.970001220703125,8510400.0,37.080596923828125,VLO
2013-11-29,46.290000915527344,45.52000045776367,45.869998931884766,45.720001220703125,4340800.0,36.878936767578125,VLO
2013-12-02,47.2400016784668,45.65999984741211,45.91999816894531,46.83000183105469,11722500.0,37.7742919921875,VLO
2013-12-03,47.2599983215332,45.52000045776367,46.619998931884766,46.77000045776367,13772300.0,37.725894927978516,VLO
2013-12-04,46.279998779296875,44.529998779296875,45.38999938964844,45.02000045776367,18724600.0,36.314300537109375,VLO
2013-12-05,46.31999969482422,45.29999923706055,46.150001525878906,45.349998474121094,15090000.0,36.58047866821289,VLO
2013-12-06,47.20000076293945,45.70000076293945,45.77000045776367,46.58000183105469,12278800.0,37.5726318359375,VLO
2013-12-09,47.97999954223633,46.06999969482422,47.06999969482422,46.13999938964844,13661700.0,37.217716217041016,VLO
2013-12-10,46.7599983215332,45.09000015258789,45.7599983215332,46.47999954223633,12324500.0,37.491973876953125,VLO
2013-12-11,46.619998931884766,45.47999954223633,46.619998931884766,46.040000915527344,9264100.0,37.13705825805664,VLO
2013-12-12,46.4900016784668,45.81999969482422,45.84000015258789,45.880001068115234,6696900.0,37.007999420166016,VLO
2013-12-13,46.2599983215332,45.15999984741211,45.900001525878906,46.130001068115234,6351000.0,37.20964813232422,VLO
2013-12-16,47.36000061035156,46.54999923706055,46.54999923706055,46.75,7283100.0,37.70976257324219,VLO
2013-12-17,47.279998779296875,46.439998626708984,46.63999938964844,46.9900016784668,7031700.0,37.903358459472656,VLO
2013-12-18,48.150001525878906,46.459999084472656,47.220001220703125,48.099998474121094,8354200.0,38.798709869384766,VLO
2013-12-19,48.20000076293945,46.560001373291016,47.939998626708984,46.65999984741211,9668700.0,37.63716506958008,VLO
2013-12-20,47.599998474121094,46.56999969482422,46.959999084472656,47.4900016784668,9192200.0,38.306671142578125,VLO
2013-12-23,48.380001068115234,47.56999969482422,47.86000061035156,48.36000061035156,5452200.0,39.0084342956543,VLO
2013-12-24,48.689998626708984,48.04999923706055,48.349998474121094,48.630001068115234,2588600.0,39.22622299194336,VLO
2013-12-26,48.959999084472656,48.5099983215332,48.560001373291016,48.7599983215332,3839400.0,39.331077575683594,VLO
2013-12-27,48.869998931884766,47.880001068115234,48.869998931884766,48.66999816894531,3703000.0,39.25847625732422,VLO
2013-12-30,48.849998474121094,48.189998626708984,48.75,48.63999938964844,4040000.0,39.234275817871094,VLO
2013-12-31,50.540000915527344,48.849998474121094,48.86000061035156,50.400001525878906,6408000.0,40.65394973754883,VLO
2014-01-02,50.5,49.56999969482422,50.13999938964844,49.869998931884766,4571100.0,40.22643280029297,VLO
2014-01-03,49.97999954223633,48.97999954223633,49.95000076293945,49.349998474121094,4340900.0,39.80699157714844,VLO
2014-01-06,50.45000076293945,49.47999954223633,49.560001373291016,49.83000183105469,6308600.0,40.19417953491211,VLO
2014-01-07,52.029998779296875,49.029998779296875,50.119998931884766,51.41999816894531,13196200.0,41.47670364379883,VLO
2014-01-08,51.90999984741211,50.689998626708984,51.16999816894531,51.86000061035156,11679200.0,41.83163070678711,VLO
2014-01-09,53.029998779296875,51.95000076293945,52.04999923706055,52.900001525878906,10718100.0,42.67051696777344,VLO
2014-01-10,53.45000076293945,52.2599983215332,52.849998474121094,53.2400016784668,10079200.0,42.94477081298828,VLO
2014-01-13,53.63999938964844,51.15999984741211,53.130001068115234,51.4900016784668,8201400.0,41.53316879272461,VLO
2014-01-14,52.58000183105469,51.79999923706055,51.9900016784668,52.380001068115234,7616000.0,42.25106430053711,VLO
2014-01-15,52.279998779296875,50.7599983215332,52.18000030517578,51.63999938964844,12472000.0,41.65415573120117,VLO
2014-01-16,51.47999954223633,50.0099983215332,51.310001373291016,50.880001068115234,10525800.0,41.04113006591797,VLO
2014-01-17,52.0099983215332,50.310001373291016,50.81999969482422,51.41999816894531,6719300.0,41.47670364379883,VLO
2014-01-21,52.84000015258789,51.619998931884766,52.2400016784668,51.88999938964844,5769800.0,41.8558235168457,VLO
2014-01-22,51.970001220703125,50.52000045776367,51.5099983215332,50.95000076293945,6802200.0,41.09759521484375,VLO
2014-01-23,52.0,50.34000015258789,51.189998626708984,51.25,10802000.0,41.33958053588867,VLO
2014-01-24,50.810001373291016,48.650001525878906,50.810001373291016,49.040000915527344,10778900.0,39.55693435668945,VLO
2014-01-27,50.11000061035156,48.65999984741211,49.36000061035156,49.56999969482422,7473000.0,39.98444747924805,VLO
2014-01-28,50.310001373291016,48.709999084472656,49.630001068115234,50.20000076293945,6949400.0,40.49261474609375,VLO
2014-01-29,52.439998626708984,48.599998474121094,48.81999969482422,51.400001525878906,11733900.0,41.460575103759766,VLO
2014-01-30,52.79999923706055,51.310001373291016,52.09000015258789,51.40999984741211,6472300.0,41.46863555908203,VLO
2014-01-31,52.22999954223633,51.0099983215332,51.0099983215332,51.099998474121094,6419000.0,41.21857833862305,VLO
2014-02-03,51.4900016784668,48.709999084472656,51.09000015258789,48.849998474121094,9502900.0,39.403682708740234,VLO
2014-02-04,49.279998779296875,46.63999938964844,49.22999954223633,48.2400016784668,15607400.0,38.9116325378418,VLO
2014-02-05,47.7400016784668,46.27000045776367,47.7400016784668,46.369998931884766,16094600.0,37.403236389160156,VLO
2014-02-06,47.400001525878906,45.900001525878906,46.36000061035156,47.18000030517578,8936500.0,38.056610107421875,VLO
2014-02-07,48.91999816894531,47.40999984741211,47.63999938964844,48.81999969482422,10149300.0,39.37947082519531,VLO
2014-02-10,48.619998931884766,47.0099983215332,48.619998931884766,47.36000061035156,7963500.0,38.3984375,VLO
2014-02-11,48.439998626708984,47.529998779296875,47.599998474121094,47.81999969482422,6560500.0,38.771392822265625,VLO
2014-02-12,48.349998474121094,47.29999923706055,47.970001220703125,47.63999938964844,5882200.0,38.62544631958008,VLO
2014-02-13,49.040000915527344,47.34000015258789,47.369998931884766,49.0099983215332,6790000.0,39.7362174987793,VLO
2014-02-14,50.15999984741211,48.369998931884766,48.7400016784668,49.86000061035156,7041800.0,40.425392150878906,VLO
2014-02-18,50.81999969482422,49.93000030517578,50.150001525878906,50.7400016784668,7265300.0,41.13886642456055,VLO
2014-02-19,51.099998474121094,50.38999938964844,50.56999969482422,50.5,8071400.0,40.94429016113281,VLO
2014-02-20,50.560001373291016,48.9900016784668,50.5,49.59000015258789,11254300.0,40.20647048950195,VLO
2014-02-21,50.650001525878906,49.70000076293945,49.880001068115234,50.22999954223633,6853400.0,40.72536849975586,VLO
2014-02-24,51.869998931884766,50.20000076293945,50.310001373291016,50.91999816894531,6666800.0,41.2848014831543,VLO
2014-02-25,52.15999984741211,50.77000045776367,50.97999954223633,52.09000015258789,6448500.0,42.23341751098633,VLO
2014-02-26,52.63999938964844,50.540000915527344,52.2400016784668,50.720001220703125,7266700.0,41.122657775878906,VLO
2014-02-27,50.72999954223633,48.119998931884766,50.59000015258789,48.5099983215332,15322000.0,39.3308219909668,VLO
2014-02-28,48.790000915527344,47.68000030517578,48.599998474121094,47.97999954223633,9533400.0,38.90111541748047,VLO
2014-03-03,49.08000183105469,47.84000015258789,48.029998779296875,48.349998474121094,7244000.0,39.20111846923828,VLO
2014-03-04,49.29999923706055,48.0,48.79999923706055,49.220001220703125,10617300.0,39.9064826965332,VLO
2014-03-05,50.36000061035156,48.880001068115234,49.16999816894531,50.279998779296875,7892100.0,40.765899658203125,VLO
2014-03-06,52.88999938964844,50.45000076293945,50.459999084472656,52.880001068115234,13403300.0,42.873931884765625,VLO
2014-03-07,53.41999816894531,52.25,53.06999969482422,52.9900016784668,7758300.0,42.96311569213867,VLO
2014-03-10,53.91999816894531,52.7400016784668,52.9900016784668,53.470001220703125,8090400.0,43.352291107177734,VLO
2014-03-11,53.849998474121094,52.66999816894531,53.470001220703125,53.66999816894531,7848500.0,43.514442443847656,VLO
2014-03-12,55.31999969482422,53.400001525878906,53.45000076293945,55.290000915527344,13018900.0,44.827903747558594,VLO
2014-03-13,55.36000061035156,53.41999816894531,55.290000915527344,54.040000915527344,8917500.0,43.8144416809082,VLO
2014-03-14,54.79999923706055,53.79999923706055,54.09000015258789,54.22999954223633,8596900.0,43.96847915649414,VLO
2014-03-17,55.16999816894531,54.060001373291016,54.47999954223633,54.31999969482422,6887300.0,44.04145050048828,VLO
2014-03-18,55.380001068115234,54.06999969482422,54.189998626708984,55.08000183105469,5723900.0,44.65764617919922,VLO
2014-03-19,55.369998931884766,54.0,54.790000915527344,54.34000015258789,5009400.0,44.05766677856445,VLO
2014-03-20,55.599998474121094,53.65999984741211,54.2599983215332,55.189998626708984,6930000.0,44.7468376159668,VLO
2014-03-21,55.959999084472656,53.790000915527344,55.400001525878906,53.790000915527344,9178000.0,43.61173629760742,VLO
2014-03-24,54.90999984741211,53.61000061035156,54.279998779296875,54.130001068115234,6723400.0,43.88740539550781,VLO
2014-03-25,54.7400016784668,53.90999984741211,54.220001220703125,54.369998931884766,5810200.0,44.081993103027344,VLO
2014-03-26,55.02000045776367,53.7599983215332,54.56999969482422,53.939998626708984,6181100.0,43.73334884643555,VLO
2014-03-27,53.79999923706055,51.97999954223633,53.63999938964844,52.16999816894531,7698800.0,42.298274993896484,VLO
2014-03-28,53.439998626708984,52.29999923706055,52.689998626708984,52.86000061035156,5656100.0,42.85771560668945,VLO
2014-03-31,53.84000015258789,52.63999938964844,53.689998626708984,53.099998474121094,5721100.0,43.052303314208984,VLO
2014-04-01,55.7599983215332,53.47999954223633,53.59000015258789,55.5099983215332,8715200.0,45.00627899169922,VLO
2014-04-02,55.220001220703125,54.13999938964844,54.849998474121094,54.849998474121094,6669000.0,44.471153259277344,VLO
2014-04-03,55.97999954223633,54.970001220703125,54.97999954223633,55.790000915527344,5746800.0,45.2332878112793,VLO
2014-04-04,56.31999969482422,54.31999969482422,55.939998626708984,54.380001068115234,6973900.0,44.09009552001953,VLO
2014-04-07,54.5099983215332,51.880001068115234,54.369998931884766,51.90999984741211,10304100.0,42.08747863769531,VLO
2014-04-08,52.630001068115234,50.91999816894531,52.130001068115234,51.650001525878906,8747000.0,41.876670837402344,VLO
2014-04-09,53.150001525878906,51.540000915527344,52.0,52.95000076293945,5823700.0,42.93069076538086,VLO
2014-04-10,53.7599983215332,51.849998474121094,52.88999938964844,51.93000030517578,5180600.0,42.10367965698242,VLO
2014-04-11,52.31999969482422,50.61000061035156,51.439998626708984,50.959999084472656,5937900.0,41.317230224609375,VLO
2014-04-14,52.279998779296875,51.310001373291016,51.54999923706055,52.04999923706055,6014200.0,42.20098876953125,VLO
2014-04-15,53.689998626708984,52.0099983215332,52.08000183105469,53.56999969482422,7006600.0,43.43336486816406,VLO
2014-04-16,55.939998626708984,53.40999984741211,54.20000076293945,55.939998626708984,9455700.0,45.35490798950195,VLO
2014-04-17,56.02000045776367,54.90999984741211,55.54999923706055,56.0,8013200.0,45.403568267822266,VLO
2014-04-21,56.54999923706055,55.5,55.779998779296875,56.220001220703125,4841500.0,45.581939697265625,VLO
2014-04-22,56.70000076293945,54.720001220703125,55.400001525878906,56.54999923706055,8450700.0,45.849483489990234,VLO
2014-04-23,56.790000915527344,55.93000030517578,56.099998474121094,56.459999084472656,4387800.0,45.776512145996094,VLO
2014-04-24,56.91999816894531,55.81999969482422,56.88999938964844,56.54999923706055,4026500.0,45.849483489990234,VLO
2014-04-25,57.38999938964844,56.310001373291016,56.779998779296875,56.66999816894531,5527500.0,45.94676208496094,VLO
2014-04-28,58.33000183105469,56.380001068115234,57.029998779296875,57.970001220703125,9807000.0,47.000789642333984,VLO
2014-04-29,58.970001220703125,56.58000183105469,58.5099983215332,56.84000015258789,8043700.0,46.084617614746094,VLO
2014-04-30,57.70000076293945,56.66999816894531,56.810001373291016,57.16999816894531,7455800.0,46.3521614074707,VLO
2014-05-01,58.380001068115234,56.77000045776367,57.13999938964844,57.709999084472656,5992700.0,46.78997802734375,VLO
2014-05-02,59.09000015258789,57.40999984741211,57.720001220703125,57.90999984741211,6601000.0,46.9521369934082,VLO
2014-05-05,58.380001068115234,57.0,57.599998474121094,58.2599983215332,6595600.0,47.23591995239258,VLO
2014-05-06,59.689998626708984,58.38999938964844,58.75,58.5099983215332,7560000.0,47.43861389160156,VLO
2014-05-07,58.70000076293945,57.060001373291016,58.68000030517578,57.81999969482422,7327100.0,46.87917709350586,VLO
2014-05-08,58.5,56.58000183105469,57.68000030517578,56.810001373291016,4827000.0,46.06028366088867,VLO
2014-05-09,56.91999816894531,55.189998626708984,56.91999816894531,55.93000030517578,6610000.0,45.346805572509766,VLO
2014-05-12,57.209999084472656,56.08000183105469,56.20000076293945,56.279998779296875,5775100.0,45.63056945800781,VLO
2014-05-13,56.95000076293945,55.66999816894531,56.66999816894531,56.369998931884766,6531000.0,45.70353698730469,VLO
2014-05-14,57.59000015258789,55.709999084472656,56.560001373291016,56.52000045776367,5933400.0,45.825164794921875,VLO
2014-05-15,56.33000183105469,55.25,56.27000045776367,55.83000183105469,5251100.0,45.26572036743164,VLO
2014-05-16,55.650001525878906,54.90999984741211,55.560001373291016,55.099998474121094,6769700.0,44.67385482788086,VLO
2014-05-19,55.790000915527344,54.709999084472656,54.84000015258789,55.27000045776367,4374200.0,45.01594543457031,VLO
2014-05-20,56.13999938964844,54.7599983215332,55.22999954223633,54.91999816894531,5622400.0,44.730865478515625,VLO
2014-05-21,55.380001068115234,53.810001373291016,55.209999084472656,54.22999954223633,8100600.0,44.16888427734375,VLO
2014-05-22,54.97999954223633,54.220001220703125,54.279998779296875,54.66999816894531,3498300.0,44.527252197265625,VLO
2014-05-23,55.22999954223633,54.33000183105469,54.540000915527344,54.540000915527344,4190300.0,44.42137145996094,VLO
2014-05-27,54.720001220703125,53.68000030517578,54.70000076293945,53.7400016784668,6710500.0,43.76979446411133,VLO
2014-05-28,56.130001068115234,53.810001373291016,53.90999984741211,55.689998626708984,9424000.0,45.35800552368164,VLO
2014-05-29,56.689998626708984,55.470001220703125,55.720001220703125,56.63999938964844,4925900.0,46.13176727294922,VLO
2014-05-30,57.04999923706055,55.68000030517578,56.52000045776367,56.04999923706055,5156100.0,45.651222229003906,VLO
2014-06-02,56.619998931884766,55.56999969482422,56.369998931884766,56.5099983215332,3083200.0,46.02588653564453,VLO
2014-06-03,56.33000183105469,55.189998626708984,56.25,55.400001525878906,5640500.0,45.12181854248047,VLO
2014-06-04,55.349998474121094,54.290000915527344,55.150001525878906,54.54999923706055,6608600.0,44.42951965332031,VLO
2014-06-05,55.790000915527344,54.349998474121094,54.88999938964844,55.63999938964844,5216700.0,45.31729507446289,VLO
2014-06-06,55.790000915527344,55.13999938964844,55.75,55.220001220703125,3065000.0,44.975215911865234,VLO
2014-06-09,55.65999984741211,54.540000915527344,55.290000915527344,54.84000015258789,3906000.0,44.66571807861328,VLO
2014-06-10,54.66999816894531,53.2400016784668,54.54999923706055,53.29999923706055,8205000.0,43.41141891479492,VLO
2014-06-11,53.650001525878906,52.75,53.130001068115234,53.189998626708984,7261000.0,43.321834564208984,VLO
2014-06-12,53.95000076293945,52.91999816894531,53.400001525878906,53.810001373291016,9069000.0,43.826805114746094,VLO
2014-06-13,54.029998779296875,53.43000030517578,53.97999954223633,53.7400016784668,3923700.0,43.76979446411133,VLO
2014-06-16,53.790000915527344,53.150001525878906,53.709999084472656,53.349998474121094,4963400.0,43.452144622802734,VLO
2014-06-17,54.150001525878906,53.0,53.349998474121094,54.11000061035156,4571900.0,44.07114028930664,VLO
2014-06-18,55.68000030517578,53.779998779296875,54.18000030517578,55.63999938964844,6858600.0,45.31729507446289,VLO
2014-06-19,57.13999938964844,55.83000183105469,55.869998931884766,57.09000015258789,8741700.0,46.4982795715332,VLO
2014-06-20,57.43000030517578,56.709999084472656,57.209999084472656,57.36000061035156,6674900.0,46.71818923950195,VLO
2014-06-23,57.88999938964844,57.06999969482422,57.5,57.310001373291016,4432200.0,46.67746353149414,VLO
2014-06-24,58.130001068115234,55.86000061035156,57.31999969482422,55.9900016784668,6602800.0,45.60235595703125,VLO
2014-06-25,52.22999954223633,50.029998779296875,51.79999923706055,51.349998474121094,44023700.0,41.823204040527344,VLO
2014-06-26,52.939998626708984,51.380001068115234,51.849998474121094,52.27000045776367,15469900.0,42.572513580322266,VLO
2014-06-27,52.4900016784668,51.22999954223633,52.189998626708984,51.66999816894531,10680800.0,42.08382797241211,VLO
2014-06-30,51.83000183105469,50.040000915527344,51.83000183105469,50.099998474121094,13570200.0,40.805118560791016,VLO
2014-07-01,51.099998474121094,50.0099983215332,50.29999923706055,50.31999969482422,14612500.0,40.98429489135742,VLO
2014-07-02,51.11000061035156,50.209999084472656,50.560001373291016,50.83000183105469,8326600.0,41.39967727661133,VLO
2014-07-03,51.150001525878906,50.470001220703125,50.970001220703125,51.0,4336800.0,41.53813171386719,VLO
2014-07-07,51.040000915527344,50.220001220703125,50.790000915527344,50.27000045776367,6025100.0,40.943572998046875,VLO
2014-07-08,50.349998474121094,49.060001373291016,50.189998626708984,49.16999816894531,10177500.0,40.04764938354492,VLO
2014-07-09,49.59000015258789,48.310001373291016,49.40999984741211,49.279998779296875,9118400.0,40.137237548828125,VLO
2014-07-10,49.290000915527344,48.41999816894531,48.81999969482422,49.209999084472656,7465700.0,40.08022689819336,VLO
2014-07-11,50.189998626708984,49.060001373291016,49.29999923706055,50.11000061035156,7377200.0,40.81325912475586,VLO
2014-07-14,50.45000076293945,49.689998626708984,50.400001525878906,49.93000030517578,6380500.0,40.666648864746094,VLO
2014-07-15,50.810001373291016,49.2400016784668,49.2400016784668,50.279998779296875,13451200.0,40.95171356201172,VLO
2014-07-16,50.66999816894531,49.650001525878906,50.439998626708984,50.060001373291016,7478900.0,40.77253341674805,VLO
2014-07-17,50.13999938964844,48.77000045776367,49.72999954223633,48.84000015258789,7430700.0,39.77886962890625,VLO
2014-07-18,49.130001068115234,48.75,49.040000915527344,48.810001373291016,6728200.0,39.75444412231445,VLO
2014-07-21,48.779998779296875,47.77000045776367,48.77000045776367,47.81999969482422,7915900.0,38.94811248779297,VLO
2014-07-22,48.5,47.84000015258789,48.220001220703125,47.86000061035156,6755200.0,38.980690002441406,VLO
2014-07-23,48.70000076293945,47.79999923706055,48.0099983215332,48.349998474121094,6123700.0,39.37978744506836,VLO
2014-07-24,49.099998474121094,48.209999084472656,48.400001525878906,48.68000030517578,5637200.0,39.648555755615234,VLO
2014-07-25,49.2400016784668,48.45000076293945,48.779998779296875,49.20000076293945,5077400.0,40.072086334228516,VLO
2014-07-28,49.439998626708984,48.380001068115234,49.20000076293945,49.040000915527344,6627900.0,39.9417610168457,VLO
2014-07-29,50.400001525878906,49.41999816894531,49.810001373291016,49.849998474121094,9926400.0,40.60148239135742,VLO
2014-07-30,50.95000076293945,49.599998474121094,50.0099983215332,50.060001373291016,10023400.0,40.77253341674805,VLO
2014-07-31,51.5,49.380001068115234,49.97999954223633,50.79999923706055,11041800.0,41.375244140625,VLO
2014-08-01,51.040000915527344,49.369998931884766,50.720001220703125,50.439998626708984,7027700.0,41.082035064697266,VLO
2014-08-04,50.58000183105469,49.5099983215332,50.31999969482422,50.41999816894531,5645100.0,41.06574630737305,VLO
2014-08-05,50.459999084472656,49.43000030517578,49.849998474121094,49.72999954223633,5956900.0,40.503761291503906,VLO
2014-08-06,51.470001220703125,49.400001525878906,49.41999816894531,51.2599983215332,7191300.0,41.74990463256836,VLO
2014-08-07,51.77000045776367,50.599998474121094,51.4900016784668,50.849998474121094,5074900.0,41.415977478027344,VLO
2014-08-08,51.459999084472656,50.529998779296875,51.11000061035156,51.36000061035156,4448800.0,41.83135223388672,VLO
2014-08-11,52.040000915527344,50.939998626708984,51.70000076293945,51.040000915527344,3960300.0,41.570716857910156,VLO
2014-08-12,51.54999923706055,50.75,51.189998626708984,51.02000045776367,3648700.0,41.55442810058594,VLO
2014-08-13,51.75,50.619998931884766,51.20000076293945,51.33000183105469,6514600.0,41.80691909790039,VLO
2014-08-14,53.099998474121094,51.36000061035156,51.4900016784668,52.779998779296875,6819800.0,42.98788833618164,VLO
2014-08-15,53.02000045776367,52.11000061035156,52.849998474121094,52.4900016784668,6434600.0,42.75170135498047,VLO
2014-08-18,54.04999923706055,52.65999984741211,52.70000076293945,53.31999969482422,6392400.0,43.656436920166016,VLO
2014-08-19,54.20000076293945,53.16999816894531,53.470001220703125,54.150001525878906,5072800.0,44.336002349853516,VLO
2014-08-20,54.220001220703125,53.63999938964844,54.0,53.939998626708984,4570500.0,44.164058685302734,VLO
2014-08-21,54.279998779296875,53.47999954223633,54.04999923706055,53.5099983215332,5242200.0,43.8120002746582,VLO
2014-08-22,54.11000061035156,53.43000030517578,53.599998474121094,53.810001373291016,3437700.0,44.0576286315918,VLO
2014-08-25,54.5,53.72999954223633,53.93000030517578,54.18000030517578,3706900.0,44.360572814941406,VLO
2014-08-26,54.36000061035156,53.54999923706055,54.09000015258789,53.77000045776367,4514100.0,44.024871826171875,VLO
2014-08-27,54.61000061035156,53.95000076293945,54.0099983215332,54.25,4323200.0,44.417884826660156,VLO
2014-08-28,54.439998626708984,53.86000061035156,53.88999938964844,54.15999984741211,3367700.0,44.34418869018555,VLO
2014-08-29,54.33000183105469,53.88999938964844,54.31999969482422,54.13999938964844,3793400.0,44.327816009521484,VLO
2014-09-02,54.439998626708984,52.90999984741211,54.13999938964844,53.41999816894531,4868100.0,43.73830795288086,VLO
2014-09-03,53.88999938964844,52.90999984741211,53.869998931884766,53.13999938964844,5551400.0,43.509056091308594,VLO
2014-09-04,53.65999984741211,52.31999969482422,53.25,52.599998474121094,4973300.0,43.066917419433594,VLO
2014-09-05,53.43000030517578,52.279998779296875,52.689998626708984,53.0099983215332,4864200.0,43.40262222290039,VLO
2014-09-08,53.79999923706055,52.84000015258789,52.95000076293945,53.52000045776367,4276200.0,43.820186614990234,VLO
2014-09-09,53.45000076293945,52.36000061035156,53.279998779296875,52.689998626708984,5352300.0,43.14059829711914,VLO
2014-09-10,52.689998626708984,50.349998474121094,52.58000183105469,50.959999084472656,10207700.0,41.724151611328125,VLO
2014-09-11,50.95000076293945,49.61000061035156,50.529998779296875,49.869998931884766,10821600.0,40.83169937133789,VLO
2014-09-12,49.939998626708984,48.060001373291016,49.849998474121094,48.41999816894531,11480500.0,39.644493103027344,VLO
2014-09-15,49.029998779296875,48.02000045776367,48.43000030517578,48.97999954223633,7785200.0,40.10300827026367,VLO
2014-09-16,49.880001068115234,48.599998474121094,48.79999923706055,48.70000076293945,7520200.0,39.873748779296875,VLO
2014-09-17,48.97999954223633,47.84000015258789,48.91999816894531,48.209999084472656,10346400.0,39.472557067871094,VLO
2014-09-18,48.650001525878906,47.29999923706055,48.38999938964844,47.619998931884766,10824800.0,38.98948669433594,VLO
2014-09-19,48.65999984741211,47.619998931884766,47.619998931884766,48.369998931884766,11421300.0,39.603553771972656,VLO
2014-09-22,48.34000015258789,47.220001220703125,48.189998626708984,47.2599983215332,8561000.0,38.694732666015625,VLO
2014-09-23,48.04999923706055,47.02000045776367,47.09000015258789,47.13999938964844,7466000.0,38.59646987915039,VLO
2014-09-24,47.27000045776367,45.72999954223633,47.22999954223633,46.849998474121094,14915100.0,38.359039306640625,VLO
2014-09-25,46.810001373291016,45.97999954223633,46.720001220703125,46.33000183105469,8881100.0,37.933284759521484,VLO
2014-09-26,47.36000061035156,46.209999084472656,46.34000015258789,47.02000045776367,8263900.0,38.49822998046875,VLO
2014-09-29,47.25,46.2400016784668,46.5,46.77000045776367,7303500.0,38.293540954589844,VLO
2014-09-30,47.099998474121094,46.2400016784668,46.66999816894531,46.27000045776367,9357500.0,37.88416290283203,VLO
2014-10-01,47.09000015258789,45.310001373291016,46.38999938964844,45.599998474121094,8618800.0,37.33557891845703,VLO
2014-10-02,46.27000045776367,44.400001525878906,45.560001373291016,45.16999816894531,9605600.0,36.983516693115234,VLO
2014-10-03,45.34000015258789,44.5099983215332,45.2599983215332,44.7400016784668,9542100.0,36.63145065307617,VLO
2014-10-06,45.2400016784668,44.11000061035156,44.790000915527344,44.720001220703125,5830900.0,36.61507034301758,VLO
2014-10-07,46.27000045776367,44.7599983215332,44.779998779296875,45.130001068115234,7982100.0,36.95076370239258,VLO
2014-10-08,46.970001220703125,44.560001373291016,45.40999984741211,46.84000015258789,9446000.0,38.35085678100586,VLO
2014-10-09,47.33000183105469,45.150001525878906,46.91999816894531,45.43000030517578,8678900.0,37.19639205932617,VLO
2014-10-10,46.52000045776367,44.279998779296875,45.43000030517578,45.150001525878906,7566000.0,36.96714782714844,VLO
2014-10-13,46.18000030517578,44.5099983215332,45.0099983215332,44.54999923706055,8439600.0,36.47587585449219,VLO
2014-10-14,45.709999084472656,43.70000076293945,44.790000915527344,44.91999816894531,11378300.0,36.77881622314453,VLO
2014-10-15,45.04999923706055,42.529998779296875,44.22999954223633,43.7599983215332,10982000.0,35.829071044921875,VLO
2014-10-16,45.7599983215332,42.810001373291016,43.09000015258789,44.75,12250000.0,36.6396369934082,VLO
2014-10-17,45.790000915527344,44.5,45.34000015258789,45.150001525878906,8897500.0,36.96714782714844,VLO
2014-10-20,46.459999084472656,45.0,45.08000183105469,46.310001373291016,6282000.0,37.91691207885742,VLO
2014-10-21,48.369998931884766,46.54999923706055,46.58000183105469,48.29999923706055,8942300.0,39.54624938964844,VLO
2014-10-22,49.5099983215332,47.91999816894531,48.380001068115234,48.0,10248800.0,39.30060958862305,VLO
2014-10-23,49.22999954223633,47.900001525878906,49.029998779296875,48.0099983215332,5625900.0,39.30880355834961,VLO
2014-10-24,48.689998626708984,47.290000915527344,48.13999938964844,48.619998931884766,5047700.0,39.80824279785156,VLO
2014-10-27,48.52000045776367,47.310001373291016,48.20000076293945,48.36000061035156,4453600.0,39.595375061035156,VLO
2014-10-28,49.599998474121094,47.970001220703125,48.43000030517578,49.4900016784668,4844100.0,40.520572662353516,VLO
2014-10-29,50.16999816894531,48.02000045776367,49.900001525878906,48.529998779296875,6248400.0,39.734554290771484,VLO
2014-10-30,49.47999954223633,48.189998626708984,48.61000061035156,48.849998474121094,4327000.0,39.996559143066406,VLO
2014-10-31,50.150001525878906,48.83000183105469,49.40999984741211,50.09000015258789,7606400.0,41.01182556152344,VLO
2014-11-03,51.25,50.029998779296875,50.16999816894531,50.34000015258789,7701600.0,41.21651840209961,VLO
2014-11-04,51.09000015258789,49.5099983215332,50.2599983215332,50.630001068115234,8782400.0,41.45396423339844,VLO
2014-11-05,50.849998474121094,48.93000030517578,50.77000045776367,49.63999938964844,10009900.0,40.64338684082031,VLO
2014-11-06,50.66999816894531,49.72999954223633,49.880001068115234,50.2400016784668,6769100.0,41.1346321105957,VLO
2014-11-07,50.790000915527344,50.13999938964844,50.2599983215332,50.720001220703125,6614200.0,41.52764892578125,VLO
2014-11-10,51.47999954223633,50.25,51.33000183105469,50.59000015258789,6202100.0,41.42121124267578,VLO
2014-11-11,51.29999923706055,50.220001220703125,50.630001068115234,51.15999984741211,5509700.0,41.88790512084961,VLO
2014-11-12,51.75,50.939998626708984,51.0099983215332,51.33000183105469,5573800.0,42.027095794677734,VLO
2014-11-13,51.2400016784668,49.20000076293945,51.209999084472656,49.68000030517578,9948500.0,40.6761360168457,VLO
2014-11-14,50.20000076293945,49.2599983215332,49.810001373291016,49.5099983215332,7214400.0,40.53693771362305,VLO
2014-11-17,49.91999816894531,49.08000183105469,49.45000076293945,49.720001220703125,5743100.0,40.93626022338867,VLO
2014-11-18,50.400001525878906,49.630001068115234,49.70000076293945,50.060001373291016,5928800.0,41.21620178222656,VLO
2014-11-19,50.279998779296875,49.369998931884766,50.13999938964844,50.119998931884766,5942200.0,41.26560592651367,VLO
2014-11-20,50.540000915527344,49.95000076293945,50.060001373291016,50.2599983215332,8482000.0,41.380863189697266,VLO
2014-11-21,52.06999969482422,50.18000030517578,50.88999938964844,50.290000915527344,11518900.0,41.405574798583984,VLO
2014-11-24,51.36000061035156,50.13999938964844,50.15999984741211,50.810001373291016,7486900.0,41.833702087402344,VLO
2014-11-25,51.58000183105469,50.540000915527344,50.86000061035156,50.97999954223633,6516200.0,41.97367477416992,VLO
2014-11-26,51.25,50.650001525878906,50.97999954223633,50.939998626708984,4733100.0,41.940738677978516,VLO
2014-11-28,50.150001525878906,48.279998779296875,50.06999969482422,48.61000061035156,6734200.0,40.02236557006836,VLO
2014-12-01,49.16999816894531,47.84000015258789,48.20000076293945,48.900001525878906,7101400.0,40.261131286621094,VLO
2014-12-02,50.9900016784668,48.86000061035156,48.97999954223633,50.880001068115234,8538800.0,41.89134216308594,VLO
2014-12-03,52.099998474121094,50.939998626708984,50.970001220703125,51.720001220703125,9365000.0,42.58293151855469,VLO
2014-12-04,52.04999923706055,50.7400016784668,51.5099983215332,51.59000015258789,8151000.0,42.47590637207031,VLO
2014-12-05,52.08000183105469,49.63999938964844,51.459999084472656,49.779998779296875,8287600.0,40.98566818237305,VLO
2014-12-08,49.79999923706055,47.93000030517578,49.5099983215332,48.11000061035156,8361200.0,39.610687255859375,VLO
2014-12-09,48.68000030517578,46.939998626708984,47.959999084472656,48.59000015258789,9498100.0,40.005889892578125,VLO
2014-12-10,48.22999954223633,46.41999816894531,47.9900016784668,46.650001525878906,10050300.0,38.40861892700195,VLO
2014-12-11,47.810001373291016,46.47999954223633,46.779998779296875,46.810001373291016,5657800.0,38.54035949707031,VLO
2014-12-12,47.040000915527344,45.720001220703125,46.97999954223633,46.27000045776367,7569900.0,38.095760345458984,VLO
2014-12-15,46.900001525878906,45.7400016784668,46.310001373291016,46.11000061035156,6812600.0,37.964027404785156,VLO
2014-12-16,47.97999954223633,45.349998474121094,45.7599983215332,47.029998779296875,9632000.0,38.72149658203125,VLO
2014-12-17,48.5,46.849998474121094,47.13999938964844,47.790000915527344,8219400.0,39.34722900390625,VLO
2014-12-18,48.52000045776367,45.849998474121094,48.400001525878906,47.06999969482422,13097100.0,38.754425048828125,VLO
2014-12-19,48.91999816894531,47.18000030517578,47.209999084472656,48.880001068115234,11362800.0,40.244667053222656,VLO
2014-12-22,49.220001220703125,48.349998474121094,48.61000061035156,48.84000015258789,7796500.0,40.211727142333984,VLO
2014-12-23,49.59000015258789,48.88999938964844,49.11000061035156,49.36000061035156,5236100.0,40.639862060546875,VLO
2014-12-24,50.0,48.88999938964844,49.040000915527344,49.790000915527344,3646700.0,40.99390411376953,VLO
2014-12-26,50.630001068115234,49.83000183105469,49.90999984741211,50.290000915527344,5273000.0,41.405574798583984,VLO
2014-12-29,51.040000915527344,49.88999938964844,50.59000015258789,50.0099983215332,4835000.0,41.17502975463867,VLO
2014-12-30,50.33000183105469,49.58000183105469,49.650001525878906,49.709999084472656,5165900.0,40.92802810668945,VLO
2014-12-31,49.9900016784668,49.310001373291016,49.560001373291016,49.5,5925900.0,40.75513458251953,VLO
2015-01-02,50.459999084472656,49.06999969482422,49.54999923706055,50.34000015258789,5897000.0,41.44672393798828,VLO
2015-01-05,49.84000015258789,48.09000015258789,49.84000015258789,48.27000045776367,7732700.0,39.742427825927734,VLO
2015-01-06,48.95000076293945,47.290000915527344,48.220001220703125,47.68000030517578,8586800.0,39.25666046142578,VLO
2015-01-07,48.95000076293945,47.15999984741211,48.06999969482422,47.310001373291016,8825800.0,38.952030181884766,VLO
2015-01-08,50.119998931884766,47.7599983215332,48.09000015258789,50.02000045776367,8941700.0,41.18327331542969,VLO
2015-01-09,50.29999923706055,48.369998931884766,49.9900016784668,48.650001525878906,8475100.0,40.0552978515625,VLO
2015-01-12,48.43000030517578,47.0,48.310001373291016,47.369998931884766,6898700.0,39.00142288208008,VLO
2015-01-13,48.529998779296875,45.529998779296875,48.25,45.95000076293945,10932800.0,37.832279205322266,VLO
2015-01-14,45.540000915527344,43.72999954223633,45.470001220703125,44.86000061035156,13608500.0,36.93484878540039,VLO
2015-01-15,45.31999969482422,43.45000076293945,45.29999923706055,44.06999969482422,11217200.0,36.2844123840332,VLO
2015-01-16,45.72999954223633,44.599998474121094,44.70000076293945,45.400001525878906,9633000.0,37.379451751708984,VLO
2015-01-20,46.529998779296875,44.91999816894531,45.150001525878906,46.5099983215332,8528100.0,38.293357849121094,VLO
2015-01-21,47.36000061035156,46.310001373291016,46.720001220703125,47.189998626708984,6944400.0,38.85322952270508,VLO
2015-01-22,48.16999816894531,46.86000061035156,48.0,48.0,9023300.0,39.52012634277344,VLO
2015-01-23,50.900001525878906,47.7400016784668,48.08000183105469,50.15999984741211,11629500.0,41.29853057861328,VLO
2015-01-26,51.709999084472656,50.040000915527344,50.040000915527344,51.189998626708984,9803200.0,42.146568298339844,VLO
2015-01-27,51.599998474121094,50.5,50.79999923706055,51.22999954223633,6593400.0,42.17950439453125,VLO
2015-01-28,52.310001373291016,51.099998474121094,51.540000915527344,51.5099983215332,12498700.0,42.41002655029297,VLO
2015-01-29,53.20000076293945,51.18000030517578,52.880001068115234,52.08000183105469,11391500.0,42.87934112548828,VLO
2015-01-30,53.900001525878906,51.5,51.75,52.880001068115234,10200500.0,43.53800964355469,VLO
2015-02-02,54.439998626708984,52.91999816894531,53.400001525878906,54.439998626708984,9905800.0,44.822410583496094,VLO
2015-02-03,54.869998931884766,53.5099983215332,54.689998626708984,54.380001068115234,10521100.0,44.773006439208984,VLO
2015-02-04,54.70000076293945,53.41999816894531,54.0,54.290000915527344,7770500.0,44.698909759521484,VLO
2015-02-05,55.220001220703125,54.0099983215332,54.65999984741211,55.0099983215332,6612200.0,45.291709899902344,VLO
2015-02-06,55.459999084472656,54.400001525878906,55.29999923706055,54.86000061035156,7786200.0,45.168216705322266,VLO
2015-02-09,54.83000183105469,54.0,54.59000015258789,54.45000076293945,5036300.0,45.1599235534668,VLO
2015-02-10,55.540000915527344,54.11000061035156,54.41999816894531,55.52000045776367,7759700.0,46.04734802246094,VLO
2015-02-11,55.9900016784668,54.900001525878906,55.41999816894531,55.36000061035156,6647300.0,45.9146614074707,VLO
2015-02-12,57.06999969482422,55.279998779296875,55.63999938964844,56.54999923706055,10149300.0,46.901615142822266,VLO
2015-02-13,58.970001220703125,57.38999938964844,57.81999969482422,58.599998474121094,13179700.0,48.60185241699219,VLO
2015-02-17,59.380001068115234,58.16999816894531,58.59000015258789,58.72999954223633,8450100.0,48.709678649902344,VLO
2015-02-18,59.43000030517578,58.47999954223633,59.2599983215332,59.27000045776367,6655700.0,49.15753936767578,VLO
2015-02-19,60.68000030517578,58.9900016784668,59.20000076293945,60.18000030517578,7449200.0,49.912288665771484,VLO
2015-02-20,60.75,59.47999954223633,60.22999954223633,60.720001220703125,6927900.0,50.36014938354492,VLO
2015-02-23,62.90999984741211,60.540000915527344,60.630001068115234,62.5,9827200.0,51.836456298828125,VLO
2015-02-24,62.63999938964844,60.91999816894531,62.400001525878906,61.599998474121094,6310400.0,51.09000015258789,VLO
2015-02-25,61.66999816894531,60.79999923706055,61.279998779296875,61.27000045776367,5407500.0,50.816322326660156,VLO
2015-02-26,62.79999923706055,61.349998474121094,61.369998931884766,61.970001220703125,7633500.0,51.39687728881836,VLO
2015-02-27,62.7400016784668,61.540000915527344,61.970001220703125,61.689998626708984,8224900.0,51.164649963378906,VLO
2015-03-02,61.220001220703125,58.20000076293945,61.130001068115234,58.66999816894531,13063700.0,48.659912109375,VLO
2015-03-03,60.189998626708984,59.08000183105469,59.099998474121094,60.08000183105469,6377700.0,49.829341888427734,VLO
2015-03-04,59.61000061035156,58.38999938964844,59.61000061035156,59.08000183105469,7102100.0,48.999961853027344,VLO
2015-03-05,60.439998626708984,59.279998779296875,59.43000030517578,59.959999084472656,6580400.0,49.72981643676758,VLO
2015-03-06,60.290000915527344,58.47999954223633,59.15999984741211,58.7400016784668,5741000.0,48.71796798706055,VLO
2015-03-09,59.689998626708984,58.54999923706055,58.560001373291016,58.599998474121094,6147500.0,48.60185241699219,VLO
2015-03-10,58.310001373291016,57.22999954223633,58.25,57.77000045776367,6435400.0,47.913475036621094,VLO
2015-03-11,57.81999969482422,56.29999923706055,56.29999923706055,57.7400016784668,10910800.0,47.888587951660156,VLO
2015-03-12,59.279998779296875,57.65999984741211,58.13999938964844,57.779998779296875,7140100.0,47.92176055908203,VLO
2015-03-13,58.72999954223633,57.7599983215332,57.959999084472656,58.529998779296875,5127100.0,48.54379653930664,VLO
2015-03-16,59.70000076293945,58.029998779296875,58.36000061035156,59.65999984741211,5317200.0,49.48100280761719,VLO
2015-03-17,60.13999938964844,58.38999938964844,59.41999816894531,59.900001525878906,5471900.0,49.680057525634766,VLO
2015-03-18,62.54999923706055,59.59000015258789,59.9900016784668,61.959999084472656,8494300.0,51.38858413696289,VLO
2015-03-19,61.52000045776367,60.40999984741211,61.36000061035156,60.79999923706055,5156600.0,50.42649841308594,VLO
2015-03-20,62.220001220703125,60.849998474121094,61.11000061035156,61.54999923706055,10391800.0,51.04854202270508,VLO
2015-03-23,62.81999969482422,61.689998626708984,61.790000915527344,62.4900016784668,7250700.0,51.82816696166992,VLO
2015-03-24,62.709999084472656,61.88999938964844,62.20000076293945,62.06999969482422,7275500.0,51.47981262207031,VLO
2015-03-25,64.48999786376953,62.75,62.84000015258789,63.779998779296875,10707100.0,52.8980598449707,VLO
2015-03-26,64.45999908447266,63.0099983215332,64.41000366210938,63.380001068115234,7688300.0,52.566307067871094,VLO
2015-03-27,64.4000015258789,61.400001525878906,64.30000305175781,61.869998931884766,7746800.0,51.31394958496094,VLO
2015-03-30,63.869998931884766,62.0,62.119998931884766,63.7599983215332,7052900.0,52.8814697265625,VLO
2015-03-31,64.16999816894531,62.959999084472656,63.08000183105469,63.619998931884766,5371300.0,52.76536178588867,VLO
2015-04-01,64.27999877929688,63.369998931884766,63.970001220703125,63.45000076293945,7650700.0,52.62436294555664,VLO
2015-04-02,63.650001525878906,59.310001373291016,63.369998931884766,59.79999923706055,13137900.0,49.59711837768555,VLO
2015-04-06,60.52000045776367,58.86000061035156,60.349998474121094,59.529998779296875,9501600.0,49.3731803894043,VLO
2015-04-07,60.029998779296875,58.2599983215332,59.970001220703125,58.59000015258789,9843700.0,48.59356689453125,VLO
2015-04-08,59.72999954223633,58.400001525878906,58.900001525878906,58.619998931884766,6688500.0,48.61844253540039,VLO
2015-04-09,59.31999969482422,58.13999938964844,59.220001220703125,58.91999816894531,5982600.0,48.86725616455078,VLO
2015-04-10,60.15999984741211,59.029998779296875,59.22999954223633,59.72999954223633,5167600.0,49.539066314697266,VLO
2015-04-13,59.779998779296875,57.15999984741211,59.65999984741211,57.459999084472656,7597800.0,47.6563606262207,VLO
2015-04-14,57.79999923706055,56.849998474121094,57.4900016784668,57.189998626708984,7286400.0,47.43242645263672,VLO
2015-04-15,58.20000076293945,57.0,57.56999969482422,57.11000061035156,6877400.0,47.36608123779297,VLO
2015-04-16,58.70000076293945,56.84000015258789,57.060001373291016,58.2599983215332,6487300.0,48.31986618041992,VLO
2015-04-17,58.099998474121094,57.040000915527344,57.970001220703125,57.560001373291016,5230600.0,47.739295959472656,VLO
2015-04-20,58.38999938964844,57.22999954223633,57.7400016784668,57.470001220703125,5317900.0,47.66465377807617,VLO
2015-04-21,58.59000015258789,57.34000015258789,57.470001220703125,58.33000183105469,5381600.0,48.37792205810547,VLO
2015-04-22,59.689998626708984,58.0,58.58000183105469,59.349998474121094,6344500.0,49.2238883972168,VLO
2015-04-23,59.869998931884766,58.91999816894531,59.5,59.22999954223633,5542700.0,49.124366760253906,VLO
2015-04-24,60.77000045776367,59.369998931884766,59.400001525878906,60.04999923706055,5277700.0,49.80446243286133,VLO
2015-04-27,60.439998626708984,59.20000076293945,60.310001373291016,59.400001525878906,8056400.0,49.26536178588867,VLO
2015-04-28,60.650001525878906,58.119998931884766,59.81999969482422,58.70000076293945,7905400.0,48.68479919433594,VLO
2015-04-29,59.15999984741211,57.54999923706055,58.790000915527344,57.91999816894531,6002600.0,48.03787612915039,VLO
2015-04-30,58.119998931884766,56.09000015258789,58.04999923706055,56.900001525878906,8067500.0,47.19190979003906,VLO
2015-05-01,59.13999938964844,56.959999084472656,57.04999923706055,58.900001525878906,6905700.0,48.850669860839844,VLO
2015-05-04,59.11000061035156,57.61000061035156,59.0099983215332,58.11000061035156,6709600.0,48.19545364379883,VLO
2015-05-05,58.29999923706055,57.45000076293945,58.29999923706055,58.02000045776367,4179100.0,48.120819091796875,VLO
2015-05-06,58.58000183105469,57.040000915527344,58.400001525878906,57.52000045776367,4727000.0,47.70612716674805,VLO
2015-05-07,58.08000183105469,57.119998931884766,57.43000030517578,57.790000915527344,5762500.0,47.93006134033203,VLO
2015-05-08,59.220001220703125,57.470001220703125,58.15999984741211,59.09000015258789,5542700.0,49.00825500488281,VLO
2015-05-11,58.79999923706055,57.400001525878906,58.66999816894531,58.27000045776367,5689900.0,48.65753936767578,VLO
2015-05-12,58.27000045776367,57.290000915527344,58.2599983215332,57.529998779296875,4417500.0,48.03961181640625,VLO
2015-05-13,58.66999816894531,57.72999954223633,58.150001525878906,58.279998779296875,4495200.0,48.6658935546875,VLO
2015-05-14,59.91999816894531,58.47999954223633,58.56999969482422,59.790000915527344,5104600.0,49.92679977416992,VLO
2015-05-15,60.13999938964844,59.02000045776367,59.68000030517578,59.619998931884766,4768500.0,49.784847259521484,VLO
2015-05-18,60.560001373291016,59.2599983215332,59.560001373291016,60.40999984741211,3805600.0,50.44451904296875,VLO
2015-05-19,60.720001220703125,59.77000045776367,60.20000076293945,59.880001068115234,4911600.0,50.00194549560547,VLO
2015-05-20,60.56999969482422,59.630001068115234,59.93000030517578,60.22999954223633,4324100.0,50.294212341308594,VLO
2015-05-21,60.7400016784668,59.849998474121094,60.20000076293945,60.61000061035156,3711500.0,50.61152648925781,VLO
2015-05-22,61.25,60.20000076293945,60.20000076293945,60.9900016784668,3562500.0,50.92884063720703,VLO
2015-05-26,60.599998474121094,59.11000061035156,60.5,59.529998779296875,7054400.0,49.70969009399414,VLO
2015-05-27,60.0,58.88999938964844,59.84000015258789,59.150001525878906,6799900.0,49.392372131347656,VLO
2015-05-28,59.790000915527344,58.599998474121094,59.04999923706055,58.91999816894531,4678700.0,49.2003059387207,VLO
2015-05-29,60.47999954223633,58.18000030517578,58.79999923706055,59.2400016784668,7824500.0,49.467529296875,VLO
2015-06-01,59.939998626708984,58.70000076293945,59.209999084472656,58.779998779296875,5574200.0,49.08340835571289,VLO
2015-06-02,58.849998474121094,57.84000015258789,58.72999954223633,58.5099983215332,5107900.0,48.857948303222656,VLO
2015-06-03,58.279998779296875,57.43000030517578,58.150001525878906,57.7599983215332,5002600.0,48.231666564941406,VLO
2015-06-04,57.81999969482422,56.7599983215332,57.349998474121094,56.880001068115234,5025600.0,47.49684524536133,VLO
2015-06-05,58.2400016784668,56.86000061035156,56.869998931884766,57.7400016784668,5390400.0,48.21497344970703,VLO
2015-06-08,58.09000015258789,57.29999923706055,57.630001068115234,57.619998931884766,3787200.0,48.114768981933594,VLO
2015-06-09,58.13999938964844,57.150001525878906,57.84000015258789,57.150001525878906,4248300.0,47.72230529785156,VLO
2015-06-10,58.68000030517578,57.43000030517578,57.560001373291016,58.209999084472656,5756900.0,48.60743713378906,VLO
2015-06-11,60.189998626708984,58.2599983215332,58.45000076293945,59.650001525878906,6697400.0,49.80989456176758,VLO
2015-06-12,59.36000061035156,58.52000045776367,59.29999923706055,58.849998474121094,4692500.0,49.14186096191406,VLO
2015-06-15,58.779998779296875,57.95000076293945,58.369998931884766,58.470001220703125,4832400.0,48.82455062866211,VLO
2015-06-16,58.95000076293945,58.27000045776367,58.36000061035156,58.91999816894531,2900400.0,49.2003059387207,VLO
2015-06-17,60.61000061035156,59.06999969482422,59.52000045776367,59.61000061035156,6264500.0,49.776493072509766,VLO
2015-06-18,60.40999984741211,59.619998931884766,59.68000030517578,60.27000045776367,5864400.0,50.327606201171875,VLO
2015-06-19,60.790000915527344,59.970001220703125,60.0,60.33000183105469,6110000.0,50.377716064453125,VLO
2015-06-22,60.70000076293945,59.61000061035156,60.650001525878906,59.91999816894531,5859300.0,50.03534698486328,VLO
2015-06-23,61.34000015258789,59.900001525878906,60.349998474121094,61.150001525878906,7956500.0,51.06243896484375,VLO
2015-06-24,61.36000061035156,60.25,60.900001525878906,60.61000061035156,6005300.0,50.61152648925781,VLO
2015-06-25,60.810001373291016,60.029998779296875,60.56999969482422,60.310001373291016,3915100.0,50.36101150512695,VLO
2015-06-26,61.43000030517578,60.130001068115234,60.29999923706055,60.900001525878906,7884600.0,50.85367965698242,VLO
2015-06-29,61.18000030517578,60.119998931884766,60.279998779296875,60.560001373291016,5457400.0,50.56977462768555,VLO
2015-06-30,63.16999816894531,61.060001373291016,61.119998931884766,62.599998474121094,10430300.0,52.27324295043945,VLO
2015-07-01,64.97000122070312,62.79999923706055,63.09000015258789,64.47000122070312,9035100.0,53.83476638793945,VLO
2015-07-02,65.68000030517578,64.27999877929688,64.68000030517578,64.72000122070312,6007700.0,54.04352569580078,VLO
2015-07-06,65.69999694824219,63.599998474121094,64.13999938964844,65.33999633789062,7291300.0,54.56123733520508,VLO
2015-07-07,66.13999938964844,63.849998474121094,65.37000274658203,64.6500015258789,11268900.0,53.98508071899414,VLO
2015-07-08,65.4800033569336,63.36000061035156,64.05999755859375,63.97999954223633,7221100.0,53.425601959228516,VLO
2015-07-09,64.80000305175781,63.849998474121094,64.55000305175781,64.11000061035156,5979400.0,53.534156799316406,VLO
2015-07-10,66.08000183105469,64.47000122070312,64.5,65.8499984741211,6043500.0,54.98711395263672,VLO
2015-07-13,67.8499984741211,65.7300033569336,66.61000061035156,66.87000274658203,9443800.0,55.83885955810547,VLO
2015-07-14,68.2699966430664,66.11000061035156,67.87000274658203,66.30999755859375,8369600.0,55.3712272644043,VLO
2015-07-15,66.44999694824219,64.7699966430664,66.01000213623047,65.19000244140625,6265400.0,54.43598937988281,VLO
2015-07-16,68.1500015258789,65.66000366210938,65.69999694824219,67.45999908447266,7226400.0,56.33150863647461,VLO
2015-07-17,67.98999786376953,66.73999786376953,67.26000213623047,67.94000244140625,5326200.0,56.732337951660156,VLO
2015-07-20,68.12999725341797,66.51000213623047,67.72000122070312,66.56999969482422,5613200.0,55.588340759277344,VLO
2015-07-21,67.33000183105469,66.0199966430664,66.55000305175781,66.31999969482422,4126700.0,55.379581451416016,VLO
2015-07-22,68.16000366210938,65.79000091552734,66.30000305175781,66.66999816894531,6134500.0,55.67184066772461,VLO
2015-07-23,66.9800033569336,65.44999694824219,66.77999877929688,65.72000122070312,5477600.0,54.87855911254883,VLO
2015-07-24,66.4800033569336,65.1500015258789,66.12999725341797,65.69999694824219,5714600.0,54.86185836791992,VLO
2015-07-27,65.2300033569336,63.7599983215332,65.2300033569336,64.37999725341797,5845200.0,53.759605407714844,VLO
2015-07-28,65.23999786376953,63.5099983215332,64.41999816894531,65.06999969482422,4990500.0,54.33578872680664,VLO
2015-07-29,66.16000366210938,63.79999923706055,64.97000122070312,66.04000091552734,7179000.0,55.14576721191406,VLO
2015-07-30,64.8499984741211,62.790000915527344,64.8499984741211,64.2300033569336,9201500.0,53.63435363769531,VLO
2015-07-31,66.23999786376953,63.970001220703125,64.16000366210938,65.5999984741211,7003300.0,55.12163162231445,VLO
2015-08-03,66.33000183105469,64.5,65.55000305175781,64.66000366210938,5330700.0,54.3317756652832,VLO
2015-08-04,65.12000274658203,63.66999816894531,64.73999786376953,64.43000030517578,5994600.0,54.138511657714844,VLO
2015-08-05,66.0,64.13999938964844,65.37000274658203,64.81999969482422,7818700.0,54.46622085571289,VLO
2015-08-06,65.93000030517578,64.0,64.51000213623047,65.68000030517578,5103000.0,55.188846588134766,VLO
2015-08-07,65.69999694824219,64.44999694824219,65.12000274658203,65.41999816894531,3951100.0,54.97038269042969,VLO
2015-08-10,69.04000091552734,65.7699966430664,65.97000122070312,69.0,8464200.0,57.978546142578125,VLO
2015-08-11,70.62999725341797,67.5999984741211,68.12000274658203,70.43000030517578,7584800.0,59.18012619018555,VLO
2015-08-12,70.77999877929688,68.55999755859375,70.01000213623047,70.19000244140625,8399900.0,58.97848129272461,VLO
2015-08-13,71.5,69.16999816894531,70.29000091552734,69.68000030517578,8978500.0,58.549922943115234,VLO
2015-08-14,69.69000244140625,67.77999877929688,69.38999938964844,68.12000274658203,6132400.0,57.23910140991211,VLO
2015-08-17,69.86000061035156,67.56999969482422,67.69999694824219,69.72000122070312,4713700.0,58.58353042602539,VLO
2015-08-18,70.0,68.6500015258789,69.62999725341797,69.47000122070312,3978500.0,58.373477935791016,VLO
2015-08-19,69.37000274658203,67.33999633789062,69.3499984741211,67.87000274658203,6032800.0,57.029048919677734,VLO
2015-08-20,68.54000091552734,67.0999984741211,67.5999984741211,67.25,5956300.0,56.50807571411133,VLO
2015-08-21,65.12999725341797,61.099998474121094,65.0,61.13999938964844,12583900.0,51.374027252197266,VLO
2015-08-24,60.45000076293945,51.68000030517578,55.709999084472656,58.52000045776367,10953700.0,49.17252731323242,VLO
2015-08-25,61.0,57.54999923706055,60.72999954223633,57.61000061035156,9937500.0,48.40788650512695,VLO
2015-08-26,59.119998931884766,56.439998626708984,58.970001220703125,58.849998474121094,9098900.0,49.44981384277344,VLO
2015-08-27,60.709999084472656,56.65999984741211,60.619998931884766,58.349998474121094,11148900.0,49.02967834472656,VLO
2015-08-28,59.790000915527344,58.290000915527344,58.84000015258789,59.0,7686600.0,49.57585906982422,VLO
2015-08-31,60.880001068115234,58.209999084472656,58.689998626708984,59.34000015258789,9326100.0,49.86154556274414,VLO
2015-09-01,58.29999923706055,56.650001525878906,58.029998779296875,57.400001525878906,9612300.0,48.23143005371094,VLO
2015-09-02,59.040000915527344,57.04999923706055,58.27000045776367,59.0099983215332,7724000.0,49.584259033203125,VLO
2015-09-03,60.5,59.060001373291016,59.060001373291016,59.400001525878906,7003100.0,49.91196823120117,VLO
2015-09-04,59.689998626708984,57.869998931884766,58.58000183105469,58.459999084472656,6323200.0,49.12211990356445,VLO
2015-09-08,61.189998626708984,59.349998474121094,59.59000015258789,60.83000183105469,7428200.0,51.11355209350586,VLO
2015-09-09,62.900001525878906,61.060001373291016,61.20000076293945,61.63999938964844,8970700.0,51.794166564941406,VLO
2015-09-10,63.59000015258789,61.599998474121094,61.63999938964844,62.95000076293945,7188100.0,52.89491271972656,VLO
2015-09-11,63.22999954223633,61.88999938964844,62.5,62.90999984741211,5347200.0,52.861297607421875,VLO
2015-09-14,62.689998626708984,60.619998931884766,62.689998626708984,60.72999954223633,5835100.0,51.02952194213867,VLO
2015-09-15,61.720001220703125,60.040000915527344,60.79999923706055,61.439998626708984,5840500.0,51.62610626220703,VLO
2015-09-16,61.47999954223633,59.209999084472656,61.45000076293945,60.29999923706055,10914500.0,50.66820526123047,VLO
2015-09-17,61.61000061035156,59.31999969482422,59.97999954223633,60.59000015258789,6079400.0,50.91188049316406,VLO
2015-09-18,60.939998626708984,59.59000015258789,59.709999084472656,59.90999984741211,8796400.0,50.34049606323242,VLO
2015-09-21,61.08000183105469,59.5,60.41999816894531,59.689998626708984,5210400.0,50.155643463134766,VLO
2015-09-22,59.939998626708984,58.66999816894531,58.970001220703125,59.220001220703125,5451900.0,49.76071548461914,VLO
2015-09-23,61.040000915527344,59.220001220703125,59.540000915527344,59.81999969482422,6299600.0,50.26487731933594,VLO
2015-09-24,60.63999938964844,58.619998931884766,59.349998474121094,59.79999923706055,5785000.0,50.248069763183594,VLO
2015-09-25,61.27000045776367,59.470001220703125,60.16999816894531,60.810001373291016,6660000.0,51.09674835205078,VLO
2015-09-28,61.290000915527344,57.63999938964844,60.34000015258789,57.880001068115234,6749900.0,48.6347541809082,VLO
2015-09-29,60.09000015258789,58.209999084472656,58.31999969482422,58.7400016784668,6885600.0,49.357383728027344,VLO
2015-09-30,60.68000030517578,59.150001525878906,59.54999923706055,60.099998474121094,6383400.0,50.500152587890625,VLO
2015-10-01,62.349998474121094,59.720001220703125,60.2599983215332,62.2400016784668,6856100.0,52.29833221435547,VLO
2015-10-02,63.119998931884766,60.529998779296875,61.52000045776367,63.099998474121094,5017000.0,53.02095413208008,VLO
2015-10-05,64.86000061035156,63.70000076293945,63.97999954223633,64.58000183105469,6664700.0,54.26456832885742,VLO
2015-10-06,64.86000061035156,63.099998474121094,64.5199966430664,63.939998626708984,6316200.0,53.726776123046875,VLO
2015-10-07,64.88999938964844,62.7599983215332,64.63999938964844,64.58999633789062,5989300.0,54.27295684814453,VLO
2015-10-08,66.13999938964844,64.2300033569336,64.25,65.70999908447266,4850600.0,55.21405792236328,VLO
2015-10-09,66.37999725341797,63.22999954223633,65.25,64.19999694824219,6652900.0,53.945255279541016,VLO
2015-10-12,64.73999786376953,63.72999954223633,64.4800033569336,64.5,3297200.0,54.19733810424805,VLO
2015-10-13,64.44000244140625,61.90999984741211,64.20999908447266,62.15999984741211,6751800.0,52.231109619140625,VLO
2015-10-14,62.470001220703125,61.20000076293945,62.36000061035156,61.380001068115234,4779100.0,51.5756950378418,VLO
2015-10-15,63.41999816894531,61.59000015258789,61.880001068115234,63.34000015258789,4349700.0,53.22262954711914,VLO
2015-10-16,63.790000915527344,62.790000915527344,63.68000030517578,63.75,4313500.0,53.56713104248047,VLO
2015-10-19,63.310001373291016,61.11000061035156,63.2400016784668,61.43000030517578,6017100.0,51.617706298828125,VLO
2015-10-20,61.29999923706055,58.97999954223633,61.2400016784668,60.08000183105469,6117600.0,50.48334884643555,VLO
2015-10-21,60.59000015258789,59.15999984741211,60.29999923706055,59.29999923706055,4811300.0,49.82793045043945,VLO
2015-10-22,60.58000183105469,59.04999923706055,59.77000045776367,60.36000061035156,6128800.0,50.71862030029297,VLO
2015-10-23,62.52000045776367,60.47999954223633,60.540000915527344,61.75,4929800.0,51.8865966796875,VLO
2015-10-26,62.40999984741211,61.279998779296875,61.720001220703125,61.900001525878906,4486300.0,52.012638092041016,VLO
2015-10-27,62.72999954223633,61.349998474121094,61.63999938964844,62.459999084472656,6828900.0,52.483184814453125,VLO
2015-10-28,64.47000122070312,61.66999816894531,62.5,63.41999816894531,7538500.0,53.28983688354492,VLO
2015-10-29,65.97000122070312,63.209999084472656,63.279998779296875,65.80999755859375,7268200.0,55.29808807373047,VLO
2015-10-30,66.51000213623047,65.52999877929688,66.18000030517578,65.91999816894531,5787000.0,55.3905143737793,VLO
2015-11-02,68.37999725341797,65.45999908447266,65.77999877929688,68.02999877929688,5043200.0,57.16347885131836,VLO
2015-11-03,70.04000091552734,67.61000061035156,67.9800033569336,69.5999984741211,6467800.0,58.48270797729492,VLO
2015-11-04,71.38999938964844,69.69999694824219,69.80000305175781,71.0999984741211,8324300.0,59.743106842041016,VLO
2015-11-05,72.3499984741211,70.62000274658203,70.95999908447266,71.93000030517578,6613300.0,60.44053649902344,VLO
2015-11-06,72.66000366210938,71.02999877929688,71.62999725341797,71.94999694824219,4803000.0,60.45732879638672,VLO
2015-11-09,72.69999694824219,70.11000061035156,72.04000091552734,70.48999786376953,4808400.0,59.230533599853516,VLO
2015-11-10,71.76000213623047,69.75,70.31999969482422,71.31999969482422,4309200.0,59.9279670715332,VLO
2015-11-11,72.0,70.48999786376953,71.33999633789062,71.16999816894531,3308700.0,59.801918029785156,VLO
2015-11-12,70.76000213623047,68.86000061035156,70.4800033569336,69.41000366210938,5271800.0,58.32304763793945,VLO
2015-11-13,69.8499984741211,68.61000061035156,69.36000061035156,68.95999908447266,3844100.0,57.94493103027344,VLO
2015-11-16,69.73999786376953,68.19999694824219,68.79000091552734,69.66999816894531,3558300.0,58.541534423828125,VLO
2015-11-17,70.5,69.30999755859375,69.58999633789062,70.0,3394700.0,58.81881332397461,VLO
2015-11-18,70.76000213623047,69.16999816894531,70.12000274658203,70.66000366210938,3790200.0,59.37339401245117,VLO
2015-11-19,71.62999725341797,70.01000213623047,70.43000030517578,71.13999938964844,5569200.0,60.20273208618164,VLO
2015-11-20,72.19999694824219,71.13999938964844,71.30000305175781,71.9800033569336,4114800.0,60.9135856628418,VLO
2015-11-23,73.0,71.16999816894531,72.22000122070312,72.68000030517578,5119900.0,61.505950927734375,VLO
2015-11-24,73.87999725341797,71.83999633789062,72.62999725341797,73.02999877929688,5702700.0,61.80214309692383,VLO
2015-11-25,73.80000305175781,72.66000366210938,72.80999755859375,72.93000030517578,3637900.0,61.71751022338867,VLO
2015-11-27,73.19999694824219,72.37999725341797,72.5999984741211,72.94000244140625,1767400.0,61.725982666015625,VLO
2015-11-30,73.06999969482422,71.25,72.94999694824219,71.86000061035156,7250600.0,60.81201934814453,VLO
2015-12-01,72.9000015258789,71.26000213623047,72.4800033569336,72.56999969482422,4562100.0,61.41286849975586,VLO
2015-12-02,73.69999694824219,71.33999633789062,72.43000030517578,71.69000244140625,4252000.0,60.668155670166016,VLO
2015-12-03,72.45999908447266,69.75,72.0199966430664,69.98999786376953,6506400.0,59.22953796386719,VLO
2015-12-04,71.72000122070312,69.75,70.20999908447266,71.38999938964844,6189800.0,60.414302825927734,VLO
2015-12-07,71.72000122070312,69.5199966430664,70.8499984741211,70.79000091552734,7435000.0,59.90652847290039,VLO
2015-12-08,71.58000183105469,69.6500015258789,69.6500015258789,70.52999877929688,5428500.0,59.686492919921875,VLO
2015-12-09,71.08999633789062,68.91000366210938,70.58000183105469,69.87999725341797,5092500.0,59.13644790649414,VLO
2015-12-10,72.31999969482422,69.44000244140625,70.5,71.37999725341797,5106000.0,60.40581512451172,VLO
2015-12-11,70.6500015258789,67.31999969482422,70.12999725341797,67.51000213623047,7725300.0,57.13080596923828,VLO
2015-12-14,67.68000030517578,65.04000091552734,67.0,67.55000305175781,7947700.0,57.16465377807617,VLO
2015-12-15,69.30000305175781,67.27999877929688,68.30000305175781,68.30999755859375,6453700.0,57.807823181152344,VLO
2015-12-16,70.6500015258789,68.0,68.29000091552734,70.19999694824219,9256700.0,59.40724182128906,VLO
2015-12-17,72.69999694824219,70.38999938964844,70.88999938964844,71.68000030517578,7334700.0,60.659698486328125,VLO
2015-12-18,71.94999694824219,69.93000030517578,71.41000366210938,70.02999877929688,10995600.0,59.26337814331055,VLO
2015-12-21,71.26000213623047,69.91000366210938,70.3499984741211,71.11000061035156,4806400.0,60.17732620239258,VLO
2015-12-22,72.23999786376953,71.13999938964844,71.33000183105469,71.4800033569336,4507000.0,60.49044418334961,VLO
2015-12-23,72.0199966430664,70.01000213623047,71.98999786376953,71.83000183105469,6009700.0,60.78663635253906,VLO
2015-12-24,72.44999694824219,70.7699966430664,71.9000015258789,71.93000030517578,1724100.0,60.87126922607422,VLO
2015-12-28,71.58999633789062,70.1500015258789,71.1500015258789,70.62000274658203,3179800.0,59.7626838684082,VLO
2015-12-29,71.63999938964844,70.52999877929688,71.52999877929688,71.08999633789062,2536000.0,60.160404205322266,VLO
2015-12-30,72.44000244140625,70.80000305175781,70.95999908447266,71.58000183105469,5064000.0,60.575077056884766,VLO
2015-12-31,71.75,70.2699966430664,71.1500015258789,70.70999908447266,3231400.0,59.83882141113281,VLO
2016-01-04,71.66999816894531,68.70999908447266,70.37999725341797,69.94000244140625,6629200.0,59.187217712402344,VLO
2016-01-05,71.36000061035156,69.7699966430664,70.13999938964844,71.16000366210938,5152500.0,60.21965026855469,VLO
2016-01-06,71.9800033569336,69.80000305175781,69.87999725341797,70.66000366210938,7666200.0,59.79652404785156,VLO
2016-01-07,72.22000122070312,69.56999969482422,69.5999984741211,72.08999633789062,9149200.0,61.00666046142578,VLO
2016-01-08,72.48999786376953,68.0999984741211,72.19999694824219,68.26000213623047,10241900.0,57.765499114990234,VLO
2016-01-11,69.43000030517578,66.8499984741211,68.26000213623047,69.06999969482422,6680300.0,58.450965881347656,VLO
2016-01-12,72.05999755859375,69.30999755859375,69.87000274658203,71.19000244140625,8173800.0,60.24505615234375,VLO
2016-01-13,70.6500015258789,63.04999923706055,70.33000183105469,65.02999877929688,13534500.0,55.03209686279297,VLO
2016-01-14,67.94000244140625,63.52000045776367,65.30000305175781,67.31999969482422,8700200.0,56.97002029418945,VLO
2016-01-15,67.0,64.47000122070312,64.87000274658203,66.41000366210938,8629600.0,56.19993209838867,VLO
2016-01-19,68.51000213623047,65.31999969482422,67.08000183105469,66.54000091552734,7105800.0,56.309940338134766,VLO
2016-01-20,66.45999908447266,63.810001373291016,64.95999908447266,65.4800033569336,7963100.0,55.41291427612305,VLO
2016-01-21,65.16000366210938,63.06999969482422,65.12000274658203,63.43000030517578,8961700.0,53.67808151245117,VLO
2016-01-22,68.48999786376953,64.72000122070312,65.08999633789062,67.86000061035156,9274700.0,57.426998138427734,VLO
2016-01-25,69.3499984741211,65.05999755859375,67.55000305175781,65.13999938964844,6063300.0,55.12518310546875,VLO
2016-01-26,67.73999786376953,65.51000213623047,66.48999786376953,67.70999908447266,5989200.0,57.30006408691406,VLO
2016-01-27,68.48999786376953,65.25,68.33000183105469,65.98999786376953,7529000.0,55.8444938659668,VLO
2016-01-28,67.56999969482422,62.15999984741211,67.33000183105469,64.54000091552734,10704300.0,54.61742401123047,VLO
2016-01-29,67.93000030517578,63.25,65.02999877929688,67.87000274658203,7275200.0,57.43546676635742,VLO
2016-02-01,69.12999725341797,66.45999908447266,68.19999694824219,68.69999694824219,5461400.0,58.13785171508789,VLO
2016-02-02,67.5,64.93000030517578,67.36000061035156,65.27999877929688,6879800.0,55.24365234375,VLO
2016-02-03,65.77999877929688,59.400001525878906,65.44000244140625,60.939998626708984,12704000.0,51.570899963378906,VLO
2016-02-04,62.83000183105469,60.20000076293945,61.22999954223633,61.790000915527344,10085800.0,52.290218353271484,VLO
2016-02-05,61.77000045776367,56.93000030517578,61.0,57.119998931884766,9175800.0,48.81217575073242,VLO
2016-02-08,56.40999984741211,52.54999923706055,56.40999984741211,54.81999969482422,11497000.0,46.846702575683594,VLO
2016-02-09,56.279998779296875,53.88999938964844,54.369998931884766,54.81999969482422,6624900.0,46.846702575683594,VLO
2016-02-10,55.77000045776367,53.0,54.529998779296875,54.880001068115234,6826900.0,46.89798355102539,VLO
2016-02-11,56.02000045776367,53.38999938964844,53.83000183105469,55.56999969482422,8175500.0,47.48762130737305,VLO
2016-02-12,58.040000915527344,56.2400016784668,56.95000076293945,57.75,6712300.0,49.350555419921875,VLO
2016-02-16,59.0,56.29999923706055,58.95000076293945,57.349998474121094,6991100.0,49.00872802734375,VLO
2016-02-17,58.630001068115234,56.97999954223633,57.849998474121094,57.77000045776367,5971000.0,49.36763381958008,VLO
2016-02-18,58.45000076293945,55.02000045776367,58.369998931884766,55.560001373291016,6813100.0,47.47908401489258,VLO
2016-02-19,57.08000183105469,54.95000076293945,55.029998779296875,57.04999923706055,5530100.0,48.75236511230469,VLO
2016-02-22,58.970001220703125,57.0099983215332,57.2599983215332,58.68000030517578,5025800.0,50.14528274536133,VLO
2016-02-23,59.400001525878906,57.349998474121094,59.400001525878906,57.4900016784668,5713300.0,49.12837219238281,VLO
2016-02-24,60.709999084472656,56.5,56.90999984741211,60.61000061035156,8503500.0,51.794578552246094,VLO
2016-02-25,61.220001220703125,59.16999816894531,60.880001068115234,60.689998626708984,5303100.0,51.862937927246094,VLO
2016-02-26,61.869998931884766,59.54999923706055,61.33000183105469,59.65999984741211,5374600.0,50.982749938964844,VLO
2016-02-29,60.779998779296875,59.599998474121094,60.22999954223633,60.08000183105469,5333600.0,51.3416633605957,VLO
2016-03-01,61.599998474121094,59.15999984741211,60.16999816894531,61.59000015258789,4507100.0,52.63204574584961,VLO
2016-03-02,62.9900016784668,60.7599983215332,61.58000183105469,62.08000183105469,5392100.0,53.050777435302734,VLO
2016-03-03,64.16999816894531,62.810001373291016,62.9900016784668,63.84000015258789,6239500.0,54.55479431152344,VLO
2016-03-04,64.66000366210938,62.13999938964844,64.5,63.88999938964844,7029900.0,54.59751510620117,VLO
2016-03-07,63.720001220703125,62.68000030517578,63.150001525878906,63.25,5197600.0,54.05060577392578,VLO
2016-03-08,63.880001068115234,62.279998779296875,62.779998779296875,62.33000183105469,5212400.0,53.264408111572266,VLO
2016-03-09,65.8499984741211,63.029998779296875,63.630001068115234,64.80000305175781,6117000.0,55.37515640258789,VLO
2016-03-10,64.87000274658203,63.02000045776367,64.87000274658203,64.18000030517578,5400200.0,54.8453369140625,VLO
2016-03-11,65.4000015258789,63.400001525878906,64.33999633789062,65.37000274658203,4976800.0,55.86225509643555,VLO
2016-03-14,65.5999984741211,63.65999984741211,65.08000183105469,64.38999938964844,4234700.0,55.0247917175293,VLO
2016-03-15,64.95999908447266,63.2400016784668,63.709999084472656,64.94000244140625,4649900.0,55.494808197021484,VLO
2016-03-16,66.27999877929688,64.7300033569336,64.80000305175781,65.94000244140625,4990200.0,56.3493537902832,VLO
2016-03-17,66.0,63.72999954223633,65.69999694824219,64.18000030517578,6442100.0,54.8453369140625,VLO
2016-03-18,65.66000366210938,63.130001068115234,63.849998474121094,65.16000366210938,9723900.0,55.682804107666016,VLO
2016-03-21,66.29000091552734,64.97000122070312,65.43000030517578,65.8499984741211,5072900.0,56.27244567871094,VLO
2016-03-22,66.88999938964844,65.20999908447266,65.5999984741211,66.06999969482422,4016600.0,56.46044158935547,VLO
2016-03-23,66.72000122070312,64.70999908447266,66.08999633789062,64.9000015258789,4293400.0,55.46062469482422,VLO
2016-03-24,65.87000274658203,64.33999633789062,64.54000091552734,65.83999633789062,4255400.0,56.26390075683594,VLO
2016-03-28,66.29000091552734,64.91999816894531,65.80000305175781,65.23999786376953,3293700.0,55.751163482666016,VLO
2016-03-29,65.55000305175781,64.37000274658203,65.11000061035156,65.27999877929688,3554300.0,55.78534698486328,VLO
2016-03-30,65.69999694824219,63.59000015258789,64.73999786376953,63.97999954223633,4970800.0,54.67442321777344,VLO
2016-03-31,65.13999938964844,62.849998474121094,64.0,64.13999938964844,5731600.0,54.8111572265625,VLO
2016-04-01,63.68000030517578,62.5099983215332,63.59000015258789,62.90999984741211,4441900.0,53.76005172729492,VLO
2016-04-04,63.810001373291016,62.54999923706055,62.81999969482422,63.290000915527344,3466400.0,54.084781646728516,VLO
2016-04-05,63.86000061035156,62.72999954223633,63.09000015258789,63.13999938964844,3946700.0,53.95660400390625,VLO
2016-04-06,63.650001525878906,60.2599983215332,63.380001068115234,61.68000030517578,8103500.0,52.70895004272461,VLO
2016-04-07,62.41999816894531,60.939998626708984,61.529998779296875,61.65999984741211,4447800.0,52.69186019897461,VLO
2016-04-08,64.05999755859375,61.119998931884766,61.75,63.060001373291016,7235100.0,53.88822937011719,VLO
2016-04-11,62.689998626708984,60.689998626708984,62.38999938964844,60.7400016784668,6120400.0,51.90567398071289,VLO
2016-04-12,61.70000076293945,59.75,60.79999923706055,60.900001525878906,7141400.0,52.042396545410156,VLO
2016-04-13,62.70000076293945,61.060001373291016,61.65999984741211,62.54999923706055,4419700.0,53.452415466308594,VLO
2016-04-14,62.79999923706055,61.310001373291016,62.650001525878906,61.560001373291016,4140700.0,52.60641098022461,VLO
2016-04-15,61.81999969482422,59.43000030517578,61.41999816894531,59.4900016784668,6987700.0,50.83748245239258,VLO
2016-04-18,60.849998474121094,58.099998474121094,59.4900016784668,60.709999084472656,5606200.0,51.880035400390625,VLO
2016-04-19,61.400001525878906,59.709999084472656,61.029998779296875,60.11000061035156,6157200.0,51.36729431152344,VLO
2016-04-20,60.58000183105469,59.15999984741211,60.0,60.220001220703125,6518300.0,51.4613037109375,VLO
2016-04-21,60.79999923706055,59.2599983215332,60.220001220703125,60.650001525878906,5053200.0,51.82876205444336,VLO
2016-04-22,61.36000061035156,60.47999954223633,60.47999954223633,61.2400016784668,3973800.0,52.332950592041016,VLO
2016-04-25,61.90999984741211,60.880001068115234,61.25,61.77000045776367,4362200.0,52.785865783691406,VLO
2016-04-26,62.41999816894531,61.369998931884766,62.150001525878906,61.810001373291016,4213900.0,52.820037841796875,VLO
2016-04-27,62.540000915527344,60.79999923706055,61.77000045776367,62.189998626708984,4611800.0,53.144779205322266,VLO
2016-04-28,63.029998779296875,60.72999954223633,61.7599983215332,60.90999984741211,4581200.0,52.050941467285156,VLO
2016-04-29,60.75,58.540000915527344,60.470001220703125,58.869998931884766,6701300.0,50.30765914916992,VLO
2016-05-02,60.099998474121094,58.11000061035156,58.959999084472656,59.81999969482422,5419000.0,51.119483947753906,VLO
2016-05-03,58.970001220703125,57.04999923706055,58.029998779296875,57.630001068115234,8338500.0,49.248008728027344,VLO
2016-05-04,58.189998626708984,55.689998626708984,57.630001068115234,56.150001525878906,8052600.0,47.9832649230957,VLO
2016-05-05,56.9900016784668,55.349998474121094,56.720001220703125,55.61000061035156,6325600.0,47.52179718017578,VLO
2016-05-06,56.41999816894531,55.06999969482422,55.34000015258789,55.36000061035156,6734100.0,47.308162689208984,VLO
2016-05-09,55.38999938964844,54.08000183105469,55.22999954223633,54.97999954223633,5390700.0,46.98343276977539,VLO
2016-05-10,56.189998626708984,55.209999084472656,55.22999954223633,56.0,4913700.0,47.855079650878906,VLO
2016-05-11,56.65999984741211,55.459999084472656,56.0,55.869998931884766,5687900.0,47.74398422241211,VLO
2016-05-12,56.36000061035156,54.45000076293945,56.189998626708984,54.779998779296875,4516600.0,46.812522888183594,VLO
2016-05-13,55.70000076293945,54.40999984741211,54.959999084472656,55.11000061035156,4555600.0,47.09452819824219,VLO
2016-05-16,55.380001068115234,53.869998931884766,55.27000045776367,55.189998626708984,5794800.0,47.16289138793945,VLO
2016-05-17,56.060001373291016,54.93000030517578,55.0,55.25,4382400.0,47.21416473388672,VLO
2016-05-18,57.40999984741211,55.29999923706055,55.36000061035156,56.439998626708984,5813400.0,48.23108673095703,VLO
2016-05-19,57.16999816894531,54.83000183105469,56.04999923706055,55.400001525878906,5244700.0,47.342342376708984,VLO
2016-05-20,56.29999923706055,55.150001525878906,55.59000015258789,56.130001068115234,3498400.0,47.9661750793457,VLO
2016-05-23,55.810001373291016,54.38999938964844,55.34000015258789,54.459999084472656,4635500.0,47.04192352294922,VLO
2016-05-24,55.540000915527344,54.560001373291016,55.02000045776367,55.349998474121094,5390800.0,47.81069564819336,VLO
2016-05-25,55.47999954223633,54.0,55.38999938964844,54.619998931884766,6709800.0,47.18013381958008,VLO
2016-05-26,54.88999938964844,53.5099983215332,54.869998931884766,54.09000015258789,5436700.0,46.72231674194336,VLO
2016-05-27,54.93000030517578,53.529998779296875,54.15999984741211,54.56999969482422,4437700.0,47.13692855834961,VLO
2016-05-31,55.20000076293945,53.880001068115234,54.56999969482422,54.70000076293945,6194400.0,47.24922561645508,VLO
2016-06-01,56.08000183105469,54.459999084472656,54.70000076293945,55.75,6355000.0,48.15620422363281,VLO
2016-06-02,56.72999954223633,55.650001525878906,55.70000076293945,55.720001220703125,5520900.0,48.13029479980469,VLO
2016-06-03,55.75,54.380001068115234,55.54999923706055,55.150001525878906,4541500.0,47.63793182373047,VLO
2016-06-06,55.290000915527344,53.970001220703125,55.20000076293945,54.91999816894531,5254700.0,47.439266204833984,VLO
2016-06-07,56.150001525878906,54.91999816894531,55.11000061035156,55.63999938964844,5563300.0,48.06119918823242,VLO
2016-06-08,56.040000915527344,54.2599983215332,56.0,54.38999938964844,6276500.0,46.9814567565918,VLO
2016-06-09,54.2400016784668,53.369998931884766,54.13999938964844,53.810001373291016,6292200.0,46.480464935302734,VLO
2016-06-10,53.959999084472656,53.130001068115234,53.52000045776367,53.43000030517578,4673700.0,46.1522102355957,VLO
2016-06-13,53.25,50.88999938964844,53.130001068115234,51.02000045776367,8842700.0,44.07048034667969,VLO
2016-06-14,51.900001525878906,50.029998779296875,51.0,50.790000915527344,7432000.0,43.87181854248047,VLO
2016-06-15,51.779998779296875,50.150001525878906,50.45000076293945,51.290000915527344,8192100.0,44.3037109375,VLO
2016-06-16,51.95000076293945,50.70000076293945,51.04999923706055,51.790000915527344,5707900.0,44.73561096191406,VLO
2016-06-17,52.65999984741211,51.36000061035156,51.90999984741211,51.709999084472656,7102000.0,44.666500091552734,VLO
2016-06-20,52.63999938964844,51.58000183105469,52.2400016784668,51.68000030517578,4520000.0,44.64058303833008,VLO
2016-06-21,52.689998626708984,51.27000045776367,51.70000076293945,52.470001220703125,4809500.0,45.3229866027832,VLO
2016-06-22,53.20000076293945,52.220001220703125,52.54999923706055,52.810001373291016,5301500.0,45.61666488647461,VLO
2016-06-23,53.93000030517578,53.31999969482422,53.400001525878906,53.709999084472656,5570900.0,46.394081115722656,VLO
2016-06-24,53.2400016784668,51.619998931884766,51.900001525878906,52.560001373291016,8054900.0,45.40072250366211,VLO
2016-06-27,52.16999816894531,50.75,52.06999969482422,51.130001068115234,6175400.0,44.165504455566406,VLO
2016-06-28,52.04999923706055,50.529998779296875,52.04999923706055,51.83000183105469,7708900.0,44.770164489746094,VLO
2016-06-29,52.650001525878906,51.5099983215332,52.06999969482422,51.91999816894531,7510100.0,44.847900390625,VLO
2016-06-30,51.939998626708984,49.90999984741211,51.810001373291016,51.0,10412900.0,44.0532112121582,VLO
2016-07-01,51.779998779296875,50.7599983215332,50.790000915527344,51.43000030517578,5896200.0,44.424644470214844,VLO
2016-07-05,51.470001220703125,49.33000183105469,51.41999816894531,49.84000015258789,7937300.0,43.05121612548828,VLO
2016-07-06,49.7400016784668,47.380001068115234,49.56999969482422,48.65999984741211,11096200.0,42.031944274902344,VLO
2016-07-07,50.099998474121094,47.16999816894531,48.95000076293945,47.2400016784668,10444200.0,40.80536651611328,VLO
2016-07-08,48.41999816894531,46.880001068115234,47.619998931884766,47.72999954223633,9573700.0,41.2286262512207,VLO
2016-07-11,48.630001068115234,47.709999084472656,48.130001068115234,48.4900016784668,6178200.0,41.88510513305664,VLO
2016-07-12,49.31999969482422,48.560001373291016,48.97999954223633,49.25,7872400.0,42.54157638549805,VLO
2016-07-13,49.689998626708984,48.22999954223633,49.290000915527344,49.540000915527344,8156300.0,42.792076110839844,VLO
2016-07-14,50.459999084472656,49.41999816894531,49.959999084472656,50.400001525878906,5975100.0,43.534934997558594,VLO
2016-07-15,50.849998474121094,49.81999969482422,50.630001068115234,49.939998626708984,5729900.0,43.13759231567383,VLO
2016-07-18,50.900001525878906,49.400001525878906,49.849998474121094,50.43000030517578,5078600.0,43.56085205078125,VLO
2016-07-19,51.04999923706055,50.2599983215332,50.54999923706055,50.849998474121094,4880900.0,43.923641204833984,VLO
2016-07-20,51.150001525878906,50.5,51.060001373291016,50.779998779296875,4509000.0,43.86317825317383,VLO
2016-07-21,50.9900016784668,50.0,50.900001525878906,50.06999969482422,4521300.0,43.24988555908203,VLO
2016-07-22,50.279998779296875,49.33000183105469,50.060001373291016,49.880001068115234,6151300.0,43.08576965332031,VLO
2016-07-25,50.29999923706055,49.2599983215332,49.86000061035156,50.290000915527344,7659200.0,43.43992233276367,VLO
2016-07-26,52.779998779296875,49.95000076293945,50.56999969482422,52.66999816894531,12769500.0,45.49573516845703,VLO
2016-07-27,53.66999816894531,51.63999938964844,52.70000076293945,52.209999084472656,9149300.0,45.09840393066406,VLO
2016-07-28,52.59000015258789,50.650001525878906,52.38999938964844,51.869998931884766,5808300.0,44.80470657348633,VLO
2016-07-29,52.34000015258789,51.15999984741211,51.66999816894531,52.279998779296875,5116400.0,45.15886306762695,VLO
2016-08-01,52.630001068115234,51.38999938964844,52.130001068115234,51.630001068115234,6897300.0,44.5974006652832,VLO
2016-08-02,52.84000015258789,51.75,52.13999938964844,52.349998474121094,6961900.0,45.21932601928711,VLO
2016-08-03,54.88999938964844,52.0,52.16999816894531,54.709999084472656,11362100.0,47.25786590576172,VLO
2016-08-04,54.650001525878906,53.09000015258789,54.209999084472656,53.33000183105469,8840400.0,46.06584548950195,VLO
2016-08-05,54.16999816894531,53.040000915527344,53.27000045776367,53.5,8010300.0,46.212684631347656,VLO
2016-08-08,54.619998931884766,53.90999984741211,54.0,54.189998626708984,6624400.0,46.808692932128906,VLO
2016-08-09,53.689998626708984,52.09000015258789,53.52000045776367,52.4900016784668,6853600.0,45.84789276123047,VLO
2016-08-10,54.0099983215332,52.529998779296875,52.59000015258789,52.91999816894531,7119200.0,46.223472595214844,VLO
2016-08-11,54.83000183105469,52.95000076293945,53.0099983215332,54.349998474121094,7812100.0,47.47252655029297,VLO
2016-08-12,54.529998779296875,53.77000045776367,54.400001525878906,54.33000183105469,4847100.0,47.45505905151367,VLO
2016-08-15,54.709999084472656,53.86000061035156,54.380001068115234,54.52000045776367,4942600.0,47.62102127075195,VLO
2016-08-16,54.84000015258789,54.209999084472656,54.470001220703125,54.5,4319900.0,47.603546142578125,VLO
2016-08-17,55.290000915527344,54.36000061035156,54.43000030517578,55.16999816894531,5803400.0,48.188758850097656,VLO
2016-08-18,55.189998626708984,54.5099983215332,55.11000061035156,55.060001373291016,5096400.0,48.09268569946289,VLO
2016-08-19,55.189998626708984,54.349998474121094,54.65999984741211,54.81999969482422,3976600.0,47.88304901123047,VLO
2016-08-22,54.56999969482422,53.86000061035156,54.56999969482422,54.43000030517578,5185800.0,47.54240417480469,VLO
2016-08-23,55.349998474121094,54.2599983215332,54.52000045776367,55.209999084472656,4353800.0,48.22370147705078,VLO
2016-08-24,55.939998626708984,54.970001220703125,55.31999969482422,55.70000076293945,5688200.0,48.65169906616211,VLO
2016-08-25,55.81999969482422,54.560001373291016,55.540000915527344,55.02000045776367,5914400.0,48.05774688720703,VLO
2016-08-26,55.599998474121094,54.66999816894531,55.060001373291016,55.279998779296875,4064600.0,48.284847259521484,VLO
2016-08-29,55.939998626708984,55.25,55.31999969482422,55.630001068115234,3559300.0,48.59054946899414,VLO
2016-08-30,55.88999938964844,55.119998931884766,55.630001068115234,55.79999923706055,4046800.0,48.739036560058594,VLO
2016-08-31,56.0,55.06999969482422,55.63999938964844,55.349998474121094,5006200.0,48.345985412597656,VLO
2016-09-01,55.400001525878906,53.869998931884766,55.369998931884766,54.290000915527344,5281500.0,47.42011260986328,VLO
2016-09-02,54.93000030517578,54.15999984741211,54.779998779296875,54.83000183105469,4872900.0,47.89179229736328,VLO
2016-09-06,55.619998931884766,54.7599983215332,55.130001068115234,55.27000045776367,3554000.0,48.27610778808594,VLO
2016-09-07,56.189998626708984,55.040000915527344,55.16999816894531,56.09000015258789,4613600.0,48.992340087890625,VLO
2016-09-08,56.630001068115234,55.52000045776367,56.0,56.150001525878906,4467100.0,49.04475402832031,VLO
2016-09-09,56.02000045776367,54.86000061035156,55.95000076293945,54.91999816894531,5773700.0,47.97039794921875,VLO
2016-09-12,56.20000076293945,54.25,54.709999084472656,55.880001068115234,5791400.0,48.808921813964844,VLO
2016-09-13,55.790000915527344,55.04999923706055,55.529998779296875,55.349998474121094,4689500.0,48.345985412597656,VLO
2016-09-14,55.95000076293945,54.5,55.470001220703125,54.56999969482422,5416800.0,47.6646842956543,VLO
2016-09-15,56.849998474121094,54.54999923706055,54.65999984741211,56.189998626708984,6651900.0,49.079689025878906,VLO
2016-09-16,57.18000030517578,56.029998779296875,56.029998779296875,56.72999954223633,7316500.0,49.551353454589844,VLO
2016-09-19,58.08000183105469,56.47999954223633,56.86000061035156,57.13999938964844,5976500.0,49.909481048583984,VLO
2016-09-20,57.2599983215332,55.43000030517578,57.25,55.45000076293945,6201100.0,48.43333435058594,VLO
2016-09-21,56.130001068115234,55.0099983215332,55.880001068115234,55.68000030517578,6032900.0,48.63423156738281,VLO
2016-09-22,56.439998626708984,55.540000915527344,56.09000015258789,55.599998474121094,4741800.0,48.56434631347656,VLO
2016-09-23,56.029998779296875,54.90999984741211,55.380001068115234,55.66999816894531,5392000.0,48.625492095947266,VLO
2016-09-26,55.849998474121094,54.209999084472656,55.66999816894531,54.290000915527344,4827200.0,47.42011260986328,VLO
2016-09-27,55.279998779296875,53.650001525878906,54.119998931884766,55.02000045776367,5952000.0,48.05774688720703,VLO
2016-09-28,55.630001068115234,54.06999969482422,55.25,55.11000061035156,6715600.0,48.136356353759766,VLO
2016-09-29,55.099998474121094,51.16999816894531,54.869998931884766,51.709999084472656,13909600.0,45.16659164428711,VLO
2016-09-30,53.27000045776367,51.54999923706055,51.869998931884766,53.0,8318600.0,46.29335403442383,VLO
2016-10-03,53.25,52.5099983215332,53.040000915527344,52.900001525878906,5172200.0,46.20601272583008,VLO
2016-10-04,54.349998474121094,53.16999816894531,53.16999816894531,53.650001525878906,5804000.0,46.86111068725586,VLO
2016-10-05,55.38999938964844,53.810001373291016,54.08000183105469,54.79999923706055,6393900.0,47.865577697753906,VLO
2016-10-06,55.189998626708984,54.16999816894531,54.79999923706055,54.900001525878906,4045600.0,47.95293426513672,VLO
2016-10-07,55.16999816894531,53.75,54.81999969482422,54.27000045776367,5564700.0,47.40264892578125,VLO
2016-10-10,54.9900016784668,54.45000076293945,54.66999816894531,54.7400016784668,4118400.0,47.813175201416016,VLO
2016-10-11,55.2599983215332,54.0,55.04999923706055,54.189998626708984,4419700.0,47.33277130126953,VLO
2016-10-12,54.060001373291016,52.63999938964844,54.02000045776367,53.790000915527344,5334200.0,46.9833869934082,VLO
2016-10-13,54.25,53.0,53.56999969482422,53.849998474121094,3862400.0,47.03579330444336,VLO
2016-10-14,54.369998931884766,53.599998474121094,53.97999954223633,53.790000915527344,3071900.0,46.9833869934082,VLO
2016-10-17,55.59000015258789,53.599998474121094,53.91999816894531,54.150001525878906,5476200.0,47.29783630371094,VLO
2016-10-18,55.61000061035156,54.15999984741211,54.349998474121094,55.459999084472656,6109400.0,48.442073822021484,VLO
2016-10-19,55.54999923706055,53.900001525878906,55.400001525878906,54.540000915527344,7486700.0,47.638484954833984,VLO
2016-10-20,54.959999084472656,54.29999923706055,54.83000183105469,54.77000045776367,3650900.0,47.83937454223633,VLO
2016-10-21,55.90999984741211,54.209999084472656,54.5,55.7599983215332,5287900.0,48.704097747802734,VLO
2016-10-24,56.439998626708984,55.619998931884766,56.040000915527344,56.15999984741211,5358700.0,49.05348587036133,VLO
2016-10-25,59.5,56.540000915527344,57.290000915527344,58.93000030517578,10808900.0,51.47297668457031,VLO
2016-10-26,60.36000061035156,58.45000076293945,58.720001220703125,59.52000045776367,7770800.0,51.988311767578125,VLO
2016-10-27,60.0,58.7400016784668,59.34000015258789,58.810001373291016,6598100.0,51.3681526184082,VLO
2016-10-28,59.66999816894531,58.369998931884766,58.77000045776367,58.599998474121094,4742100.0,51.18471908569336,VLO
2016-10-31,59.68000030517578,58.540000915527344,58.599998474121094,59.2400016784668,4969500.0,51.74374008178711,VLO
2016-11-01,61.619998931884766,59.099998474121094,60.369998931884766,59.4900016784668,7816800.0,51.96210861206055,VLO
2016-11-02,59.86000061035156,58.0099983215332,59.189998626708984,58.43000030517578,7317600.0,51.03623580932617,VLO
2016-11-03,58.91999816894531,57.400001525878906,58.470001220703125,57.86000061035156,3855900.0,50.53836441040039,VLO
2016-11-04,58.83000183105469,57.56999969482422,57.75,57.869998931884766,3729900.0,50.54709243774414,VLO
2016-11-07,58.709999084472656,57.9900016784668,58.400001525878906,58.52000045776367,4075100.0,51.11485290527344,VLO
2016-11-08,58.619998931884766,57.56999969482422,58.15999984741211,58.13999938964844,3802900.0,50.782936096191406,VLO
2016-11-09,62.70000076293945,58.470001220703125,58.72999954223633,62.029998779296875,10909100.0,54.18069839477539,VLO
2016-11-10,64.19999694824219,62.040000915527344,62.130001068115234,62.959999084472656,8019800.0,54.993011474609375,VLO
2016-11-11,63.16999816894531,61.40999984741211,62.81999969482422,62.45000076293945,4273700.0,54.547550201416016,VLO
2016-11-14,63.09000015258789,62.02000045776367,62.54999923706055,62.58000183105469,4614100.0,54.66109848022461,VLO
2016-11-15,63.310001373291016,61.63999938964844,62.77000045776367,63.150001525878906,4652200.0,55.158973693847656,VLO
2016-11-16,64.11000061035156,63.150001525878906,63.400001525878906,63.630001068115234,4684100.0,55.57822799682617,VLO
2016-11-17,64.77999877929688,63.849998474121094,64.19999694824219,64.66999816894531,5854900.0,56.486629486083984,VLO
2016-11-18,63.97999954223633,62.939998626708984,63.93000030517578,63.38999938964844,4737700.0,55.88711166381836,VLO
2016-11-21,64.7300033569336,63.13999938964844,63.849998474121094,64.54000091552734,4922800.0,56.901004791259766,VLO
2016-11-22,66.16999816894531,64.55000305175781,64.95999908447266,65.25,4427400.0,57.5269660949707,VLO
2016-11-23,65.41999816894531,64.05000305175781,64.83999633789062,64.72000122070312,4277500.0,57.059696197509766,VLO
2016-11-25,64.87999725341797,64.27999877929688,64.47000122070312,64.86000061035156,1735400.0,57.183128356933594,VLO
2016-11-28,65.0199966430664,63.61000061035156,64.87000274658203,63.790000915527344,4666400.0,56.239768981933594,VLO
2016-11-29,64.31999969482422,63.09000015258789,63.290000915527344,63.77000045776367,4427900.0,56.22213363647461,VLO
2016-11-30,63.52000045776367,60.349998474121094,62.470001220703125,61.560001373291016,14238400.0,54.27371597290039,VLO
2016-12-01,62.209999084472656,60.40999984741211,61.5,60.529998779296875,10720500.0,53.36562728881836,VLO
2016-12-02,61.70000076293945,60.40999984741211,60.65999984741211,61.459999084472656,5295700.0,54.18555450439453,VLO
2016-12-05,64.58999633789062,61.65999984741211,61.869998931884766,64.5199966430664,8277900.0,56.88336944580078,VLO
2016-12-06,64.9000015258789,63.84000015258789,64.2300033569336,64.72000122070312,5149300.0,57.059696197509766,VLO
2016-12-07,67.61000061035156,64.56999969482422,64.87000274658203,67.54000091552734,6398000.0,59.54590606689453,VLO
2016-12-08,69.27999877929688,67.8499984741211,67.9000015258789,68.37000274658203,5556100.0,60.277679443359375,VLO
2016-12-09,68.08000183105469,67.22000122070312,67.91000366210938,68.0,5124500.0,59.951473236083984,VLO
2016-12-12,69.16999816894531,66.30999755859375,69.02999877929688,66.81999969482422,6769800.0,58.91114044189453,VLO
2016-12-13,68.04000091552734,66.36000061035156,66.36000061035156,67.19999694824219,4336400.0,59.24616241455078,VLO
2016-12-14,67.81999969482422,66.3499984741211,67.26000213623047,66.48999786376953,4534300.0,58.62019729614258,VLO
2016-12-15,68.04000091552734,66.12999725341797,66.5,67.63999938964844,5106900.0,59.63407897949219,VLO
2016-12-16,68.45999908447266,67.5199966430664,67.97000122070312,68.0,8009900.0,59.951473236083984,VLO
2016-12-19,68.06999969482422,66.91000366210938,68.0,67.44999694824219,3612300.0,59.46657180786133,VLO
2016-12-20,68.27999877929688,67.19999694824219,67.19999694824219,67.56999969482422,2765100.0,59.57236862182617,VLO
2016-12-21,68.30999755859375,66.5999984741211,67.51000213623047,67.93000030517578,3206400.0,59.88976287841797,VLO
2016-12-22,69.23999786376953,68.26000213623047,68.30000305175781,68.72000122070312,3212400.0,60.586246490478516,VLO
2016-12-23,69.19999694824219,68.25,68.5,68.95999908447266,1696600.0,60.79784393310547,VLO
2016-12-27,69.8499984741211,69.13999938964844,69.2300033569336,69.44999694824219,2153900.0,61.22985076904297,VLO
2016-12-28,69.33000183105469,68.47000122070312,69.13999938964844,68.66999816894531,2471100.0,60.54215621948242,VLO
2016-12-29,69.6500015258789,68.25,68.66999816894531,68.62999725341797,1913000.0,60.506900787353516,VLO
2016-12-30,69.16999816894531,68.12000274658203,68.55999755859375,68.31999969482422,2552900.0,60.23359680175781,VLO
2017-01-03,71.4000015258789,68.83999633789062,69.55000305175781,70.41999816894531,4425000.0,62.08504104614258,VLO
2017-01-04,69.91000366210938,67.38999938964844,69.54000091552734,67.88999938964844,7431000.0,59.8544921875,VLO
2017-01-05,68.38999938964844,66.54000091552734,68.38999938964844,67.68000030517578,6450600.0,59.669342041015625,VLO
2017-01-06,67.87999725341797,66.62999725341797,67.69999694824219,66.66000366210938,3771700.0,58.770076751708984,VLO
2017-01-09,66.5999984741211,65.44999694824219,66.22000122070312,66.37000274658203,5132600.0,58.514408111572266,VLO
2017-01-10,67.66000366210938,66.0199966430664,66.31999969482422,66.52999877929688,5433400.0,58.655452728271484,VLO
2017-01-11,67.23999786376953,66.2699966430664,66.77999877929688,67.08000183105469,3391000.0,59.140357971191406,VLO
2017-01-12,66.94000244140625,65.37000274658203,66.23999786376953,66.5199966430664,4530100.0,58.64662551879883,VLO
2017-01-13,66.83999633789062,65.94000244140625,66.20999908447266,66.38999938964844,3366700.0,58.53202819824219,VLO
2017-01-17,68.19000244140625,65.77999877929688,66.93000030517578,66.19000244140625,4942200.0,58.3557014465332,VLO
2017-01-18,67.36000061035156,66.16000366210938,66.19999694824219,66.75,4251400.0,58.84941864013672,VLO
2017-01-19,66.7699966430664,65.52999877929688,66.68000030517578,66.06999969482422,3642200.0,58.24990463256836,VLO
2017-01-20,66.63999938964844,65.68000030517578,66.3499984741211,66.23999786376953,2911200.0,58.399784088134766,VLO
2017-01-23,66.5199966430664,65.68000030517578,66.5199966430664,66.25,4049600.0,58.408592224121094,VLO
2017-01-24,68.0199966430664,66.16999816894531,66.44999694824219,67.86000061035156,3893700.0,59.82803726196289,VLO
2017-01-25,68.4000015258789,67.30000305175781,68.2300033569336,68.33000183105469,4606200.0,60.24241256713867,VLO
2017-01-26,68.48999786376953,67.19999694824219,68.37999725341797,67.37000274658203,4006300.0,59.39603805541992,VLO
2017-01-27,68.54000091552734,66.70999908447266,67.62000274658203,67.30999755859375,4628200.0,59.343143463134766,VLO
2017-01-30,68.30000305175781,66.61000061035156,67.37000274658203,68.2300033569336,8413900.0,60.15424346923828,VLO
2017-01-31,67.83000183105469,64.44999694824219,67.80000305175781,65.76000213623047,11657700.0,57.97659683227539,VLO
2017-02-01,66.73999786376953,64.80999755859375,66.52999877929688,65.37000274658203,5204500.0,57.63275909423828,VLO
2017-02-02,66.08000183105469,64.62000274658203,65.0199966430664,65.41999816894531,6193200.0,57.67683410644531,VLO
2017-02-03,65.69999694824219,64.83000183105469,65.4800033569336,65.51000213623047,4416400.0,57.75619125366211,VLO
2017-02-06,66.12000274658203,64.91000366210938,65.51000213623047,65.11000061035156,4297800.0,57.40353775024414,VLO
2017-02-07,66.25,64.8499984741211,65.16000366210938,65.44000244140625,4968500.0,57.69447708129883,VLO
2017-02-08,67.13999938964844,65.0,65.2699966430664,67.08000183105469,4428100.0,59.140357971191406,VLO
2017-02-09,67.88999938964844,67.19999694824219,67.2699966430664,67.62000274658203,2805900.0,59.616451263427734,VLO
2017-02-10,68.0,67.25,67.87000274658203,67.47000122070312,2653900.0,59.48419952392578,VLO
2017-02-13,67.43000030517578,66.6500015258789,66.75,67.04000091552734,3367500.0,59.7247428894043,VLO
2017-02-14,67.69000244140625,66.91000366210938,67.2300033569336,67.62000274658203,2512300.0,60.241455078125,VLO
2017-02-15,67.95999908447266,67.19000244140625,67.66999816894531,67.76000213623047,2572700.0,60.366172790527344,VLO
2017-02-16,67.61000061035156,66.4000015258789,67.56999969482422,66.5999984741211,5266500.0,59.3327522277832,VLO
2017-02-17,66.51000213623047,65.11000061035156,66.31999969482422,65.48999786376953,4808800.0,58.3438720703125,VLO
2017-02-21,66.47000122070312,65.52999877929688,65.9800033569336,66.2699966430664,4499600.0,59.03875732421875,VLO
2017-02-22,66.55000305175781,65.73999786376953,66.12999725341797,66.01000213623047,4240400.0,58.807132720947266,VLO
2017-02-23,67.38999938964844,66.54000091552734,66.58000183105469,67.02999877929688,4208200.0,59.7158317565918,VLO
2017-02-24,66.9000015258789,65.83000183105469,66.55000305175781,66.72000122070312,3670700.0,59.43965148925781,VLO
2017-02-27,67.44999694824219,66.33999633789062,66.66000366210938,67.23999786376953,3129100.0,59.90290832519531,VLO
2017-02-28,69.41000366210938,67.22000122070312,67.27999877929688,67.94999694824219,9074700.0,60.535438537597656,VLO
2017-03-01,69.83999633789062,68.19000244140625,68.51000213623047,68.4800033569336,4921900.0,61.007598876953125,VLO
2017-03-02,68.37999725341797,65.93000030517578,68.22000122070312,66.44999694824219,7343000.0,59.19911193847656,VLO
2017-03-03,67.19999694824219,66.0,66.88999938964844,66.08000183105469,4046600.0,58.8694953918457,VLO
2017-03-06,66.63999938964844,65.43000030517578,65.88999938964844,66.44000244140625,3315300.0,59.190208435058594,VLO
2017-03-07,66.9800033569336,65.41999816894531,66.44000244140625,65.62000274658203,5504100.0,58.459686279296875,VLO
2017-03-08,67.4800033569336,65.83000183105469,66.0,66.87000274658203,7446400.0,59.57329559326172,VLO
2017-03-09,66.76000213623047,65.58000183105469,66.76000213623047,66.4800033569336,4720300.0,59.22584915161133,VLO
2017-03-10,67.37000274658203,66.25,66.66999816894531,66.56999969482422,4471600.0,59.30601501464844,VLO
2017-03-13,67.87999725341797,66.51000213623047,66.51000213623047,67.66000366210938,4970700.0,60.27708435058594,VLO
2017-03-14,67.69999694824219,66.83000183105469,67.31999969482422,67.44000244140625,2954600.0,60.08110046386719,VLO
2017-03-15,69.0,67.12999725341797,67.7300033569336,68.7300033569336,4751200.0,61.23032760620117,VLO
2017-03-16,69.19999694824219,68.47000122070312,68.93000030517578,68.55000305175781,3654200.0,61.069969177246094,VLO
2017-03-17,68.9800033569336,68.26000213623047,68.75,68.9000015258789,9529900.0,61.38178253173828,VLO
2017-03-20,69.12000274658203,68.18000030517578,68.73999786376953,68.52999877929688,3175100.0,61.05214309692383,VLO
2017-03-21,68.69999694824219,66.7300033569336,68.5999984741211,67.1500015258789,4068000.0,59.82273483276367,VLO
2017-03-22,67.87000274658203,66.80000305175781,67.16000366210938,67.56999969482422,3123500.0,60.19690704345703,VLO
2017-03-23,67.94000244140625,67.0199966430664,67.62999725341797,67.0999984741211,3298800.0,59.7781867980957,VLO
2017-03-24,67.04000091552734,65.69999694824219,66.83999633789062,65.77999877929688,4372000.0,58.60222244262695,VLO
2017-03-27,66.52999877929688,65.44999694824219,65.54000091552734,66.2300033569336,2799300.0,59.00313186645508,VLO
2017-03-28,66.63999938964844,65.6500015258789,66.5199966430664,66.29000091552734,3443400.0,59.056583404541016,VLO
2017-03-29,67.4000015258789,66.11000061035156,66.19999694824219,67.13999938964844,3326900.0,59.813819885253906,VLO
2017-03-30,67.30999755859375,66.19999694824219,67.27999877929688,66.2300033569336,7512800.0,59.00313186645508,VLO
2017-03-31,66.66999816894531,66.05999755859375,66.2300033569336,66.29000091552734,3622100.0,59.056583404541016,VLO
2017-04-03,66.58999633789062,65.66000366210938,66.58999633789062,66.2300033569336,3319400.0,59.00313186645508,VLO
2017-04-04,66.30000305175781,65.37000274658203,65.75,65.80999755859375,3101500.0,58.62895965576172,VLO
2017-04-05,66.69999694824219,65.0,66.12000274658203,65.08999633789062,3236700.0,57.98752212524414,VLO
2017-04-06,65.58999633789062,64.70999908447266,65.11000061035156,65.06999969482422,3378100.0,57.96969985961914,VLO
2017-04-07,66.0999984741211,65.0,65.06999969482422,65.56999969482422,3854600.0,58.41514205932617,VLO
2017-04-10,66.25,65.30000305175781,65.5999984741211,65.3499984741211,3409400.0,58.21915054321289,VLO
2017-04-11,65.66000366210938,64.77999877929688,65.2699966430664,65.62999725341797,3927500.0,58.46858596801758,VLO
2017-04-12,66.25,65.06999969482422,65.9000015258789,65.12999725341797,4156200.0,58.02315902709961,VLO
2017-04-13,65.62999725341797,64.58000183105469,65.16999816894531,64.68000030517578,3105200.0,57.622257232666016,VLO
2017-04-17,65.19000244140625,64.6500015258789,64.73999786376953,65.19000244140625,2909800.0,58.07661056518555,VLO
2017-04-18,65.0999984741211,63.58000183105469,64.93000030517578,64.1500015258789,4605800.0,57.150089263916016,VLO
2017-04-19,64.37000274658203,63.2599983215332,64.22000122070312,63.4900016784668,4988300.0,56.562110900878906,VLO
2017-04-20,64.70999908447266,63.560001373291016,63.68000030517578,64.0999984741211,2777800.0,57.10554504394531,VLO
2017-04-21,65.62999725341797,64.19999694824219,64.58999633789062,65.2300033569336,5113200.0,58.112239837646484,VLO
2017-04-24,67.20999908447266,65.69999694824219,65.69999694824219,66.81999969482422,7075000.0,59.528751373291016,VLO
2017-04-25,67.69000244140625,65.01000213623047,67.1500015258789,65.83000183105469,7379700.0,58.64677429199219,VLO
2017-04-26,65.75,64.80999755859375,65.41000366210938,64.9000015258789,6540500.0,57.81825637817383,VLO
2017-04-27,65.48999786376953,63.849998474121094,64.68000030517578,65.31999969482422,4222800.0,58.19241714477539,VLO
2017-04-28,65.63999938964844,64.41000366210938,65.62000274658203,64.61000061035156,4079200.0,57.55989456176758,VLO
2017-05-01,64.87000274658203,63.959999084472656,64.81999969482422,64.36000061035156,5432900.0,57.33717727661133,VLO
2017-05-02,64.83000183105469,64.16000366210938,64.79000091552734,64.48999786376953,4476300.0,57.45298767089844,VLO
2017-05-03,65.16000366210938,64.06999969482422,64.27999877929688,64.9000015258789,2993300.0,57.81825637817383,VLO
2017-05-04,64.94000244140625,63.959999084472656,64.52999877929688,64.37000274658203,3068300.0,57.3460807800293,VLO
2017-05-05,65.5199966430664,64.30999755859375,64.58999633789062,65.33999633789062,4668900.0,58.210235595703125,VLO
2017-05-08,66.2699966430664,65.31999969482422,65.37999725341797,66.11000061035156,3472900.0,58.89622497558594,VLO
2017-05-09,67.16000366210938,66.16999816894531,66.30999755859375,66.62999725341797,3836300.0,59.359474182128906,VLO
2017-05-10,67.02999877929688,65.91000366210938,66.75,66.68000030517578,3409900.0,59.404022216796875,VLO
2017-05-11,66.93000030517578,66.11000061035156,66.87000274658203,66.3499984741211,2847500.0,59.11001968383789,VLO
2017-05-12,66.76000213623047,66.16000366210938,66.27999877929688,66.41999816894531,3549600.0,59.172393798828125,VLO
2017-05-15,66.1500015258789,65.16000366210938,66.1500015258789,65.55000305175781,3295000.0,59.019325256347656,VLO
2017-05-16,65.3499984741211,63.959999084472656,65.12000274658203,64.54000091552734,6322500.0,58.109962463378906,VLO
2017-05-17,64.79000091552734,63.47999954223633,64.54000091552734,63.79999923706055,4529800.0,57.44367599487305,VLO
2017-05-18,64.06999969482422,63.029998779296875,63.4900016784668,63.540000915527344,3385900.0,57.2095832824707,VLO
2017-05-19,64.16000366210938,63.16999816894531,63.689998626708984,63.869998931884766,3396100.0,57.506710052490234,VLO
2017-05-22,64.29000091552734,63.560001373291016,64.26000213623047,63.84000015258789,2742500.0,57.47969436645508,VLO
2017-05-23,64.36000061035156,63.290000915527344,63.709999084472656,64.12000274658203,2945600.0,57.73180389404297,VLO
2017-05-24,64.61000061035156,63.5099983215332,64.16999816894531,63.810001373291016,2998700.0,57.45268630981445,VLO
2017-05-25,64.19000244140625,63.04999923706055,63.630001068115234,63.189998626708984,3786200.0,56.894447326660156,VLO
2017-05-26,63.5,62.130001068115234,63.189998626708984,62.45000076293945,3718700.0,56.22818374633789,VLO
2017-05-30,62.790000915527344,60.689998626708984,61.61000061035156,62.09000015258789,6566600.0,55.904052734375,VLO
2017-05-31,62.16999816894531,60.90999984741211,61.83000183105469,61.470001220703125,4655900.0,55.34581756591797,VLO
2017-06-01,62.439998626708984,61.06999969482422,61.369998931884766,62.119998931884766,3541400.0,55.931053161621094,VLO
2017-06-02,62.720001220703125,62.0,62.43000030517578,62.099998474121094,2788900.0,55.91305160522461,VLO
2017-06-05,62.66999816894531,61.790000915527344,61.90999984741211,62.400001525878906,3897100.0,56.18315887451172,VLO
2017-06-06,62.560001373291016,61.86000061035156,62.13999938964844,62.290000915527344,2579800.0,56.0841178894043,VLO
2017-06-07,62.47999954223633,61.59000015258789,61.81999969482422,62.29999923706055,4378200.0,56.093116760253906,VLO
2017-06-08,64.1500015258789,62.16999816894531,62.29999923706055,63.18000030517578,5021300.0,56.88545608520508,VLO
2017-06-09,65.76000213623047,62.88999938964844,63.0099983215332,65.26000213623047,6201200.0,58.75822830200195,VLO
2017-06-12,66.83000183105469,65.26000213623047,65.26000213623047,65.91999816894531,6725900.0,59.352474212646484,VLO
2017-06-13,66.9800033569336,65.54000091552734,65.83000183105469,66.52999877929688,4336400.0,59.90168380737305,VLO
2017-06-14,66.52999877929688,64.12000274658203,66.41999816894531,64.75,6431000.0,58.29903030395508,VLO
2017-06-15,65.0,64.1500015258789,64.45999908447266,64.69000244140625,3974100.0,58.24501037597656,VLO
2017-06-16,66.04000091552734,64.63999938964844,65.0,65.80000305175781,6522500.0,59.24442672729492,VLO
2017-06-19,66.94999694824219,65.75,65.76000213623047,66.61000061035156,4078300.0,59.973716735839844,VLO
2017-06-20,66.37000274658203,65.1500015258789,65.94999694824219,65.6500015258789,3634100.0,59.1093635559082,VLO
2017-06-21,65.48999786376953,63.77000045776367,65.16999816894531,64.68000030517578,5566100.0,58.23600769042969,VLO
2017-06-22,65.66000366210938,64.7699966430664,65.66000366210938,64.81999969482422,3801400.0,58.362064361572266,VLO
2017-06-23,66.08000183105469,64.58000183105469,64.72000122070312,65.9800033569336,4915200.0,59.406497955322266,VLO
2017-06-26,66.4800033569336,65.76000213623047,66.18000030517578,66.04000091552734,3376800.0,59.460514068603516,VLO
2017-06-27,67.83999633789062,65.97000122070312,66.0999984741211,66.80999755859375,5447300.0,60.1537971496582,VLO
2017-06-28,68.13999938964844,66.97000122070312,67.13999938964844,67.47000122070312,3336400.0,60.74803924560547,VLO
2017-06-29,68.38999938964844,66.7699966430664,67.79000091552734,67.08999633789062,3282900.0,60.40589904785156,VLO
2017-06-30,67.7699966430664,66.87000274658203,67.55000305175781,67.45999908447266,2972000.0,60.73903274536133,VLO
2017-07-03,68.44000244140625,67.66000366210938,67.80999755859375,68.0199966430664,2160000.0,61.243247985839844,VLO
2017-07-05,68.25,66.95999908447266,68.0,67.06999969482422,3938100.0,60.38790512084961,VLO
2017-07-06,67.18000030517578,66.18000030517578,66.98999786376953,66.45999908447266,3332100.0,59.83866500854492,VLO
2017-07-07,68.41999816894531,66.25,66.44000244140625,68.18000030517578,5083600.0,61.38730239868164,VLO
2017-07-10,68.48999786376953,67.94000244140625,68.05000305175781,68.08999633789062,3718200.0,61.3062744140625,VLO
2017-07-11,68.44999694824219,67.7300033569336,68.02999877929688,67.93000030517578,2188200.0,61.1622200012207,VLO
2017-07-12,68.55000305175781,67.44000244140625,68.4800033569336,68.02999877929688,4206100.0,61.25225067138672,VLO
2017-07-13,68.37999725341797,67.04000091552734,67.87000274658203,67.77999877929688,2883700.0,61.02714920043945,VLO
2017-07-14,68.33000183105469,67.41000366210938,67.83999633789062,68.04000091552734,2194700.0,61.261253356933594,VLO
2017-07-17,68.0,67.31999969482422,67.81999969482422,67.43000030517578,2868800.0,60.71202850341797,VLO
2017-07-18,67.76000213623047,67.19999694824219,67.72000122070312,67.51000213623047,2816000.0,60.784053802490234,VLO
2017-07-19,68.69000244140625,67.54000091552734,67.5999984741211,68.02999877929688,3481900.0,61.25225067138672,VLO
2017-07-20,68.43000030517578,67.30000305175781,68.38999938964844,67.5199966430664,2914800.0,60.793060302734375,VLO
2017-07-21,67.87000274658203,67.01000213623047,67.5199966430664,67.77999877929688,2725700.0,61.02714920043945,VLO
2017-07-24,68.08999633789062,67.54000091552734,67.62999725341797,67.68000030517578,2318800.0,60.93711471557617,VLO
2017-07-25,68.72000122070312,67.94000244140625,67.9800033569336,68.44000244140625,3131100.0,61.62140655517578,VLO
2017-07-26,68.52999877929688,67.80000305175781,68.51000213623047,67.98999786376953,3356800.0,61.21623611450195,VLO
2017-07-27,68.83000183105469,66.61000061035156,68.0,67.58999633789062,4377800.0,60.856075286865234,VLO
2017-07-28,67.58000183105469,65.94999694824219,67.47000122070312,66.69000244140625,7105600.0,60.04576110839844,VLO
2017-07-31,69.44000244140625,66.87999725341797,67.08000183105469,68.97000122070312,7354800.0,62.09860610961914,VLO
2017-08-01,69.75,68.7300033569336,69.3499984741211,68.81999969482422,5330100.0,61.963531494140625,VLO
2017-08-02,69.16999816894531,68.30000305175781,68.61000061035156,68.5,3724900.0,61.675418853759766,VLO
2017-08-03,68.63999938964844,68.05999755859375,68.22000122070312,68.5,3342700.0,61.675418853759766,VLO
2017-08-04,68.93000030517578,68.30000305175781,68.5,68.52999877929688,3201800.0,61.702423095703125,VLO
2017-08-07,68.52999877929688,67.75,67.94999694824219,68.0,2671900.0,61.85708236694336,VLO
2017-08-08,67.94000244140625,67.3499984741211,67.66999816894531,67.79000091552734,3114700.0,61.66604232788086,VLO
2017-08-09,67.93000030517578,66.61000061035156,67.6500015258789,66.93000030517578,3498100.0,60.88373947143555,VLO
2017-08-10,66.98999786376953,65.75,66.80000305175781,66.19999694824219,3425100.0,60.219688415527344,VLO
2017-08-11,66.4000015258789,65.8499984741211,66.1500015258789,66.1500015258789,2330000.0,60.1742057800293,VLO
2017-08-14,67.01000213623047,66.38999938964844,66.47000122070312,66.79000091552734,3034300.0,60.75638198852539,VLO
2017-08-15,67.31999969482422,66.61000061035156,66.66000366210938,67.1500015258789,4079300.0,61.083866119384766,VLO
2017-08-16,67.5,65.86000061035156,67.26000213623047,65.98999786376953,2807500.0,60.028656005859375,VLO
2017-08-17,65.70999908447266,64.47000122070312,65.66999816894531,64.55000305175781,3358400.0,58.71874237060547,VLO
2017-08-18,65.45999908447266,64.22000122070312,64.44999694824219,64.75,3082600.0,58.90066909790039,VLO
2017-08-21,64.94999694824219,64.44999694824219,64.66000366210938,64.69999694824219,2463900.0,58.85518264770508,VLO
2017-08-22,65.72000122070312,64.5,64.9000015258789,65.58000183105469,2865800.0,59.65568923950195,VLO
2017-08-23,66.0,65.0999984741211,65.22000122070312,65.70999908447266,2808700.0,59.77395248413086,VLO
2017-08-24,68.0,65.69999694824219,65.69999694824219,67.44000244140625,5492000.0,61.34767532348633,VLO
2017-08-25,68.80999755859375,67.55999755859375,67.79000091552734,67.66999816894531,3915900.0,61.556888580322266,VLO
2017-08-28,69.79000091552734,68.23999786376953,68.9000015258789,68.41999816894531,6445800.0,62.2391357421875,VLO
2017-08-29,68.94999694824219,67.77999877929688,68.2300033569336,67.91999816894531,3557700.0,61.784305572509766,VLO
2017-08-30,68.87000274658203,68.08000183105469,68.5199966430664,68.41000366210938,3248100.0,62.23003387451172,VLO
2017-08-31,68.72000122070312,67.30999755859375,68.6500015258789,68.0999984741211,4434400.0,61.94804000854492,VLO
2017-09-01,69.51000213623047,67.81999969482422,68.11000061035156,69.19999694824219,3954400.0,62.948665618896484,VLO
2017-09-05,68.70999908447266,67.23999786376953,68.58999633789062,67.91000366210938,4581400.0,61.77521514892578,VLO
2017-09-06,68.7699966430664,67.70999908447266,68.2300033569336,68.11000061035156,4428800.0,61.957149505615234,VLO
2017-09-07,69.0999984741211,68.11000061035156,68.33000183105469,68.86000061035156,3675900.0,62.6393928527832,VLO
2017-09-08,70.27999877929688,68.7300033569336,68.86000061035156,69.54000091552734,3771300.0,63.25796127319336,VLO
2017-09-11,69.97000122070312,68.80000305175781,69.7699966430664,69.80999755859375,3287700.0,63.503570556640625,VLO
2017-09-12,70.66000366210938,69.81999969482422,70.0,70.20999908447266,2629200.0,63.8674430847168,VLO
2017-09-13,71.16999816894531,70.25,70.55000305175781,71.0,4122500.0,64.5860824584961,VLO
2017-09-14,71.05999755859375,69.52999877929688,70.9000015258789,69.94000244140625,4494000.0,63.621829986572266,VLO
2017-09-15,71.51000213623047,69.9800033569336,69.9800033569336,71.12999725341797,6859900.0,64.70433044433594,VLO
2017-09-18,72.44000244140625,71.13999938964844,71.2300033569336,72.19999694824219,3823700.0,65.67766571044922,VLO
2017-09-19,73.19999694824219,71.55999755859375,72.19999694824219,72.70999908447266,3870200.0,66.14158630371094,VLO
2017-09-20,73.37999725341797,72.51000213623047,73.02999877929688,73.18000030517578,3255600.0,66.56912994384766,VLO
2017-09-21,73.87000274658203,72.83999633789062,73.08999633789062,73.36000061035156,3106100.0,66.73287963867188,VLO
2017-09-22,74.36000061035156,73.1500015258789,73.25,74.29000091552734,3263900.0,67.578857421875,VLO
2017-09-25,75.26000213623047,74.3499984741211,74.62999725341797,75.12000274658203,3461000.0,68.3338851928711,VLO
2017-09-26,75.75,74.80999755859375,75.0199966430664,74.95999908447266,3287900.0,68.1883316040039,VLO
2017-09-27,75.87999725341797,74.41000366210938,74.88999938964844,75.47000122070312,4516000.0,68.65225982666016,VLO
2017-09-28,76.91999816894531,75.55000305175781,75.80999755859375,76.73999786376953,6079400.0,69.80752563476562,VLO
2017-09-29,77.7699966430664,76.62000274658203,76.76000213623047,76.93000030517578,4442200.0,69.98036193847656,VLO
2017-10-02,77.4000015258789,76.41000366210938,76.7300033569336,77.05000305175781,3141300.0,70.08953094482422,VLO
2017-10-03,77.66000366210938,76.76000213623047,76.87999725341797,77.56999969482422,3194700.0,70.56255340576172,VLO
2017-10-04,77.81999969482422,76.94000244140625,77.38999938964844,77.69000244140625,2669900.0,70.67171478271484,VLO
2017-10-05,78.63999938964844,76.48999786376953,77.9000015258789,77.2699966430664,4923400.0,70.2896499633789,VLO
2017-10-06,77.2300033569336,76.2699966430664,76.37000274658203,77.2300033569336,4672400.0,70.2532730102539,VLO
2017-10-09,77.44000244140625,76.7699966430664,77.2699966430664,77.12999725341797,2925600.0,70.16230010986328,VLO
2017-10-10,77.61000061035156,77.0,77.55000305175781,77.37000274658203,2659600.0,70.38063049316406,VLO
2017-10-11,77.91999816894531,77.08999633789062,77.52999877929688,77.91999816894531,2277500.0,70.88092803955078,VLO
2017-10-12,78.05000305175781,77.0999984741211,77.4000015258789,77.91000366210938,2532500.0,70.87183380126953,VLO
2017-10-13,78.30999755859375,77.66999816894531,78.1500015258789,78.08000183105469,2161700.0,71.0264892578125,VLO
2017-10-16,77.83000183105469,77.2300033569336,77.6500015258789,77.41999816894531,2405400.0,70.42608642578125,VLO
2017-10-17,77.86000061035156,77.2699966430664,77.58999633789062,77.62000274658203,2358400.0,70.6080322265625,VLO
2017-10-18,77.91999816894531,76.9800033569336,77.5999984741211,77.62000274658203,2399600.0,70.6080322265625,VLO
2017-10-19,77.88999938964844,76.62999725341797,77.20999908447266,77.62999725341797,2329900.0,70.61713409423828,VLO
2017-10-20,78.44000244140625,77.38999938964844,78.44000244140625,77.54000091552734,4149900.0,70.53527069091797,VLO
2017-10-23,77.9000015258789,77.37000274658203,77.8499984741211,77.4000015258789,4820100.0,70.40790557861328,VLO
2017-10-24,78.0999984741211,77.1500015258789,77.4000015258789,77.69000244140625,3241700.0,70.67171478271484,VLO
2017-10-25,77.87000274658203,76.94999694824219,77.69999694824219,77.68000030517578,4901200.0,70.66261291503906,VLO
2017-10-26,77.66000366210938,75.83999633789062,77.37999725341797,76.29000091552734,5371300.0,69.398193359375,VLO
2017-10-27,77.81999969482422,75.94999694824219,76.12999725341797,77.75,6118600.0,70.72628784179688,VLO
2017-10-30,78.58000183105469,77.72000122070312,77.72000122070312,78.4000015258789,4427100.0,71.31755828857422,VLO
2017-10-31,79.13999938964844,77.77999877929688,78.30000305175781,78.88999938964844,3231000.0,71.7633056640625,VLO
2017-11-01,80.93000030517578,79.06999969482422,79.31999969482422,80.70999908447266,4097800.0,73.41889953613281,VLO
2017-11-02,82.19000244140625,80.73999786376953,80.73999786376953,81.58999633789062,4972900.0,74.21939849853516,VLO
2017-11-03,81.75,80.62999725341797,81.19999694824219,80.87999725341797,3390500.0,73.57353973388672,VLO
2017-11-06,81.79000091552734,80.2699966430664,80.9000015258789,81.44999694824219,3326200.0,74.09202575683594,VLO
2017-11-07,81.87999725341797,81.30999755859375,81.52999877929688,81.83000183105469,2603300.0,74.43771362304688,VLO
2017-11-08,81.69000244140625,80.62999725341797,81.61000061035156,81.66999816894531,2976100.0,74.29217529296875,VLO
2017-11-09,81.33999633789062,80.02999877929688,81.0,81.27999877929688,3569700.0,73.93740844726562,VLO
2017-11-10,81.44999694824219,80.70999908447266,80.95999908447266,81.37000274658203,2473900.0,74.01927947998047,VLO
2017-11-13,81.5199966430664,80.61000061035156,81.23999786376953,80.66999816894531,2568500.0,73.38249969482422,VLO
2017-11-14,81.58999633789062,80.48999786376953,80.55000305175781,81.37000274658203,3108700.0,74.01927947998047,VLO
2017-11-15,81.69000244140625,80.0,80.88999938964844,81.4800033569336,3122000.0,74.11933135986328,VLO
2017-11-16,82.61000061035156,81.20999908447266,81.30999755859375,82.12000274658203,4322600.0,74.7015151977539,VLO
2017-11-17,82.91999816894531,81.75,81.8499984741211,82.87999725341797,2897400.0,75.39286041259766,VLO
2017-11-20,82.26000213623047,81.4800033569336,82.26000213623047,82.08999633789062,3163600.0,75.31028747558594,VLO
2017-11-21,84.0,82.1500015258789,82.23999786376953,83.80000305175781,3528000.0,76.87906646728516,VLO
2017-11-22,83.91000366210938,82.30999755859375,83.91000366210938,82.3499984741211,3271500.0,75.54881286621094,VLO
2017-11-24,82.8499984741211,82.05999755859375,82.68000030517578,82.25,1623400.0,75.45709228515625,VLO
2017-11-27,82.3499984741211,81.58999633789062,82.22000122070312,82.12000274658203,3073500.0,75.33782196044922,VLO
2017-11-28,83.47000122070312,81.83999633789062,82.33000183105469,83.23999786376953,3015300.0,76.36531829833984,VLO
2017-11-29,83.6500015258789,82.5,83.19000244140625,83.33999633789062,2752900.0,76.4570541381836,VLO
2017-11-30,85.86000061035156,83.36000061035156,83.83000183105469,85.62000274658203,5521800.0,78.54875183105469,VLO
2017-12-01,85.77999877929688,82.5199966430664,85.37000274658203,84.16999816894531,4123200.0,77.218505859375,VLO
2017-12-04,85.43000030517578,83.5,84.55999755859375,83.62999725341797,4049400.0,76.72309112548828,VLO
2017-12-05,86.41999816894531,83.91000366210938,83.91000366210938,85.77999877929688,4197300.0,78.69554138183594,VLO
2017-12-06,85.97000122070312,84.56999969482422,85.4800033569336,84.97000122070312,2975900.0,77.95243835449219,VLO
2017-12-07,85.68000030517578,84.6500015258789,84.79000091552734,85.58999633789062,2128800.0,78.521240234375,VLO
2017-12-08,87.7300033569336,85.95999908447266,86.2699966430664,87.5999984741211,3533300.0,80.365234375,VLO
2017-12-11,88.12000274658203,86.87000274658203,87.16999816894531,87.19999694824219,2853800.0,79.99826049804688,VLO
2017-12-12,87.69999694824219,86.80000305175781,87.4000015258789,86.94000244140625,2515000.0,79.7597427368164,VLO
2017-12-13,88.0999984741211,86.5999984741211,86.7699966430664,87.44999694824219,3112000.0,80.22761535644531,VLO
2017-12-14,88.43000030517578,87.43000030517578,87.55000305175781,87.4800033569336,3635800.0,80.2551498413086,VLO
2017-12-15,88.4000015258789,87.5,87.6500015258789,88.19000244140625,6579300.0,80.906494140625,VLO
2017-12-18,89.16999816894531,88.20999908447266,88.56999969482422,88.93000030517578,3433000.0,81.58538055419922,VLO
2017-12-19,89.20999908447266,88.01000213623047,88.94000244140625,88.06999969482422,2953500.0,80.7964096069336,VLO
2017-12-20,90.4800033569336,88.27999877929688,88.69000244140625,90.16000366210938,3506600.0,82.71379852294922,VLO
2017-12-21,91.12000274658203,89.83999633789062,89.93000030517578,90.72000122070312,3004200.0,83.2275619506836,VLO
2017-12-22,91.5,90.80000305175781,91.02999877929688,91.12999725341797,1837200.0,83.60368347167969,VLO
2017-12-26,92.05000305175781,91.23999786376953,91.25,91.86000061035156,1442900.0,84.27339172363281,VLO
2017-12-27,92.48999786376953,91.56999969482422,91.81999969482422,92.13999938964844,2388300.0,84.5302734375,VLO
2017-12-28,92.58000183105469,91.75,92.38999938964844,92.30000305175781,1835700.0,84.67705535888672,VLO
2017-12-29,93.18000030517578,91.91000366210938,92.69000244140625,91.91000366210938,2343800.0,84.31928253173828,VLO
2018-01-02,93.13999938964844,91.70999908447266,92.19000244140625,92.80000305175781,3582900.0,85.1357650756836,VLO
2018-01-03,93.47000122070312,92.5,92.58000183105469,93.29000091552734,3057600.0,85.58529663085938,VLO
2018-01-04,93.62000274658203,92.63999938964844,93.41000366210938,93.58999633789062,2977000.0,85.86052703857422,VLO
2018-01-05,94.30000305175781,93.43000030517578,93.5999984741211,94.02999877929688,2973800.0,86.26417541503906,VLO
2018-01-08,94.37000274658203,93.4000015258789,94.12999725341797,94.22000122070312,2493400.0,86.43849182128906,VLO
2018-01-09,94.95999908447266,94.0,94.76000213623047,94.0999984741211,3884900.0,86.32840728759766,VLO
2018-01-10,94.6500015258789,93.55999755859375,93.80999755859375,94.1500015258789,2391800.0,86.37427520751953,VLO
2018-01-11,94.61000061035156,93.61000061035156,94.58999633789062,94.55000305175781,2679700.0,86.7412338256836,VLO
2018-01-12,97.0,94.70999908447266,94.91000366210938,96.75,2873400.0,88.75953674316406,VLO
2018-01-16,97.55000305175781,95.66000366210938,96.8499984741211,96.1500015258789,3052500.0,88.20909881591797,VLO
2018-01-17,98.11000061035156,96.29000091552734,96.45999908447266,97.55999755859375,2940700.0,89.50265502929688,VLO
2018-01-18,97.2300033569336,95.9800033569336,97.11000061035156,96.45999908447266,2489400.0,88.49349212646484,VLO
2018-01-19,97.29000091552734,96.25,96.7699966430664,97.26000213623047,2368800.0,89.22742462158203,VLO
2018-01-22,99.0999984741211,97.43000030517578,97.62000274658203,98.94999694824219,2441200.0,90.77784729003906,VLO
2018-01-23,99.30999755859375,98.05999755859375,99.30999755859375,98.69000244140625,2120300.0,90.53932189941406,VLO
2018-01-24,99.94999694824219,96.9800033569336,99.93000030517578,97.66000366210938,3109500.0,89.59439849853516,VLO
2018-01-25,98.19000244140625,96.87999725341797,98.19000244140625,97.18000030517578,2725300.0,89.1540298461914,VLO
2018-01-26,98.75,97.38999938964844,97.55999755859375,98.69000244140625,2122200.0,90.53932189941406,VLO
2018-01-29,98.62999725341797,96.19000244140625,98.62999725341797,96.38999938964844,2787100.0,88.42926788330078,VLO
2018-01-30,96.0199966430664,92.11000061035156,95.81999969482422,94.33999633789062,4338800.0,86.54856872558594,VLO
2018-01-31,96.43000030517578,94.45999908447266,94.55000305175781,95.97000122070312,5334000.0,88.04397583007812,VLO
2018-02-01,96.87000274658203,92.69999694824219,96.41999816894531,94.69000244140625,5032300.0,86.86966705322266,VLO
2018-02-02,95.8499984741211,92.73999786376953,94.19000244140625,93.19000244140625,4656700.0,85.49356079101562,VLO
2018-02-05,93.66000366210938,82.9000015258789,91.83999633789062,89.7699966430664,7072900.0,82.35601043701172,VLO
2018-02-06,91.12000274658203,86.75,87.77999877929688,90.45999908447266,6335000.0,82.98902130126953,VLO
2018-02-07,92.55000305175781,89.83999633789062,90.43000030517578,89.83999633789062,4344500.0,82.42022705078125,VLO
2018-02-08,90.37000274658203,86.75,89.62999725341797,86.7699966430664,3975900.0,79.60377502441406,VLO
2018-02-09,89.37000274658203,85.26000213623047,87.62999725341797,88.22000122070312,5463400.0,80.93402862548828,VLO
2018-02-12,89.69000244140625,88.12999725341797,88.25,88.83999633789062,4020900.0,82.24867248535156,VLO
2018-02-13,89.80000305175781,88.16000366210938,88.33000183105469,89.4800033569336,3638200.0,82.8411865234375,VLO
2018-02-14,93.04000091552734,88.77999877929688,88.86000061035156,92.62999725341797,4877300.0,85.75748443603516,VLO
2018-02-15,94.22000122070312,91.58000183105469,93.55999755859375,93.0,4057600.0,86.10002899169922,VLO
2018-02-16,94.41000366210938,92.41000366210938,93.01000213623047,93.2699966430664,2538800.0,86.34999084472656,VLO
2018-02-20,93.88999938964844,91.05000305175781,93.11000061035156,91.58000183105469,3083600.0,84.7853775024414,VLO
2018-02-21,92.75,90.80999755859375,91.5,90.83000183105469,2018100.0,84.09102630615234,VLO
2018-02-22,93.23999786376953,90.98999786376953,90.98999786376953,92.05000305175781,3047300.0,85.22052001953125,VLO
2018-02-23,92.9000015258789,91.66000366210938,92.68000030517578,92.45999908447266,2069200.0,85.60008239746094,VLO
2018-02-26,93.80999755859375,92.66000366210938,93.11000061035156,93.30999755859375,2563300.0,86.38702392578125,VLO
2018-02-27,95.25,92.7300033569336,93.36000061035156,92.7699966430664,2893000.0,85.88709259033203,VLO
2018-02-28,93.47000122070312,90.4000015258789,93.0,90.41999816894531,2746800.0,83.71144104003906,VLO
2018-03-01,92.41999816894531,89.79000091552734,90.52999877929688,90.81999969482422,3035900.0,84.0817642211914,VLO
2018-03-02,92.62000274658203,89.56999969482422,90.05999755859375,92.19999694824219,3485000.0,85.359375,VLO
2018-03-05,92.3499984741211,90.08000183105469,91.51000213623047,91.55999755859375,4656700.0,84.76687622070312,VLO
2018-03-06,92.7699966430664,91.0,91.87999725341797,91.72000122070312,2852300.0,84.91499328613281,VLO
2018-03-07,92.8499984741211,90.69999694824219,90.75,92.04000091552734,2616800.0,85.21125030517578,VLO
2018-03-08,93.45999908447266,91.0999984741211,92.0999984741211,93.30999755859375,3650800.0,86.38702392578125,VLO
2018-03-09,95.4000015258789,93.8499984741211,93.93000030517578,94.31999969482422,3500400.0,87.32208251953125,VLO
2018-03-12,94.4800033569336,92.52999877929688,94.01000213623047,92.69000244140625,3231900.0,85.81303405761719,VLO
2018-03-13,94.94999694824219,92.80000305175781,93.0199966430664,93.48999786376953,4322400.0,86.55367279052734,VLO
2018-03-14,94.0999984741211,92.48999786376953,93.66999816894531,92.66000366210938,2747400.0,85.78524780273438,VLO
2018-03-15,93.38999938964844,90.5199966430664,93.0999984741211,92.33000183105469,2786100.0,85.479736328125,VLO
2018-03-16,94.04000091552734,92.38999938964844,92.38999938964844,93.79000091552734,5308600.0,86.8314208984375,VLO
2018-03-19,93.44000244140625,92.16999816894531,93.22000122070312,92.94000244140625,2334700.0,86.04447937011719,VLO
2018-03-20,95.87000274658203,93.47000122070312,93.54000091552734,94.47000122070312,3354400.0,87.46096801757812,VLO
2018-03-21,96.41000366210938,94.48999786376953,94.70999908447266,95.44999694824219,3066200.0,88.36825561523438,VLO
2018-03-22,95.11000061035156,92.94999694824219,94.38999938964844,93.04000091552734,3264500.0,86.13705444335938,VLO
2018-03-23,94.51000213623047,91.11000061035156,93.79000091552734,91.22000122070312,3195400.0,84.45208740234375,VLO
2018-03-26,94.47000122070312,92.33999633789062,92.37999725341797,94.25,3111500.0,87.25727844238281,VLO
2018-03-27,94.66000366210938,91.11000061035156,94.29000091552734,92.2699966430664,3756700.0,85.4241943359375,VLO
2018-03-28,92.94999694824219,90.22000122070312,92.5999984741211,90.27999877929688,3864800.0,83.58184051513672,VLO
2018-03-29,92.88999938964844,91.12000274658203,91.22000122070312,92.7699966430664,4173900.0,85.88709259033203,VLO
2018-04-02,92.7300033569336,89.75,92.25,91.55999755859375,2788500.0,84.76687622070312,VLO
2018-04-03,92.76000213623047,91.33999633789062,92.19999694824219,92.69999694824219,2930600.0,85.82228088378906,VLO
2018-04-04,93.62000274658203,89.97000122070312,91.08999633789062,93.3499984741211,3659600.0,86.42406463623047,VLO
2018-04-05,96.22000122070312,93.70999908447266,93.83000183105469,95.86000061035156,3766300.0,88.74783325195312,VLO
2018-04-06,96.0,93.7699966430664,95.05999755859375,95.18000030517578,3432000.0,88.1182861328125,VLO
2018-04-09,97.19999694824219,95.55999755859375,95.81999969482422,96.01000213623047,3653800.0,88.88670349121094,VLO
2018-04-10,99.22000122070312,97.06999969482422,97.37000274658203,98.88999938964844,3489100.0,91.55302429199219,VLO
2018-04-11,100.91000366210938,98.33999633789062,98.9800033569336,100.30999755859375,3506900.0,92.86766815185547,VLO
2018-04-12,101.27999877929688,99.6500015258789,100.6500015258789,100.52999877929688,3245100.0,93.07135009765625,VLO
2018-04-13,102.2300033569336,100.45999908447266,101.3499984741211,101.83000183105469,2641200.0,94.27490234375,VLO
2018-04-16,106.3499984741211,102.12999725341797,102.26000213623047,105.48999786376953,5876400.0,97.6633529663086,VLO
2018-04-17,106.94000244140625,104.08999633789062,105.62999725341797,106.69000244140625,3669100.0,98.7743148803711,VLO
2018-04-18,108.83000183105469,106.69999694824219,107.26000213623047,107.54000091552734,3904800.0,99.5612564086914,VLO
2018-04-19,108.58999633789062,106.33000183105469,107.54000091552734,108.19999694824219,3240500.0,100.17228698730469,VLO
2018-04-20,108.61000061035156,107.37999725341797,107.8499984741211,108.55000305175781,2795100.0,100.4963150024414,VLO
2018-04-23,109.2699966430664,107.4800033569336,108.75,109.26000213623047,2162800.0,101.15364837646484,VLO
2018-04-24,110.94999694824219,107.66000366210938,109.3499984741211,108.29000091552734,3279700.0,100.25562286376953,VLO
2018-04-25,109.20999908447266,106.2699966430664,107.77999877929688,108.68000030517578,3799800.0,100.6166763305664,VLO
2018-04-26,111.81999969482422,106.94999694824219,109.79000091552734,111.54000091552734,4912200.0,103.26448059082031,VLO
2018-04-27,112.30000305175781,109.31999969482422,111.61000061035156,109.77999877929688,2658700.0,101.63506317138672,VLO
2018-04-30,113.31999969482422,109.86000061035156,110.08000183105469,110.93000030517578,5667700.0,102.69975280761719,VLO
2018-05-01,111.05999755859375,108.7699966430664,110.26000213623047,110.72000122070312,3680800.0,102.50531768798828,VLO
2018-05-02,113.47000122070312,110.55000305175781,110.55000305175781,112.25,5677400.0,103.92180633544922,VLO
2018-05-03,113.88999938964844,110.95999908447266,111.7699966430664,113.37000274658203,3576400.0,104.95872497558594,VLO
2018-05-04,113.91999816894531,111.93000030517578,113.0,113.38999938964844,2923000.0,104.97723388671875,VLO
2018-05-07,115.4800033569336,113.33999633789062,114.16000366210938,113.66999816894531,3449900.0,105.2364501953125,VLO
2018-05-08,113.25,111.02999877929688,113.05999755859375,113.19000244140625,6102200.0,104.79207611083984,VLO
2018-05-09,115.83999633789062,113.5199966430664,113.94999694824219,114.81999969482422,4159800.0,106.30113983154297,VLO
2018-05-10,115.98999786376953,113.9800033569336,115.54000091552734,114.48999786376953,5038700.0,105.99560546875,VLO
2018-05-11,115.13999938964844,114.1500015258789,114.66000366210938,114.62999725341797,2773400.0,106.1252212524414,VLO
2018-05-14,116.19999694824219,114.98999786376953,115.19999694824219,115.87000274658203,3936000.0,107.27323913574219,VLO
2018-05-15,116.43000030517578,114.81999969482422,115.88999938964844,115.9000015258789,3541300.0,107.3010025024414,VLO
2018-05-16,115.26000213623047,113.87000274658203,114.94000244140625,114.98999786376953,2691900.0,107.19845581054688,VLO
2018-05-17,121.04000091552734,116.33000183105469,116.45999908447266,119.70999908447266,5888500.0,111.5986328125,VLO
2018-05-18,120.87999725341797,119.0199966430664,120.05000305175781,120.55999755859375,3906500.0,112.39103698730469,VLO
2018-05-21,122.37999725341797,120.2300033569336,121.52999877929688,122.05999755859375,2992600.0,113.78939819335938,VLO
2018-05-22,122.68000030517578,119.66000366210938,121.86000061035156,120.1500015258789,3253300.0,112.00881958007812,VLO
2018-05-23,121.73999786376953,118.52999877929688,119.2699966430664,121.05000305175781,3395800.0,112.84783935546875,VLO
2018-05-24,122.94000244140625,119.56999969482422,120.0999984741211,121.87999725341797,3158300.0,113.62159729003906,VLO
2018-05-25,120.45999908447266,117.6500015258789,120.4000015258789,118.7300033569336,3581600.0,110.6850357055664,VLO
2018-05-29,121.45999908447266,118.20999908447266,118.29000091552734,119.47000122070312,3025600.0,111.3749008178711,VLO
2018-05-30,123.02999877929688,120.05999755859375,120.69999694824219,122.20999908447266,2996000.0,113.92924499511719,VLO
2018-05-31,124.7699966430664,120.91000366210938,121.86000061035156,121.19999694824219,5480900.0,112.9876708984375,VLO
2018-06-01,124.73999786376953,121.45999908447266,122.08000183105469,123.77999877929688,2941900.0,115.39285278320312,VLO
2018-06-04,126.9800033569336,124.25,124.62999725341797,124.44000244140625,3792000.0,116.00814056396484,VLO
2018-06-05,124.43000030517578,122.73999786376953,124.18000030517578,123.33000183105469,3392500.0,114.97335815429688,VLO
2018-06-06,123.47000122070312,119.94000244140625,123.0,121.19999694824219,3554200.0,112.9876708984375,VLO
2018-06-07,122.62000274658203,120.80000305175781,121.73999786376953,121.48999786376953,2329400.0,113.25802612304688,VLO
2018-06-08,121.6500015258789,119.20999908447266,121.5199966430664,119.72000122070312,3743600.0,111.60795593261719,VLO
2018-06-11,121.06999969482422,118.4800033569336,119.80999755859375,120.56999969482422,3279200.0,112.4003677368164,VLO
2018-06-12,121.4800033569336,117.58000183105469,120.66999816894531,118.0199966430664,4422600.0,110.02315521240234,VLO
2018-06-13,118.66000366210938,115.5999984741211,117.94000244140625,117.87999725341797,5546200.0,109.89263916015625,VLO
2018-06-14,119.19000244140625,116.69000244140625,118.69999694824219,116.81999969482422,2431400.0,108.90445709228516,VLO
2018-06-15,117.11000061035156,115.01000213623047,115.94999694824219,115.18000030517578,5087200.0,107.37557983398438,VLO
2018-06-18,118.08999633789062,115.0199966430664,115.33000183105469,116.54000091552734,3054900.0,108.64342498779297,VLO
2018-06-19,117.02999877929688,115.02999877929688,115.33000183105469,116.62000274658203,2491200.0,108.71800994873047,VLO
2018-06-20,117.27999877929688,115.30999755859375,116.86000061035156,115.7300033569336,3093100.0,107.88831329345703,VLO
2018-06-21,115.05999755859375,111.04000091552734,115.05999755859375,111.22000122070312,4528700.0,103.68390655517578,VLO
2018-06-22,113.56999969482422,111.70999908447266,113.2699966430664,112.23999786376953,5030800.0,104.6347885131836,VLO
2018-06-25,111.79000091552734,108.58000183105469,111.66999816894531,109.26000213623047,4559500.0,101.8567123413086,VLO
2018-06-26,111.0999984741211,109.4800033569336,109.51000213623047,110.25,3422200.0,102.77963256835938,VLO
2018-06-27,111.93000030517578,109.33000183105469,111.20999908447266,109.5199966430664,3412400.0,102.09909057617188,VLO
2018-06-28,109.62999725341797,107.68000030517578,109.12999725341797,109.11000061035156,2668200.0,101.71687316894531,VLO
2018-06-29,112.80000305175781,110.76000213623047,111.36000061035156,110.83000183105469,3483600.0,103.3203353881836,VLO
2018-07-02,110.22000122070312,108.41000366210938,109.9000015258789,109.2300033569336,3748500.0,101.82875061035156,VLO
2018-07-03,110.52999877929688,107.80000305175781,110.36000061035156,108.16999816894531,2078100.0,100.840576171875,VLO
2018-07-05,109.47000122070312,106.23999786376953,109.16999816894531,107.52999877929688,3400600.0,100.24392700195312,VLO
2018-07-06,108.68000030517578,105.94999694824219,106.77999877929688,107.83000183105469,2461300.0,100.52360534667969,VLO
2018-07-09,109.63999938964844,108.16000366210938,108.30000305175781,109.2699966430664,2726500.0,101.86603546142578,VLO
2018-07-10,110.70999908447266,108.52999877929688,109.7699966430664,108.62000274658203,2648300.0,101.26007843017578,VLO
2018-07-11,108.69999694824219,105.9000015258789,107.91000366210938,106.36000061035156,3512600.0,99.15320587158203,VLO
2018-07-12,107.5999984741211,105.54000091552734,107.0999984741211,106.79000091552734,2992200.0,99.5540771484375,VLO
2018-07-13,107.7300033569336,106.16000366210938,106.62000274658203,107.33999633789062,2500000.0,100.0667953491211,VLO
2018-07-16,108.1500015258789,106.13999938964844,107.27999877929688,106.30000305175781,2548400.0,99.09728240966797,VLO
2018-07-17,107.54000091552734,105.66999816894531,106.19999694824219,106.08999633789062,2590600.0,98.9015121459961,VLO
2018-07-18,107.44000244140625,103.75,105.54000091552734,106.6500015258789,3100500.0,99.42357635498047,VLO
2018-07-19,107.6500015258789,106.72000122070312,106.95999908447266,107.0,2564300.0,99.7498550415039,VLO
2018-07-20,107.33999633789062,105.81999969482422,106.68000030517578,106.20999908447266,2291700.0,99.01338195800781,VLO
2018-07-23,107.20999908447266,105.76000213623047,106.86000061035156,106.27999877929688,2542400.0,99.0786361694336,VLO
2018-07-24,107.4800033569336,106.4000015258789,106.55000305175781,107.2699966430664,3347500.0,100.00154113769531,VLO
2018-07-25,109.36000061035156,107.0199966430664,107.41999816894531,109.33000183105469,3309900.0,101.92195892333984,VLO
2018-07-26,117.33999633789062,109.27999877929688,109.70999908447266,116.83000183105469,5408000.0,108.91378021240234,VLO
2018-07-27,117.69999694824219,115.33999633789062,116.44999694824219,116.3499984741211,3308700.0,108.46630096435547,VLO
2018-07-30,118.16000366210938,116.16999816894531,117.22000122070312,117.26000213623047,2930500.0,109.31463623046875,VLO
2018-07-31,118.73999786376953,117.45999908447266,117.45999908447266,118.3499984741211,4034600.0,110.3307876586914,VLO
2018-08-01,118.19000244140625,115.5199966430664,116.61000061035156,116.77999877929688,3411600.0,108.8671646118164,VLO
2018-08-02,115.94999694824219,114.04000091552734,115.68000030517578,115.33000183105469,2588100.0,107.51541900634766,VLO
2018-08-03,116.33000183105469,113.52999877929688,115.44000244140625,115.37999725341797,2583000.0,107.5620346069336,VLO
2018-08-06,115.16999816894531,113.81999969482422,114.5,114.88999938964844,2401100.0,107.8530502319336,VLO
2018-08-07,117.77999877929688,115.0999984741211,115.30000305175781,116.70999908447266,2606700.0,109.56156921386719,VLO
2018-08-08,116.22000122070312,115.08999633789062,115.63999938964844,115.9000015258789,2009600.0,108.80118560791016,VLO
2018-08-09,116.30000305175781,114.7699966430664,115.91999816894531,115.13999938964844,2175600.0,108.08773040771484,VLO
2018-08-10,115.51000213623047,114.44999694824219,114.61000061035156,115.37000274658203,2059300.0,108.30364990234375,VLO
2018-08-13,116.9000015258789,114.68000030517578,116.13999938964844,114.79000091552734,1875600.0,107.75917053222656,VLO
2018-08-14,116.01000213623047,114.6500015258789,115.43000030517578,115.05000305175781,1440200.0,108.00325012207031,VLO
2018-08-15,114.75,111.16000366210938,114.75,111.5199966430664,3452500.0,104.689453125,VLO
2018-08-16,112.37999725341797,111.19999694824219,111.80000305175781,111.31999969482422,1875800.0,104.501708984375,VLO
2018-08-17,112.1500015258789,110.61000061035156,111.94999694824219,111.0,1791100.0,104.20130920410156,VLO
2018-08-20,114.05000305175781,111.04000091552734,111.33999633789062,113.4000015258789,2072200.0,106.45430755615234,VLO
2018-08-21,115.37999725341797,113.80999755859375,113.9000015258789,114.13999938964844,2021700.0,107.14897918701172,VLO
2018-08-22,116.37000274658203,114.27999877929688,114.37999725341797,115.68000030517578,1670900.0,108.59465026855469,VLO
2018-08-23,118.20999908447266,115.1500015258789,115.45999908447266,118.05999755859375,3151100.0,110.82888793945312,VLO
2018-08-24,121.5999984741211,118.41000366210938,118.44999694824219,120.55000305175781,3448400.0,113.1663818359375,VLO
2018-08-27,121.97000122070312,120.75,121.08000183105469,121.20999908447266,2038100.0,113.78594970703125,VLO
2018-08-28,122.41999816894531,119.81999969482422,121.4000015258789,120.38999938964844,2062600.0,113.01617431640625,VLO
2018-08-29,121.72000122070312,119.52999877929688,120.38999938964844,120.61000061035156,2525900.0,113.22270202636719,VLO
2018-08-30,121.37999725341797,118.27999877929688,121.0,119.05000305175781,2648100.0,111.75824737548828,VLO
2018-08-31,118.62999725341797,116.4800033569336,118.5199966430664,117.87999725341797,3722500.0,110.659912109375,VLO
2018-09-04,121.22000122070312,118.31999969482422,118.36000061035156,120.23999786376953,3372100.0,112.87535858154297,VLO
2018-09-05,119.38999938964844,116.91000366210938,119.23999786376953,116.91000366210938,4506400.0,109.74932098388672,VLO
2018-09-06,118.87999725341797,115.30000305175781,117.33999633789062,116.06999969482422,3406600.0,108.96076965332031,VLO
2018-09-07,115.88999938964844,113.38999938964844,114.83999633789062,115.08000183105469,2498200.0,108.03141021728516,VLO
2018-09-10,116.55000305175781,114.98999786376953,115.6500015258789,115.25,2451800.0,108.19099426269531,VLO
2018-09-11,116.30999755859375,114.23999786376953,114.93000030517578,115.0999984741211,2708100.0,108.05018615722656,VLO
2018-09-12,117.43000030517578,115.87999725341797,116.06999969482422,116.30999755859375,3195200.0,109.18607330322266,VLO
2018-09-13,117.4800033569336,115.80000305175781,116.54000091552734,116.83000183105469,2081500.0,109.67422485351562,VLO
2018-09-14,117.80999755859375,116.69999694824219,116.87999725341797,117.12999725341797,1724500.0,109.95584869384766,VLO
2018-09-17,117.37999725341797,115.20999908447266,117.05000305175781,115.45999908447266,1876000.0,108.38813781738281,VLO
2018-09-18,116.5999984741211,115.30999755859375,115.7699966430664,115.33000183105469,2028300.0,108.26609802246094,VLO
2018-09-19,115.18000030517578,108.6500015258789,115.18000030517578,109.69999694824219,5033500.0,102.98092651367188,VLO
2018-09-20,111.62999725341797,108.0999984741211,110.05999755859375,110.4800033569336,3135600.0,103.71316528320312,VLO
2018-09-21,112.97000122070312,110.12999725341797,110.80999755859375,112.23999786376953,4044500.0,105.3653564453125,VLO
2018-09-24,116.16000366210938,113.08999633789062,113.19000244140625,114.95999908447266,3069900.0,107.91875457763672,VLO
2018-09-25,117.69999694824219,114.94999694824219,115.5999984741211,116.76000213623047,3219300.0,109.60851287841797,VLO
2018-09-26,117.63999938964844,114.62999725341797,116.25,116.5199966430664,2492600.0,109.3832015991211,VLO
2018-09-27,118.52999877929688,114.94000244140625,117.22000122070312,115.29000091552734,2281900.0,108.22855377197266,VLO
2018-09-28,115.77999877929688,113.41000366210938,114.58999633789062,113.75,2787400.0,106.78287506103516,VLO
2018-10-01,115.8499984741211,113.5999984741211,114.58999633789062,113.87999725341797,2404600.0,106.9049072265625,VLO
2018-10-02,115.61000061035156,112.55000305175781,114.2699966430664,115.5199966430664,3240600.0,108.44445037841797,VLO
2018-10-03,120.72000122070312,116.47000122070312,116.47000122070312,119.98999786376953,3683800.0,112.64067840576172,VLO
2018-10-04,119.93000030517578,116.62000274658203,119.56999969482422,117.22000122070312,2214000.0,110.04033660888672,VLO
2018-10-05,118.45999908447266,115.80999755859375,118.19999694824219,117.11000061035156,1834100.0,109.93708038330078,VLO
2018-10-08,117.05000305175781,115.1500015258789,116.56999969482422,116.18000030517578,2722600.0,109.06404113769531,VLO
2018-10-09,117.51000213623047,115.3499984741211,116.18000030517578,115.66000366210938,2400500.0,108.57588195800781,VLO
2018-10-10,116.1500015258789,110.75,116.13999938964844,110.83999633789062,3083000.0,104.05110931396484,VLO
2018-10-11,111.37999725341797,106.31999969482422,109.97000122070312,106.88999938964844,3478600.0,100.3430404663086,VLO
2018-10-12,108.68000030517578,106.54000091552734,107.80000305175781,108.25,3502500.0,101.61973571777344,VLO
2018-10-15,108.4000015258789,103.68000030517578,108.23999786376953,103.79000091552734,3741700.0,97.43292236328125,VLO
2018-10-16,106.19000244140625,103.9800033569336,104.52999877929688,105.91000366210938,2209400.0,99.4230728149414,VLO
2018-10-17,106.0999984741211,103.27999877929688,105.9000015258789,103.73999786376953,3378800.0,97.38597869873047,VLO
2018-10-18,104.8499984741211,101.31999969482422,102.70999908447266,103.38999938964844,4018900.0,97.05741119384766,VLO
2018-10-19,100.29000091552734,92.5,98.16999816894531,92.76000213623047,11818100.0,87.07850646972656,VLO
2018-10-22,93.58000183105469,91.0999984741211,92.54000091552734,92.8499984741211,4663000.0,87.1629867553711,VLO
2018-10-23,92.1500015258789,87.93000030517578,90.81999969482422,91.66000366210938,6303700.0,86.0458755493164,VLO
2018-10-24,92.1500015258789,86.33000183105469,91.55000305175781,86.69000244140625,6376900.0,81.38027954101562,VLO
2018-10-25,89.81999969482422,85.94999694824219,89.02999877929688,87.37999725341797,5189800.0,82.02802276611328,VLO
2018-10-26,87.2300033569336,82.63999938964844,86.02999877929688,85.79000091552734,6921400.0,80.535400390625,VLO
2018-10-29,89.41999816894531,86.16000366210938,86.38999938964844,87.37999725341797,5884300.0,82.02802276611328,VLO
2018-10-30,90.43000030517578,87.66999816894531,87.76000213623047,90.0999984741211,5477000.0,84.5814208984375,VLO
2018-10-31,93.81999969482422,91.0199966430664,91.20999908447266,91.08999633789062,5501700.0,85.51078033447266,VLO
2018-11-01,93.33999633789062,90.30999755859375,92.06999969482422,92.51000213623047,4340900.0,86.84381103515625,VLO
2018-11-02,94.72000122070312,90.91999816894531,93.19999694824219,91.83000183105469,3424200.0,86.2054672241211,VLO
2018-11-05,93.37999725341797,89.87000274658203,92.88999938964844,91.1500015258789,3339200.0,85.56710815429688,VLO
2018-11-06,91.80999755859375,89.91999816894531,91.16000366210938,91.27999877929688,2609500.0,85.68914794921875,VLO
2018-11-07,92.7300033569336,90.05999755859375,92.04000091552734,92.58999633789062,3672900.0,86.91891479492188,VLO
2018-11-08,92.7699966430664,88.05999755859375,92.36000061035156,88.69999694824219,5813300.0,83.26715850830078,VLO
2018-11-09,88.2699966430664,86.4800033569336,87.75,87.58000183105469,4760400.0,82.21576690673828,VLO
2018-11-12,88.2300033569336,85.76000213623047,87.86000061035156,85.97000122070312,3901000.0,80.70437622070312,VLO
2018-11-13,86.02999877929688,83.13999938964844,85.5199966430664,83.56999969482422,4393100.0,78.45138549804688,VLO
2018-11-14,85.01000213623047,81.25,84.3499984741211,82.33999633789062,5663100.0,77.29671478271484,VLO
2018-11-15,83.48999786376953,80.87999725341797,81.58999633789062,83.2699966430664,4288100.0,78.16975402832031,VLO
2018-11-16,84.48999786376953,83.02999877929688,83.38999938964844,83.94999694824219,3448100.0,78.80810546875,VLO
2018-11-19,82.86000061035156,79.52999877929688,82.66999816894531,80.69000244140625,4040800.0,76.4765625,VLO
2018-11-20,80.69999694824219,78.0,79.37999725341797,78.61000061035156,5786600.0,74.50517272949219,VLO
2018-11-21,80.63999938964844,78.48999786376953,78.94000244140625,79.19999694824219,4244000.0,75.06436157226562,VLO
2018-11-23,78.29000091552734,77.0,78.08999633789062,77.02999877929688,2105200.0,73.0076675415039,VLO
2018-11-26,79.7699966430664,77.94000244140625,77.94000244140625,78.77999877929688,4315500.0,74.66629028320312,VLO
2018-11-27,78.98999786376953,77.02999877929688,78.43000030517578,77.43000030517578,4435400.0,73.38678741455078,VLO
2018-11-28,79.55000305175781,76.25,77.83999633789062,79.41999816894531,3914000.0,75.27288055419922,VLO
2018-11-29,80.73999786376953,78.33999633789062,79.20999908447266,79.47000122070312,3701900.0,75.32025909423828,VLO
2018-11-30,80.44999694824219,78.38999938964844,78.97000122070312,79.9000015258789,5685700.0,75.72781372070312,VLO
2018-12-03,83.77999877929688,79.52999877929688,82.26000213623047,81.30000305175781,6462800.0,77.0547103881836,VLO
2018-12-04,82.70999908447266,79.25,81.75,79.51000213623047,6217800.0,75.3581771850586,VLO
2018-12-06,78.9800033569336,76.83000183105469,78.01000213623047,78.83999633789062,4711100.0,74.72315979003906,VLO
2018-12-07,80.45999908447266,75.55000305175781,79.9000015258789,75.98999786376953,4669500.0,72.02198028564453,VLO
2018-12-10,75.27999877929688,71.4800033569336,75.0199966430664,73.37999725341797,7407500.0,69.54827117919922,VLO
2018-12-11,75.31999969482422,72.55999755859375,73.75,73.2699966430664,4749400.0,69.44401550292969,VLO
2018-12-12,74.87999725341797,73.33000183105469,74.44000244140625,73.63999938964844,4089000.0,69.79468536376953,VLO
2018-12-13,74.56999969482422,73.0199966430664,73.93000030517578,73.45999908447266,4508700.0,69.62409210205078,VLO
2018-12-14,75.33999633789062,72.9800033569336,73.4000015258789,73.30000305175781,5021300.0,69.47245025634766,VLO
2018-12-17,74.1500015258789,71.25,72.91999816894531,72.58000183105469,4508400.0,68.79004669189453,VLO
2018-12-18,73.3499984741211,70.66999816894531,72.55000305175781,71.05999755859375,4295800.0,67.34940338134766,VLO
2018-12-19,73.98999786376953,70.23999786376953,71.66000366210938,70.9800033569336,4913100.0,67.27360534667969,VLO
2018-12-20,72.51000213623047,70.01000213623047,70.08999633789062,70.61000061035156,6304500.0,66.92291259765625,VLO
2018-12-21,72.48999786376953,70.16000366210938,70.2699966430664,71.63999938964844,7720400.0,67.89912414550781,VLO
2018-12-24,71.44000244140625,68.91000366210938,71.25,68.94000244140625,3265100.0,65.34012603759766,VLO
2018-12-26,73.48999786376953,68.80999755859375,69.29000091552734,73.30999755859375,5828300.0,69.48192596435547,VLO
2018-12-27,74.62999725341797,71.7300033569336,72.04000091552734,74.62999725341797,4872800.0,70.73298645019531,VLO
2018-12-28,75.4000015258789,72.55000305175781,74.86000061035156,73.4800033569336,4265700.0,69.64305114746094,VLO
2018-12-31,75.22000122070312,73.70999908447266,73.80999755859375,74.97000122070312,3817800.0,71.05524444580078,VLO
2019-01-02,76.1500015258789,73.16999816894531,73.81999969482422,75.55999755859375,4271900.0,71.61442565917969,VLO
2019-01-03,76.16000366210938,72.94999694824219,75.94000244140625,74.19999694824219,3300800.0,70.32545471191406,VLO
2019-01-04,77.2699966430664,74.5999984741211,75.43000030517578,77.01000213623047,4364500.0,72.98872375488281,VLO
2019-01-07,78.33999633789062,76.01000213623047,77.0,77.08999633789062,3833600.0,73.06453704833984,VLO
2019-01-08,78.33000183105469,76.55000305175781,77.91000366210938,77.36000061035156,3087700.0,73.32044982910156,VLO
2019-01-09,78.38999938964844,75.80000305175781,77.73999786376953,77.29000091552734,4280200.0,73.25409698486328,VLO
2019-01-10,78.06999969482422,76.31999969482422,77.47000122070312,77.41999816894531,3818500.0,73.37730407714844,VLO
2019-01-11,79.05999755859375,76.9000015258789,77.0199966430664,78.47000122070312,3607300.0,74.37248992919922,VLO
2019-01-14,79.19999694824219,77.25,77.75,78.94999694824219,4496100.0,74.82740783691406,VLO
2019-01-15,79.41999816894531,77.88999938964844,79.33999633789062,78.7699966430664,3341400.0,74.65680694580078,VLO
2019-01-16,79.33000183105469,78.0999984741211,78.54000091552734,79.0,3957500.0,74.87480163574219,VLO
2019-01-17,80.79000091552734,78.37000274658203,78.45999908447266,80.48999786376953,4056000.0,76.28699493408203,VLO
2019-01-18,83.0,80.47000122070312,82.97000122070312,82.58999633789062,5110700.0,78.27734375,VLO
2019-01-22,83.31999969482422,80.94999694824219,82.2300033569336,82.01000213623047,7603000.0,77.72762298583984,VLO
2019-01-23,82.45999908447266,79.44000244140625,81.94000244140625,79.77999877929688,4507500.0,75.61407470703125,VLO
2019-01-24,80.12999725341797,78.19999694824219,79.33999633789062,78.94999694824219,5093700.0,74.82740783691406,VLO
2019-01-25,82.9000015258789,79.69999694824219,80.12999725341797,82.19000244140625,6462100.0,77.89823150634766,VLO
2019-01-28,81.62000274658203,80.2300033569336,81.12999725341797,81.02999877929688,3662000.0,76.79879760742188,VLO
2019-01-29,81.51000213623047,80.01000213623047,80.7699966430664,81.13999938964844,3949600.0,76.90306091308594,VLO
2019-01-30,83.61000061035156,81.23999786376953,81.72000122070312,83.27999877929688,4688900.0,78.93132019042969,VLO
2019-01-31,88.36000061035156,84.30000305175781,87.98999786376953,87.81999969482422,8796700.0,83.2342529296875,VLO
2019-02-01,88.20999908447266,84.5999984741211,88.0,85.26000213623047,5136100.0,80.80792999267578,VLO
2019-02-04,85.55000305175781,83.80999755859375,85.0,84.79000091552734,4448500.0,80.36246490478516,VLO
2019-02-05,86.11000061035156,84.4000015258789,84.7300033569336,85.95999908447266,3918400.0,81.47137451171875,VLO
2019-02-06,86.61000061035156,85.11000061035156,85.75,85.91999816894531,2783900.0,81.43345642089844,VLO
2019-02-07,86.62000274658203,83.55999755859375,85.73999786376953,83.91000366210938,3114700.0,79.5284194946289,VLO
2019-02-08,84.41999816894531,82.12999725341797,83.52999877929688,84.13999938964844,4126500.0,79.74640655517578,VLO
2019-02-11,84.62999725341797,83.26000213623047,84.02999877929688,83.33999633789062,3446600.0,78.9881820678711,VLO
2019-02-12,83.44000244140625,82.13999938964844,83.37000274658203,82.33000183105469,3083300.0,78.8827896118164,VLO
2019-02-13,83.7300033569336,82.5,82.51000213623047,83.45999908447266,2725000.0,79.9654769897461,VLO
2019-02-14,83.95999908447266,82.44999694824219,83.25,83.61000061035156,2810600.0,80.10919189453125,VLO
2019-02-15,85.12999725341797,84.05999755859375,84.38999938964844,84.4000015258789,3929800.0,80.86611938476562,VLO
2019-02-19,84.9800033569336,83.80999755859375,84.0999984741211,84.79000091552734,2031200.0,81.23978424072266,VLO
2019-02-20,86.18000030517578,84.5999984741211,84.75,85.43000030517578,3951500.0,81.85298919677734,VLO
2019-02-21,86.36000061035156,84.36000061035156,85.44999694824219,84.4800033569336,3207800.0,80.9427719116211,VLO
2019-02-22,86.08000183105469,84.55000305175781,85.13999938964844,85.31999969482422,3158100.0,81.74758911132812,VLO
2019-02-25,85.66000366210938,84.86000061035156,85.0999984741211,84.9800033569336,2033700.0,81.42182922363281,VLO
2019-02-26,85.75,84.37999725341797,85.0,84.41000366210938,2146300.0,80.87569427490234,VLO
2019-02-27,84.61000061035156,82.91000366210938,84.5,83.08999633789062,3009700.0,79.61095428466797,VLO
2019-02-28,83.30000305175781,81.52999877929688,83.08999633789062,81.55999755859375,3608400.0,78.14501953125,VLO
2019-03-01,82.97000122070312,81.94999694824219,82.12000274658203,82.88999938964844,3102700.0,79.41934204101562,VLO
2019-03-04,83.66999816894531,80.91000366210938,83.66000366210938,82.52999877929688,3688500.0,79.07440948486328,VLO
2019-03-05,82.5,80.5199966430664,82.5,81.1500015258789,3934800.0,77.752197265625,VLO
2019-03-06,82.01000213623047,80.75,81.11000061035156,81.3499984741211,3444400.0,77.94381713867188,VLO
2019-03-07,81.69000244140625,80.3499984741211,81.43000030517578,80.58999633789062,3145900.0,77.21562957763672,VLO
2019-03-08,79.97000122070312,78.55000305175781,79.75,79.75,4089100.0,76.41080474853516,VLO
2019-03-11,83.55999755859375,80.16999816894531,80.44000244140625,83.4800033569336,4375500.0,79.98463439941406,VLO
2019-03-12,85.08000183105469,82.76000213623047,83.37999725341797,83.8499984741211,5009900.0,80.33914947509766,VLO
2019-03-13,84.56999969482422,83.47000122070312,84.11000061035156,84.22000122070312,4275800.0,80.69365692138672,VLO
2019-03-14,84.95999908447266,83.81999969482422,84.11000061035156,84.94000244140625,3546000.0,81.38351440429688,VLO
2019-03-15,86.2300033569336,84.6500015258789,84.87999725341797,85.08000183105469,5656800.0,81.51763916015625,VLO
2019-03-18,86.8499984741211,85.30000305175781,85.3499984741211,86.75,3471800.0,83.11772155761719,VLO
2019-03-19,87.94999694824219,86.20999908447266,87.2699966430664,86.43000030517578,2946100.0,82.81111145019531,VLO
2019-03-20,87.02999877929688,85.33000183105469,86.04000091552734,86.44000244140625,3921800.0,82.8207015991211,VLO
2019-03-21,87.63999938964844,86.22000122070312,86.48999786376953,86.37999725341797,2335900.0,82.7632064819336,VLO
2019-03-22,86.13999938964844,83.47000122070312,85.58999633789062,84.62999725341797,2877700.0,81.08647918701172,VLO
2019-03-25,85.58999633789062,84.05999755859375,84.5,85.4800033569336,2602700.0,81.90089416503906,VLO
2019-03-26,87.3499984741211,85.87999725341797,85.94999694824219,87.0,3233500.0,83.35725402832031,VLO
2019-03-27,87.55999755859375,85.61000061035156,86.44999694824219,86.0199966430664,3460300.0,82.41828155517578,VLO
2019-03-28,86.05000305175781,84.22000122070312,85.55999755859375,84.83000183105469,2812800.0,81.27810668945312,VLO
2019-03-29,85.73999786376953,83.88999938964844,85.5999984741211,84.83000183105469,3208400.0,81.27810668945312,VLO
2019-04-01,86.83999633789062,85.43000030517578,85.87000274658203,86.43000030517578,2919100.0,82.81111145019531,VLO
2019-04-02,86.23999786376953,84.41999816894531,86.23999786376953,84.44999694824219,2924700.0,80.91402435302734,VLO
2019-04-03,86.0199966430664,83.8499984741211,85.11000061035156,84.26000213623047,2983200.0,80.73197937011719,VLO
2019-04-04,84.62999725341797,83.04000091552734,84.26000213623047,84.3499984741211,3267700.0,80.81819915771484,VLO
2019-04-05,86.7300033569336,84.23999786376953,84.45999908447266,86.69000244140625,2966700.0,83.06023406982422,VLO
2019-04-08,87.33999633789062,86.02999877929688,86.88999938964844,86.19999694824219,2141200.0,82.59074401855469,VLO
2019-04-09,86.02999877929688,84.7699966430664,86.02999877929688,85.11000061035156,2419400.0,81.54639434814453,VLO
2019-04-10,88.93000030517578,85.58000183105469,85.80999755859375,88.43000030517578,5232400.0,84.72737121582031,VLO
2019-04-11,90.44000244140625,88.12999725341797,88.4800033569336,89.04000091552734,3682100.0,85.31182861328125,VLO
2019-04-12,90.12999725341797,87.88999938964844,89.77999877929688,88.41000366210938,4003200.0,84.70821380615234,VLO
2019-04-15,88.41000366210938,86.62000274658203,88.4000015258789,87.6500015258789,2824600.0,83.98003387451172,VLO
2019-04-16,88.58000183105469,86.95999908447266,87.69999694824219,88.31999969482422,2507300.0,84.62197875976562,VLO
2019-04-17,90.06999969482422,88.69000244140625,88.91000366210938,89.41999816894531,3209300.0,85.6759262084961,VLO
2019-04-18,89.70999908447266,87.80999755859375,89.44000244140625,88.04000091552734,2670000.0,84.35370635986328,VLO
2019-04-22,91.36000061035156,88.51000213623047,88.58000183105469,91.1500015258789,3063000.0,87.33348846435547,VLO
2019-04-23,91.5199966430664,89.72000122070312,91.43000030517578,90.27999877929688,4232500.0,86.49992370605469,VLO
2019-04-24,90.43000030517578,87.61000061035156,90.43000030517578,87.7300033569336,5046400.0,84.05668640136719,VLO
2019-04-25,92.69999694824219,87.6500015258789,87.75,90.83000183105469,6312000.0,87.02688598632812,VLO
2019-04-26,90.63999938964844,89.01000213623047,90.27999877929688,90.08000183105469,3008000.0,86.30828857421875,VLO
2019-04-29,90.41999816894531,89.12000274658203,90.19999694824219,89.5999984741211,2661700.0,85.848388671875,VLO
2019-04-30,91.37999725341797,89.73999786376953,89.76000213623047,90.66000366210938,3049000.0,86.86400604248047,VLO
2019-05-01,91.83000183105469,89.7300033569336,90.97000122070312,89.7699966430664,3881300.0,86.01126098632812,VLO
2019-05-02,90.75,87.63999938964844,89.75,88.25,5084700.0,84.5549087524414,VLO
2019-05-03,89.66000366210938,88.25,89.1500015258789,88.44000244140625,2994400.0,84.7369613647461,VLO
2019-05-06,87.44999694824219,85.66000366210938,87.44999694824219,86.38999938964844,4741700.0,82.77278900146484,VLO
2019-05-07,85.51000213623047,82.6500015258789,85.51000213623047,84.36000061035156,6014900.0,80.82778930664062,VLO
2019-05-08,84.91000366210938,82.08999633789062,83.62999725341797,82.4000015258789,4850800.0,78.94986724853516,VLO
2019-05-09,82.30000305175781,78.79000091552734,81.76000213623047,81.73999786376953,6661900.0,78.3174819946289,VLO
2019-05-10,84.08999633789062,81.33000183105469,81.91000366210938,83.7300033569336,4484100.0,80.22417449951172,VLO
2019-05-13,83.61000061035156,80.7300033569336,82.55000305175781,81.41000366210938,3943400.0,78.00131225585938,VLO
2019-05-14,83.33999633789062,81.30999755859375,81.30999755859375,82.95999908447266,3389300.0,80.37496185302734,VLO
2019-05-15,83.4800033569336,81.63999938964844,82.54000091552734,83.37000274658203,2589500.0,80.77220153808594,VLO
2019-05-16,85.5999984741211,83.76000213623047,83.80999755859375,85.47000122070312,3282900.0,82.80675506591797,VLO
2019-05-17,85.30999755859375,83.68000030517578,84.37999725341797,83.70999908447266,2553600.0,81.10160064697266,VLO
2019-05-20,83.62000274658203,81.9000015258789,83.22000122070312,82.08000183105469,2774100.0,79.52239227294922,VLO
2019-05-21,82.98999786376953,82.19000244140625,82.52999877929688,82.47000122070312,3115800.0,79.90023803710938,VLO
2019-05-22,82.47000122070312,79.94000244140625,82.16999816894531,80.3499984741211,2942200.0,77.84629821777344,VLO
2019-05-23,78.88999938964844,75.16999816894531,78.88999938964844,75.41000366210938,6237700.0,73.06022644042969,VLO
2019-05-24,76.94000244140625,75.36000061035156,75.93000030517578,76.22000122070312,3385600.0,73.84497833251953,VLO
2019-05-28,77.16000366210938,75.04000091552734,76.6500015258789,75.08999633789062,3709000.0,72.75019836425781,VLO
2019-05-29,75.4000015258789,73.63999938964844,74.0199966430664,74.86000061035156,3054100.0,72.5273666381836,VLO
2019-05-30,74.7300033569336,72.0,74.55999755859375,72.87000274658203,5119600.0,70.59938049316406,VLO
2019-05-31,71.4800033569336,69.44000244140625,71.0199966430664,70.4000015258789,5670700.0,68.20633697509766,VLO
2019-06-03,72.66000366210938,70.66000366210938,70.70999908447266,72.0,3760600.0,69.75647735595703,VLO
2019-06-04,73.95999908447266,72.25,72.5,73.8499984741211,3135000.0,71.548828125,VLO
2019-06-05,74.44999694824219,72.16999816894531,74.38999938964844,73.13999938964844,3245400.0,70.8609619140625,VLO
2019-06-06,74.86000061035156,72.80000305175781,74.05000305175781,74.47000122070312,3767900.0,72.14952087402344,VLO
2019-06-07,75.19999694824219,74.06999969482422,74.44999694824219,74.7300033569336,2847200.0,72.40141296386719,VLO
2019-06-10,77.4000015258789,75.55999755859375,75.58000183105469,75.86000061035156,3136300.0,73.49620819091797,VLO
2019-06-11,77.33000183105469,76.31999969482422,76.62000274658203,76.36000061035156,2483300.0,73.98062133789062,VLO
2019-06-12,76.83999633789062,75.2699966430664,76.18000030517578,76.5,2569200.0,74.11626434326172,VLO
2019-06-13,78.06999969482422,76.47000122070312,77.4800033569336,77.26000213623047,2819600.0,74.85257720947266,VLO
2019-06-14,77.22000122070312,75.97000122070312,76.93000030517578,76.76000213623047,2084200.0,74.36815643310547,VLO
2019-06-17,77.75,76.33000183105469,76.47000122070312,76.93000030517578,2470100.0,74.5328598022461,VLO
2019-06-18,78.87000274658203,77.44999694824219,77.5999984741211,77.80000305175781,2759600.0,75.3757553100586,VLO
2019-06-19,79.0999984741211,77.47000122070312,77.91000366210938,78.16000366210938,2316400.0,75.72454071044922,VLO
2019-06-20,80.6500015258789,79.30999755859375,79.43000030517578,79.75,3011800.0,77.26498413085938,VLO
2019-06-21,81.94000244140625,80.16999816894531,80.47000122070312,81.91000366210938,6568500.0,79.35769653320312,VLO
2019-06-24,82.12000274658203,80.51000213623047,81.58999633789062,80.76000213623047,2558000.0,78.24352264404297,VLO
2019-06-25,81.97000122070312,80.19000244140625,80.5,81.62999725341797,3278500.0,79.08641052246094,VLO
2019-06-26,85.72000122070312,82.0999984741211,82.12999725341797,84.93000030517578,5154200.0,82.28358459472656,VLO
2019-06-27,85.0,83.58000183105469,85.0,83.93000030517578,2408500.0,81.31474304199219,VLO
2019-06-28,85.7699966430664,84.0,84.05999755859375,85.61000061035156,3248200.0,82.94239044189453,VLO
2019-07-01,87.23999786376953,83.79000091552734,86.83999633789062,84.25,4558900.0,81.62476348876953,VLO
2019-07-02,83.75,79.73999786376953,83.75,80.69999694824219,7182100.0,78.18538665771484,VLO
2019-07-03,82.4800033569336,80.62000274658203,80.83000183105469,81.9800033569336,2307400.0,79.42550659179688,VLO
2019-07-05,82.0999984741211,81.25,81.76000213623047,81.83999633789062,1653400.0,79.28985595703125,VLO
2019-07-08,81.9800033569336,80.75,81.72000122070312,81.36000061035156,2320500.0,78.82482147216797,VLO
2019-07-09,82.7300033569336,80.87999725341797,80.98999786376953,82.23999786376953,2654600.0,79.67739868164062,VLO
2019-07-10,83.66000366210938,82.16000366210938,83.19999694824219,83.4000015258789,2976800.0,80.80125427246094,VLO
2019-07-11,84.93000030517578,83.56999969482422,83.94000244140625,84.43000030517578,2782400.0,81.79916381835938,VLO
2019-07-12,85.25,84.06999969482422,84.55000305175781,84.75,1769500.0,82.10919189453125,VLO
2019-07-15,84.83000183105469,83.05000305175781,84.54000091552734,84.31999969482422,2513500.0,81.69258880615234,VLO
2019-07-16,84.91999816894531,83.62000274658203,84.25,84.20999908447266,1772900.0,81.58601379394531,VLO
2019-07-17,84.44999694824219,82.33999633789062,84.08000183105469,83.23999786376953,2954900.0,80.646240234375,VLO
2019-07-18,83.44999694824219,81.9800033569336,82.61000061035156,83.3499984741211,2060100.0,80.7528076171875,VLO
2019-07-19,84.22000122070312,83.27999877929688,83.48999786376953,83.6500015258789,1903100.0,81.04346466064453,VLO
2019-07-22,84.94000244140625,83.3499984741211,84.30999755859375,84.3499984741211,2346700.0,81.72164916992188,VLO
2019-07-23,85.30000305175781,84.0999984741211,84.43000030517578,84.7699966430664,2902200.0,82.1285629272461,VLO
2019-07-24,86.58999633789062,84.0999984741211,84.55999755859375,86.16999816894531,4002300.0,83.48494720458984,VLO
2019-07-25,86.44999694824219,82.16000366210938,86.18000030517578,83.44999694824219,5248400.0,80.84969329833984,VLO
2019-07-26,85.0,83.08000183105469,83.20999908447266,84.30999755859375,2712500.0,81.68289947509766,VLO
2019-07-29,84.80999755859375,83.25,84.06999969482422,84.02999877929688,2013600.0,81.41162109375,VLO
2019-07-30,84.80000305175781,82.9000015258789,83.5,84.79000091552734,2589800.0,82.14794158935547,VLO
2019-07-31,86.5,84.44999694824219,84.72000122070312,85.25,3217900.0,82.59361267089844,VLO
2019-08-01,86.52999877929688,83.66000366210938,85.20999908447266,84.33999633789062,4233900.0,81.71196746826172,VLO
2019-08-02,83.91000366210938,81.01000213623047,83.5,82.06999969482422,3289900.0,79.5126953125,VLO
2019-08-05,79.6500015258789,75.08000183105469,79.63999938964844,75.77999877929688,5976300.0,74.23274230957031,VLO
2019-08-06,77.55000305175781,75.83999633789062,76.7699966430664,76.83999633789062,3328300.0,75.27111053466797,VLO
2019-08-07,76.12999725341797,74.20999908447266,75.61000061035156,75.80999755859375,4100500.0,74.26213836669922,VLO
2019-08-08,78.83000183105469,76.12999725341797,76.2300033569336,78.76000213623047,3474200.0,77.15190124511719,VLO
2019-08-09,79.56999969482422,78.23999786376953,78.52999877929688,78.8499984741211,3789700.0,77.24006652832031,VLO
2019-08-12,78.91000366210938,76.6500015258789,78.0199966430664,77.1500015258789,2541600.0,75.57478332519531,VLO
2019-08-13,79.26000213623047,76.33999633789062,77.30999755859375,78.73999786376953,3099000.0,77.13230895996094,VLO
2019-08-14,77.97000122070312,75.97000122070312,77.05000305175781,76.0,3912400.0,74.44825744628906,VLO
2019-08-15,77.05000305175781,75.5199966430664,76.23999786376953,76.72000122070312,3082200.0,75.15355682373047,VLO
2019-08-16,78.41999816894531,77.19000244140625,77.54000091552734,78.12000274658203,2697500.0,76.52497863769531,VLO
2019-08-19,80.44000244140625,79.08000183105469,79.19999694824219,79.69999694824219,2835300.0,78.07270812988281,VLO
2019-08-20,79.62999725341797,77.94000244140625,79.45999908447266,78.01000213623047,2572600.0,76.41722106933594,VLO
2019-08-21,79.2699966430664,77.7300033569336,79.2699966430664,78.4000015258789,2409400.0,76.79925537109375,VLO
2019-08-22,79.02999877929688,77.36000061035156,78.5199966430664,77.41999816894531,2307600.0,75.8392562866211,VLO
2019-08-23,77.69000244140625,73.77999877929688,76.79000091552734,74.18000030517578,3508000.0,72.66541290283203,VLO
2019-08-26,75.30000305175781,73.5199966430664,74.72000122070312,73.70999908447266,2912900.0,72.20501708984375,VLO
2019-08-27,74.43000030517578,71.38999938964844,74.0999984741211,71.70999908447266,3700300.0,70.245849609375,VLO
2019-08-28,73.58000183105469,71.0,71.5999984741211,72.76000213623047,2125800.0,71.2744140625,VLO
2019-08-29,75.38999938964844,73.0,73.05999755859375,75.23999786376953,2660000.0,73.70376586914062,VLO
2019-08-30,76.58000183105469,75.11000061035156,75.55000305175781,75.27999877929688,2467600.0,73.74295806884766,VLO
2019-09-03,74.83000183105469,73.23999786376953,73.9000015258789,74.56999969482422,2388900.0,73.04745483398438,VLO
2019-09-04,75.48999786376953,74.08999633789062,75.45999908447266,74.77999877929688,2579100.0,73.25316619873047,VLO
2019-09-05,77.25,75.12000274658203,75.55000305175781,76.79000091552734,4630500.0,75.22212982177734,VLO
2019-09-06,78.69000244140625,76.4800033569336,77.16999816894531,78.12999725341797,3036800.0,76.5347671508789,VLO
2019-09-09,80.19000244140625,78.41999816894531,78.69999694824219,79.37999725341797,2757000.0,77.75923919677734,VLO
2019-09-10,81.91000366210938,79.43000030517578,79.4800033569336,81.68000030517578,3634500.0,80.01229095458984,VLO
2019-09-11,83.25,81.12000274658203,82.11000061035156,82.66999816894531,3421700.0,80.98207092285156,VLO
2019-09-12,84.48999786376953,81.12000274658203,81.66999816894531,83.69999694824219,3848000.0,81.99103546142578,VLO
2019-09-13,85.70999908447266,83.91999816894531,84.3499984741211,85.52999877929688,4410300.0,83.78367614746094,VLO
2019-09-16,82.58000183105469,79.27999877929688,82.01000213623047,82.38999938964844,9945800.0,80.7077865600586,VLO
2019-09-17,85.0,81.51000213623047,81.91999816894531,84.30999755859375,4537900.0,82.58858489990234,VLO
2019-09-18,84.44000244140625,82.62999725341797,84.31999969482422,83.5999984741211,2458800.0,81.89308166503906,VLO
2019-09-19,84.69999694824219,83.33000183105469,84.31999969482422,83.55000305175781,2432900.0,81.84410858154297,VLO
2019-09-20,84.13999938964844,82.75,83.61000061035156,82.8499984741211,3807400.0,81.15839385986328,VLO
2019-09-23,84.55000305175781,82.37000274658203,82.37000274658203,84.13999938964844,2005100.0,82.42205047607422,VLO
2019-09-24,84.05999755859375,82.2699966430664,83.9800033569336,83.0999984741211,2846100.0,81.40328979492188,VLO
2019-09-25,84.11000061035156,82.61000061035156,83.43000030517578,83.66000366210938,2541200.0,81.95185852050781,VLO
2019-09-26,83.5199966430664,81.66000366210938,83.25,83.12000274658203,2884900.0,81.42288208007812,VLO
2019-09-27,85.05999755859375,83.5,83.80000305175781,84.44000244140625,2861400.0,82.71593475341797,VLO
2019-09-30,86.0,84.3499984741211,84.66999816894531,85.23999786376953,2899600.0,83.49959564208984,VLO
2019-10-01,85.9800033569336,84.44999694824219,85.63999938964844,85.22000122070312,3193700.0,83.4800033569336,VLO
2019-10-02,84.4000015258789,82.2699966430664,84.4000015258789,82.80000305175781,2785300.0,81.10942077636719,VLO
2019-10-03,83.56999969482422,81.30000305175781,82.29000091552734,83.54000091552734,2430500.0,81.83431243896484,VLO
2019-10-04,84.70999908447266,83.44999694824219,83.91999816894531,84.5199966430664,2066600.0,82.79429626464844,VLO
2019-10-07,84.7300033569336,83.41999816894531,84.7300033569336,83.41999816894531,1994200.0,81.71675872802734,VLO
2019-10-08,84.33999633789062,82.26000213623047,82.72000122070312,83.31999969482422,2900800.0,81.6187973022461,VLO
2019-10-09,86.12999725341797,83.91999816894531,84.5,85.06999969482422,2781400.0,83.33306884765625,VLO
2019-10-10,86.16000366210938,84.87999725341797,85.0999984741211,85.80000305175781,2477400.0,84.04816436767578,VLO
2019-10-11,88.83000183105469,86.83999633789062,87.18000030517578,88.0,3118200.0,86.2032470703125,VLO
2019-10-14,89.0,87.25,87.54000091552734,88.52999877929688,1372200.0,86.72242736816406,VLO
2019-10-15,90.36000061035156,87.83000183105469,88.2699966430664,89.44999694824219,2197400.0,87.6236343383789,VLO
2019-10-16,90.27999877929688,88.66999816894531,89.08000183105469,89.08999633789062,2267300.0,87.27098846435547,VLO
2019-10-17,90.77999877929688,89.44999694824219,89.62000274658203,90.0999984741211,2545300.0,88.26036834716797,VLO
2019-10-18,91.66000366210938,89.62000274658203,89.9000015258789,91.05999755859375,3796200.0,89.20076751708984,VLO
2019-10-21,93.5,91.58999633789062,92.0199966430664,93.20999908447266,3227700.0,91.30686950683594,VLO
2019-10-22,94.58999633789062,92.73999786376953,93.54000091552734,94.16999816894531,3087300.0,92.24726867675781,VLO
2019-10-23,94.66000366210938,93.23999786376953,93.5999984741211,93.8499984741211,3534600.0,91.93379974365234,VLO
2019-10-24,97.4000015258789,95.1500015258789,95.30000305175781,96.91000366210938,4566300.0,94.93132781982422,VLO
2019-10-25,99.83999633789062,96.98999786376953,98.0,99.2699966430664,3899000.0,97.2431411743164,VLO
2019-10-28,100.81999969482422,99.62999725341797,99.75,100.06999969482422,3941500.0,98.02680969238281,VLO
2019-10-29,101.44000244140625,99.20999908447266,99.62999725341797,100.81999969482422,3259300.0,98.76148986816406,VLO
2019-10-30,100.5,97.79000091552734,100.37999725341797,98.80999755859375,4186900.0,96.79252624511719,VLO
2019-10-31,98.98999786376953,96.12999725341797,98.56999969482422,96.9800033569336,4396000.0,94.9999008178711,VLO
2019-11-01,99.91999816894531,97.5,97.80000305175781,99.86000061035156,2841700.0,97.82109069824219,VLO
2019-11-04,101.83000183105469,100.23999786376953,100.5999984741211,101.23999786376953,2482500.0,99.17291259765625,VLO
2019-11-05,101.98999786376953,99.94999694824219,101.62999725341797,101.08999633789062,3286200.0,99.0259780883789,VLO
2019-11-06,101.29000091552734,99.66000366210938,100.63999938964844,100.3499984741211,2529800.0,98.30108642578125,VLO
2019-11-07,101.6500015258789,100.25,100.86000061035156,101.4000015258789,3220800.0,99.32965087890625,VLO
2019-11-08,101.20999908447266,99.61000061035156,101.04000091552734,100.86000061035156,2678400.0,98.80067443847656,VLO
2019-11-11,101.20999908447266,99.33999633789062,99.95999908447266,100.68000030517578,1901400.0,98.62435150146484,VLO
2019-11-12,101.87000274658203,100.0,101.08000183105469,100.4800033569336,1928200.0,98.42843627929688,VLO
2019-11-13,100.7300033569336,99.13999938964844,99.47000122070312,100.25,1887200.0,98.20313262939453,VLO
2019-11-14,101.05999755859375,99.76000213623047,99.87000274658203,100.81999969482422,2288100.0,98.76148986816406,VLO
2019-11-15,101.19999694824219,99.54000091552734,101.0,100.61000061035156,2487600.0,98.55577850341797,VLO
2019-11-18,101.11000061035156,99.88999938964844,100.25,101.05999755859375,2938000.0,98.99658966064453,VLO
2019-11-19,100.16000366210938,97.19000244140625,100.05999755859375,97.62000274658203,3641300.0,96.48609924316406,VLO
2019-11-20,97.69999694824219,94.7699966430664,97.66999816894531,97.19000244140625,4590000.0,96.06108856201172,VLO
2019-11-21,98.8499984741211,97.2699966430664,97.56999969482422,98.41000366210938,3127700.0,97.26692199707031,VLO
2019-11-22,99.72000122070312,97.3499984741211,99.05000305175781,97.51000213623047,2877500.0,96.37737274169922,VLO
2019-11-25,98.16999816894531,96.95999908447266,97.77999877929688,97.3499984741211,3027400.0,96.21923065185547,VLO
2019-11-26,98.41999816894531,97.08999633789062,97.94999694824219,97.44000244140625,4971000.0,96.30818939208984,VLO
2019-11-27,98.0,96.68000030517578,97.58999633789062,97.0999984741211,3016700.0,95.97212982177734,VLO
2019-11-29,96.94000244140625,95.37999725341797,96.83999633789062,95.48999786376953,1716800.0,94.38082885742188,VLO
2019-12-02,97.08000183105469,95.5199966430664,95.83999633789062,95.5999984741211,3172900.0,94.48955535888672,VLO
2019-12-03,94.9000015258789,93.75,94.83999633789062,93.88999938964844,3345700.0,92.7994155883789,VLO
2019-12-04,94.94999694824219,92.93000030517578,94.94999694824219,93.20999908447266,3898000.0,92.1273193359375,VLO
2019-12-05,93.4800033569336,91.94000244140625,93.16000366210938,92.98999786376953,3136100.0,91.90987396240234,VLO
2019-12-06,94.94000244140625,93.38999938964844,93.93000030517578,93.61000061035156,3825100.0,92.52267456054688,VLO
2019-12-09,93.62000274658203,92.2699966430664,93.3499984741211,92.5199966430664,3172400.0,91.44532775878906,VLO
2019-12-10,94.63999938964844,92.33000183105469,92.70999908447266,94.56999969482422,2858300.0,93.47151947021484,VLO
2019-12-11,94.98999786376953,92.30999755859375,94.83000183105469,92.88999938964844,3049700.0,91.81103515625,VLO
2019-12-12,94.7699966430664,92.91999816894531,93.16000366210938,94.52999877929688,2495400.0,93.4319839477539,VLO
2019-12-13,95.80999755859375,93.23999786376953,94.58999633789062,93.80999755859375,2456400.0,92.72034454345703,VLO
2019-12-16,96.18000030517578,93.69999694824219,94.4800033569336,95.13999938964844,3878000.0,94.03489685058594,VLO
2019-12-17,97.20999908447266,95.30000305175781,96.16999816894531,95.68000030517578,2971900.0,94.5686264038086,VLO
2019-12-18,95.6500015258789,93.97000122070312,95.5,94.51000213623047,4334300.0,93.41221618652344,VLO
2019-12-19,95.38999938964844,94.20999908447266,94.88999938964844,94.58999633789062,2782300.0,93.49128723144531,VLO
2019-12-20,95.98999786376953,94.37999725341797,95.23999786376953,95.2699966430664,4801600.0,94.16338348388672,VLO
2019-12-23,95.44999694824219,94.5,95.30000305175781,95.23999786376953,1910300.0,94.13373565673828,VLO
2019-12-24,95.66000366210938,94.69000244140625,95.16000366210938,95.0999984741211,559800.0,93.995361328125,VLO
2019-12-26,95.37999725341797,94.18000030517578,95.23999786376953,94.41999816894531,1205800.0,93.3232650756836,VLO
2019-12-27,94.8499984741211,93.12000274658203,94.77999877929688,93.19999694824219,1752400.0,92.117431640625,VLO
2019-12-30,93.83999633789062,92.73999786376953,93.01000213623047,92.87999725341797,2186800.0,91.8011474609375,VLO
2019-12-31,93.80000305175781,92.73999786376953,92.94999694824219,93.6500015258789,1582000.0,92.56221008300781,VLO
